Loading merged.csv ...
Training years used: [2020, 2021, 2022, 2023]

==================================================
  Experiment: Withholding m=0 stations
==================================================
  Running 1 iterations for m=0...

  --- Iteration 1/1 ---
  Unseen stations (0): []
  [Time Est] ~18.3s/epoch. ETA for m=0: ~6.1 mins.
    Epoch   10/1000 | Loss: 3.5736 | Monitor MAE: 1.7416 | Patience: 0/10
    Epoch   20/1000 | Loss: 3.5338 | Monitor MAE: 1.7165 | Patience: 0/10
    Epoch   30/1000 | Loss: 3.5088 | Monitor MAE: 1.7057 | Patience: 1/10
    Epoch   40/1000 | Loss: 3.4941 | Monitor MAE: 1.6947 | Patience: 1/10
    Epoch   50/1000 | Loss: 3.4759 | Monitor MAE: 1.6848 | Patience: 5/10
    Epoch   60/1000 | Loss: 3.4668 | Monitor MAE: 1.6798 | Patience: 3/10
    Epoch   70/1000 | Loss: 3.4563 | Monitor MAE: 1.6799 | Patience: 4/10
    Epoch   80/1000 | Loss: 3.4474 | Monitor MAE: 1.6729 | Patience: 2/10
    Epoch   90/1000 | Loss: 3.4433 | Monitor MAE: 1.6667 | Patience: 2/10
    Epoch  100/1000 | Loss: 3.4344 | Monitor MAE: 1.6599 | Patience: 2/10
    Epoch  110/1000 | Loss: 3.4279 | Monitor MAE: 1.6567 | Patience: 1/10
    Epoch  120/1000 | Loss: 3.4197 | Monitor MAE: 1.6517 | Patience: 3/10
    Early stopping triggered after 126 epochs.
    Iter 1 Results -> Seen MAE: 1.6476

  ========================================
  AGGREGATED RESULTS (Across all iterations)
  SEEN   mean MAE Tmax: 1.6476
  ========================================

  [AGGREGATED_CURVES_START]
    Epoch 1:  [avg_train_loss=3.7647, avg_seen_mae=1.8388]
    Epoch 2:  [avg_train_loss=3.6759, avg_seen_mae=1.7882]
    Epoch 3:  [avg_train_loss=3.6490, avg_seen_mae=1.7763]
    Epoch 4:  [avg_train_loss=3.6292, avg_seen_mae=1.7694]
    Epoch 5:  [avg_train_loss=3.6161, avg_seen_mae=1.7645]
    Epoch 6:  [avg_train_loss=3.6040, avg_seen_mae=1.7626]
    Epoch 7:  [avg_train_loss=3.5952, avg_seen_mae=1.7520]
    Epoch 8:  [avg_train_loss=3.5848, avg_seen_mae=1.7495]
    Epoch 9:  [avg_train_loss=3.5792, avg_seen_mae=1.7453]
    Epoch 10:  [avg_train_loss=3.5736, avg_seen_mae=1.7416]
    Epoch 11:  [avg_train_loss=3.5659, avg_seen_mae=1.7401]
    Epoch 12:  [avg_train_loss=3.5640, avg_seen_mae=1.7371]
    Epoch 13:  [avg_train_loss=3.5582, avg_seen_mae=1.7364]
    Epoch 14:  [avg_train_loss=3.5538, avg_seen_mae=1.7323]
    Epoch 15:  [avg_train_loss=3.5522, avg_seen_mae=1.7254]
    Epoch 16:  [avg_train_loss=3.5460, avg_seen_mae=1.7279]
    Epoch 17:  [avg_train_loss=3.5448, avg_seen_mae=1.7229]
    Epoch 18:  [avg_train_loss=3.5392, avg_seen_mae=1.7209]
    Epoch 19:  [avg_train_loss=3.5364, avg_seen_mae=1.7152]
    Epoch 20:  [avg_train_loss=3.5338, avg_seen_mae=1.7165]
    Epoch 21:  [avg_train_loss=3.5311, avg_seen_mae=1.7165]
    Epoch 22:  [avg_train_loss=3.5263, avg_seen_mae=1.7125]
    Epoch 23:  [avg_train_loss=3.5287, avg_seen_mae=1.7120]
    Epoch 24:  [avg_train_loss=3.5220, avg_seen_mae=1.7113]
    Epoch 25:  [avg_train_loss=3.5195, avg_seen_mae=1.7167]
    Epoch 26:  [avg_train_loss=3.5169, avg_seen_mae=1.7092]
    Epoch 27:  [avg_train_loss=3.5192, avg_seen_mae=1.7064]
    Epoch 28:  [avg_train_loss=3.5138, avg_seen_mae=1.7035]
    Epoch 29:  [avg_train_loss=3.5120, avg_seen_mae=1.7088]
    Epoch 30:  [avg_train_loss=3.5088, avg_seen_mae=1.7057]
    Epoch 31:  [avg_train_loss=3.5095, avg_seen_mae=1.7034]
    Epoch 32:  [avg_train_loss=3.5079, avg_seen_mae=1.7008]
    Epoch 33:  [avg_train_loss=3.5043, avg_seen_mae=1.7011]
    Epoch 34:  [avg_train_loss=3.5061, avg_seen_mae=1.7016]
    Epoch 35:  [avg_train_loss=3.5066, avg_seen_mae=1.7026]
    Epoch 36:  [avg_train_loss=3.5002, avg_seen_mae=1.6970]
    Epoch 37:  [avg_train_loss=3.4962, avg_seen_mae=1.6960]
    Epoch 38:  [avg_train_loss=3.4938, avg_seen_mae=1.6948]
    Epoch 39:  [avg_train_loss=3.4981, avg_seen_mae=1.6950]
    Epoch 40:  [avg_train_loss=3.4941, avg_seen_mae=1.6947]
    Epoch 41:  [avg_train_loss=3.4891, avg_seen_mae=1.6924]
    Epoch 42:  [avg_train_loss=3.4881, avg_seen_mae=1.6936]
    Epoch 43:  [avg_train_loss=3.4906, avg_seen_mae=1.6879]
    Epoch 44:  [avg_train_loss=3.4904, avg_seen_mae=1.6866]
    Epoch 45:  [avg_train_loss=3.4839, avg_seen_mae=1.6909]
    Epoch 46:  [avg_train_loss=3.4842, avg_seen_mae=1.6903]
    Epoch 47:  [avg_train_loss=3.4814, avg_seen_mae=1.6874]
    Epoch 48:  [avg_train_loss=3.4790, avg_seen_mae=1.6877]
    Epoch 49:  [avg_train_loss=3.4802, avg_seen_mae=1.6884]
    Epoch 50:  [avg_train_loss=3.4759, avg_seen_mae=1.6848]
    Epoch 51:  [avg_train_loss=3.4794, avg_seen_mae=1.6851]
    Epoch 52:  [avg_train_loss=3.4724, avg_seen_mae=1.6851]
    Epoch 53:  [avg_train_loss=3.4712, avg_seen_mae=1.6861]
    Epoch 54:  [avg_train_loss=3.4714, avg_seen_mae=1.6872]
    Epoch 55:  [avg_train_loss=3.4678, avg_seen_mae=1.6868]
    Epoch 56:  [avg_train_loss=3.4691, avg_seen_mae=1.6816]
    Epoch 57:  [avg_train_loss=3.4660, avg_seen_mae=1.6855]
    Epoch 58:  [avg_train_loss=3.4680, avg_seen_mae=1.6832]
    Epoch 59:  [avg_train_loss=3.4680, avg_seen_mae=1.6817]
    Epoch 60:  [avg_train_loss=3.4668, avg_seen_mae=1.6798]
    Epoch 61:  [avg_train_loss=3.4614, avg_seen_mae=1.6775]
    Epoch 62:  [avg_train_loss=3.4601, avg_seen_mae=1.6811]
    Epoch 63:  [avg_train_loss=3.4567, avg_seen_mae=1.6799]
    Epoch 64:  [avg_train_loss=3.4570, avg_seen_mae=1.6777]
    Epoch 65:  [avg_train_loss=3.4575, avg_seen_mae=1.6775]
    Epoch 66:  [avg_train_loss=3.4564, avg_seen_mae=1.6819]
    Epoch 67:  [avg_train_loss=3.4548, avg_seen_mae=1.6795]
    Epoch 68:  [avg_train_loss=3.4549, avg_seen_mae=1.6787]
    Epoch 69:  [avg_train_loss=3.4557, avg_seen_mae=1.6805]
    Epoch 70:  [avg_train_loss=3.4563, avg_seen_mae=1.6799]
    Epoch 71:  [avg_train_loss=3.4537, avg_seen_mae=1.6783]
    Epoch 72:  [avg_train_loss=3.4524, avg_seen_mae=1.6846]
    Epoch 73:  [avg_train_loss=3.4520, avg_seen_mae=1.6787]
    Epoch 74:  [avg_train_loss=3.4546, avg_seen_mae=1.6839]
    Epoch 75:  [avg_train_loss=3.4533, avg_seen_mae=1.6754]
    Epoch 76:  [avg_train_loss=3.4492, avg_seen_mae=1.6785]
    Epoch 77:  [avg_train_loss=3.4491, avg_seen_mae=1.6727]
    Epoch 78:  [avg_train_loss=3.4470, avg_seen_mae=1.6827]
    Epoch 79:  [avg_train_loss=3.4485, avg_seen_mae=1.6785]
    Epoch 80:  [avg_train_loss=3.4474, avg_seen_mae=1.6729]
    Epoch 81:  [avg_train_loss=3.4470, avg_seen_mae=1.6748]
    Epoch 82:  [avg_train_loss=3.4470, avg_seen_mae=1.6745]
    Epoch 83:  [avg_train_loss=3.4472, avg_seen_mae=1.6755]
    Epoch 84:  [avg_train_loss=3.4410, avg_seen_mae=1.6723]
    Epoch 85:  [avg_train_loss=3.4416, avg_seen_mae=1.6764]
    Epoch 86:  [avg_train_loss=3.4418, avg_seen_mae=1.6724]
    Epoch 87:  [avg_train_loss=3.4458, avg_seen_mae=1.6702]
    Epoch 88:  [avg_train_loss=3.4444, avg_seen_mae=1.6724]
    Epoch 89:  [avg_train_loss=3.4417, avg_seen_mae=1.6712]
    Epoch 90:  [avg_train_loss=3.4433, avg_seen_mae=1.6667]
    Epoch 91:  [avg_train_loss=3.4432, avg_seen_mae=1.6650]
    Epoch 92:  [avg_train_loss=3.4405, avg_seen_mae=1.6618]
    Epoch 93:  [avg_train_loss=3.4402, avg_seen_mae=1.6671]
    Epoch 94:  [avg_train_loss=3.4413, avg_seen_mae=1.6650]
    Epoch 95:  [avg_train_loss=3.4372, avg_seen_mae=1.6626]
    Epoch 96:  [avg_train_loss=3.4375, avg_seen_mae=1.6621]
    Epoch 97:  [avg_train_loss=3.4384, avg_seen_mae=1.6580]
    Epoch 98:  [avg_train_loss=3.4332, avg_seen_mae=1.6628]
    Epoch 99:  [avg_train_loss=3.4362, avg_seen_mae=1.6634]
    Epoch 100:  [avg_train_loss=3.4344, avg_seen_mae=1.6599]
    Epoch 101:  [avg_train_loss=3.4330, avg_seen_mae=1.6661]
    Epoch 102:  [avg_train_loss=3.4302, avg_seen_mae=1.6648]
    Epoch 103:  [avg_train_loss=3.4317, avg_seen_mae=1.6603]
    Epoch 104:  [avg_train_loss=3.4315, avg_seen_mae=1.6601]
    Epoch 105:  [avg_train_loss=3.4296, avg_seen_mae=1.6565]
    Epoch 106:  [avg_train_loss=3.4292, avg_seen_mae=1.6537]
    Epoch 107:  [avg_train_loss=3.4307, avg_seen_mae=1.6553]
    Epoch 108:  [avg_train_loss=3.4312, avg_seen_mae=1.6532]
    Epoch 109:  [avg_train_loss=3.4302, avg_seen_mae=1.6570]
    Epoch 110:  [avg_train_loss=3.4279, avg_seen_mae=1.6567]
    Epoch 111:  [avg_train_loss=3.4308, avg_seen_mae=1.6519]
    Epoch 112:  [avg_train_loss=3.4311, avg_seen_mae=1.6515]
    Epoch 113:  [avg_train_loss=3.4187, avg_seen_mae=1.6627]
    Epoch 114:  [avg_train_loss=3.4223, avg_seen_mae=1.6562]
    Epoch 115:  [avg_train_loss=3.4231, avg_seen_mae=1.6560]
    Epoch 116:  [avg_train_loss=3.4242, avg_seen_mae=1.6476]
    Epoch 117:  [avg_train_loss=3.4231, avg_seen_mae=1.6543]
    Epoch 118:  [avg_train_loss=3.4206, avg_seen_mae=1.6567]
    Epoch 119:  [avg_train_loss=3.4215, avg_seen_mae=1.6541]
    Epoch 120:  [avg_train_loss=3.4197, avg_seen_mae=1.6517]
    Epoch 121:  [avg_train_loss=3.4256, avg_seen_mae=1.6496]
    Epoch 122:  [avg_train_loss=3.4194, avg_seen_mae=1.6515]
    Epoch 123:  [avg_train_loss=3.4161, avg_seen_mae=1.6480]
    Epoch 124:  [avg_train_loss=3.4190, avg_seen_mae=1.6484]
    Epoch 125:  [avg_train_loss=3.4160, avg_seen_mae=1.6496]
    Epoch 126:  [avg_train_loss=3.4170, avg_seen_mae=1.6580]
    Epoch 127:  [avg_train_loss=3.4170, avg_seen_mae=1.6580]
    Epoch 128:  [avg_train_loss=3.4170, avg_seen_mae=1.6580]
    Epoch 129:  [avg_train_loss=3.4170, avg_seen_mae=1.6580]
    Epoch 130:  [avg_train_loss=3.4170, avg_seen_mae=1.6580]
    Epoch 131:  [avg_train_loss=3.4170, avg_seen_mae=1.6580]
    Epoch 132:  [avg_train_loss=3.4170, avg_seen_mae=1.6580]
    Epoch 133:  [avg_train_loss=3.4170, avg_seen_mae=1.6580]
    Epoch 134:  [avg_train_loss=3.4170, avg_seen_mae=1.6580]
    Epoch 135:  [avg_train_loss=3.4170, avg_seen_mae=1.6580]
    Epoch 136:  [avg_train_loss=3.4170, avg_seen_mae=1.6580]
    Epoch 137:  [avg_train_loss=3.4170, avg_seen_mae=1.6580]
    Epoch 138:  [avg_train_loss=3.4170, avg_seen_mae=1.6580]
    Epoch 139:  [avg_train_loss=3.4170, avg_seen_mae=1.6580]
    Epoch 140:  [avg_train_loss=3.4170, avg_seen_mae=1.6580]
    Epoch 141:  [avg_train_loss=3.4170, avg_seen_mae=1.6580]
    Epoch 142:  [avg_train_loss=3.4170, avg_seen_mae=1.6580]
    Epoch 143:  [avg_train_loss=3.4170, avg_seen_mae=1.6580]
    Epoch 144:  [avg_train_loss=3.4170, avg_seen_mae=1.6580]
    Epoch 145:  [avg_train_loss=3.4170, avg_seen_mae=1.6580]
    Epoch 146:  [avg_train_loss=3.4170, avg_seen_mae=1.6580]
    Epoch 147:  [avg_train_loss=3.4170, avg_seen_mae=1.6580]
    Epoch 148:  [avg_train_loss=3.4170, avg_seen_mae=1.6580]
    Epoch 149:  [avg_train_loss=3.4170, avg_seen_mae=1.6580]
    Epoch 150:  [avg_train_loss=3.4170, avg_seen_mae=1.6580]
    Epoch 151:  [avg_train_loss=3.4170, avg_seen_mae=1.6580]
    Epoch 152:  [avg_train_loss=3.4170, avg_seen_mae=1.6580]
    Epoch 153:  [avg_train_loss=3.4170, avg_seen_mae=1.6580]
    Epoch 154:  [avg_train_loss=3.4170, avg_seen_mae=1.6580]
    Epoch 155:  [avg_train_loss=3.4170, avg_seen_mae=1.6580]
    Epoch 156:  [avg_train_loss=3.4170, avg_seen_mae=1.6580]
    Epoch 157:  [avg_train_loss=3.4170, avg_seen_mae=1.6580]
    Epoch 158:  [avg_train_loss=3.4170, avg_seen_mae=1.6580]
    Epoch 159:  [avg_train_loss=3.4170, avg_seen_mae=1.6580]
    Epoch 160:  [avg_train_loss=3.4170, avg_seen_mae=1.6580]
    Epoch 161:  [avg_train_loss=3.4170, avg_seen_mae=1.6580]
    Epoch 162:  [avg_train_loss=3.4170, avg_seen_mae=1.6580]
    Epoch 163:  [avg_train_loss=3.4170, avg_seen_mae=1.6580]
    Epoch 164:  [avg_train_loss=3.4170, avg_seen_mae=1.6580]
    Epoch 165:  [avg_train_loss=3.4170, avg_seen_mae=1.6580]
    Epoch 166:  [avg_train_loss=3.4170, avg_seen_mae=1.6580]
    Epoch 167:  [avg_train_loss=3.4170, avg_seen_mae=1.6580]
    Epoch 168:  [avg_train_loss=3.4170, avg_seen_mae=1.6580]
    Epoch 169:  [avg_train_loss=3.4170, avg_seen_mae=1.6580]
    Epoch 170:  [avg_train_loss=3.4170, avg_seen_mae=1.6580]
    Epoch 171:  [avg_train_loss=3.4170, avg_seen_mae=1.6580]
    Epoch 172:  [avg_train_loss=3.4170, avg_seen_mae=1.6580]
    Epoch 173:  [avg_train_loss=3.4170, avg_seen_mae=1.6580]
    Epoch 174:  [avg_train_loss=3.4170, avg_seen_mae=1.6580]
    Epoch 175:  [avg_train_loss=3.4170, avg_seen_mae=1.6580]
    Epoch 176:  [avg_train_loss=3.4170, avg_seen_mae=1.6580]
    Epoch 177:  [avg_train_loss=3.4170, avg_seen_mae=1.6580]
    Epoch 178:  [avg_train_loss=3.4170, avg_seen_mae=1.6580]
    Epoch 179:  [avg_train_loss=3.4170, avg_seen_mae=1.6580]
    Epoch 180:  [avg_train_loss=3.4170, avg_seen_mae=1.6580]
    Epoch 181:  [avg_train_loss=3.4170, avg_seen_mae=1.6580]
    Epoch 182:  [avg_train_loss=3.4170, avg_seen_mae=1.6580]
    Epoch 183:  [avg_train_loss=3.4170, avg_seen_mae=1.6580]
    Epoch 184:  [avg_train_loss=3.4170, avg_seen_mae=1.6580]
    Epoch 185:  [avg_train_loss=3.4170, avg_seen_mae=1.6580]
    Epoch 186:  [avg_train_loss=3.4170, avg_seen_mae=1.6580]
    Epoch 187:  [avg_train_loss=3.4170, avg_seen_mae=1.6580]
    Epoch 188:  [avg_train_loss=3.4170, avg_seen_mae=1.6580]
    Epoch 189:  [avg_train_loss=3.4170, avg_seen_mae=1.6580]
    Epoch 190:  [avg_train_loss=3.4170, avg_seen_mae=1.6580]
    Epoch 191:  [avg_train_loss=3.4170, avg_seen_mae=1.6580]
    Epoch 192:  [avg_train_loss=3.4170, avg_seen_mae=1.6580]
    Epoch 193:  [avg_train_loss=3.4170, avg_seen_mae=1.6580]
    Epoch 194:  [avg_train_loss=3.4170, avg_seen_mae=1.6580]
    Epoch 195:  [avg_train_loss=3.4170, avg_seen_mae=1.6580]
    Epoch 196:  [avg_train_loss=3.4170, avg_seen_mae=1.6580]
    Epoch 197:  [avg_train_loss=3.4170, avg_seen_mae=1.6580]
    Epoch 198:  [avg_train_loss=3.4170, avg_seen_mae=1.6580]
    Epoch 199:  [avg_train_loss=3.4170, avg_seen_mae=1.6580]
    Epoch 200:  [avg_train_loss=3.4170, avg_seen_mae=1.6580]
    Epoch 201:  [avg_train_loss=3.4170, avg_seen_mae=1.6580]
    Epoch 202:  [avg_train_loss=3.4170, avg_seen_mae=1.6580]
    Epoch 203:  [avg_train_loss=3.4170, avg_seen_mae=1.6580]
    Epoch 204:  [avg_train_loss=3.4170, avg_seen_mae=1.6580]
    Epoch 205:  [avg_train_loss=3.4170, avg_seen_mae=1.6580]
    Epoch 206:  [avg_train_loss=3.4170, avg_seen_mae=1.6580]
    Epoch 207:  [avg_train_loss=3.4170, avg_seen_mae=1.6580]
    Epoch 208:  [avg_train_loss=3.4170, avg_seen_mae=1.6580]
    Epoch 209:  [avg_train_loss=3.4170, avg_seen_mae=1.6580]
    Epoch 210:  [avg_train_loss=3.4170, avg_seen_mae=1.6580]
    Epoch 211:  [avg_train_loss=3.4170, avg_seen_mae=1.6580]
    Epoch 212:  [avg_train_loss=3.4170, avg_seen_mae=1.6580]
    Epoch 213:  [avg_train_loss=3.4170, avg_seen_mae=1.6580]
    Epoch 214:  [avg_train_loss=3.4170, avg_seen_mae=1.6580]
    Epoch 215:  [avg_train_loss=3.4170, avg_seen_mae=1.6580]
    Epoch 216:  [avg_train_loss=3.4170, avg_seen_mae=1.6580]
    Epoch 217:  [avg_train_loss=3.4170, avg_seen_mae=1.6580]
    Epoch 218:  [avg_train_loss=3.4170, avg_seen_mae=1.6580]
    Epoch 219:  [avg_train_loss=3.4170, avg_seen_mae=1.6580]
    Epoch 220:  [avg_train_loss=3.4170, avg_seen_mae=1.6580]
    Epoch 221:  [avg_train_loss=3.4170, avg_seen_mae=1.6580]
    Epoch 222:  [avg_train_loss=3.4170, avg_seen_mae=1.6580]
    Epoch 223:  [avg_train_loss=3.4170, avg_seen_mae=1.6580]
    Epoch 224:  [avg_train_loss=3.4170, avg_seen_mae=1.6580]
    Epoch 225:  [avg_train_loss=3.4170, avg_seen_mae=1.6580]
    Epoch 226:  [avg_train_loss=3.4170, avg_seen_mae=1.6580]
    Epoch 227:  [avg_train_loss=3.4170, avg_seen_mae=1.6580]
    Epoch 228:  [avg_train_loss=3.4170, avg_seen_mae=1.6580]
    Epoch 229:  [avg_train_loss=3.4170, avg_seen_mae=1.6580]
    Epoch 230:  [avg_train_loss=3.4170, avg_seen_mae=1.6580]
    Epoch 231:  [avg_train_loss=3.4170, avg_seen_mae=1.6580]
    Epoch 232:  [avg_train_loss=3.4170, avg_seen_mae=1.6580]
    Epoch 233:  [avg_train_loss=3.4170, avg_seen_mae=1.6580]
    Epoch 234:  [avg_train_loss=3.4170, avg_seen_mae=1.6580]
    Epoch 235:  [avg_train_loss=3.4170, avg_seen_mae=1.6580]
    Epoch 236:  [avg_train_loss=3.4170, avg_seen_mae=1.6580]
    Epoch 237:  [avg_train_loss=3.4170, avg_seen_mae=1.6580]
    Epoch 238:  [avg_train_loss=3.4170, avg_seen_mae=1.6580]
    Epoch 239:  [avg_train_loss=3.4170, avg_seen_mae=1.6580]
    Epoch 240:  [avg_train_loss=3.4170, avg_seen_mae=1.6580]
    Epoch 241:  [avg_train_loss=3.4170, avg_seen_mae=1.6580]
    Epoch 242:  [avg_train_loss=3.4170, avg_seen_mae=1.6580]
    Epoch 243:  [avg_train_loss=3.4170, avg_seen_mae=1.6580]
    Epoch 244:  [avg_train_loss=3.4170, avg_seen_mae=1.6580]
    Epoch 245:  [avg_train_loss=3.4170, avg_seen_mae=1.6580]
    Epoch 246:  [avg_train_loss=3.4170, avg_seen_mae=1.6580]
    Epoch 247:  [avg_train_loss=3.4170, avg_seen_mae=1.6580]
    Epoch 248:  [avg_train_loss=3.4170, avg_seen_mae=1.6580]
    Epoch 249:  [avg_train_loss=3.4170, avg_seen_mae=1.6580]
    Epoch 250:  [avg_train_loss=3.4170, avg_seen_mae=1.6580]
    Epoch 251:  [avg_train_loss=3.4170, avg_seen_mae=1.6580]
    Epoch 252:  [avg_train_loss=3.4170, avg_seen_mae=1.6580]
    Epoch 253:  [avg_train_loss=3.4170, avg_seen_mae=1.6580]
    Epoch 254:  [avg_train_loss=3.4170, avg_seen_mae=1.6580]
    Epoch 255:  [avg_train_loss=3.4170, avg_seen_mae=1.6580]
    Epoch 256:  [avg_train_loss=3.4170, avg_seen_mae=1.6580]
    Epoch 257:  [avg_train_loss=3.4170, avg_seen_mae=1.6580]
    Epoch 258:  [avg_train_loss=3.4170, avg_seen_mae=1.6580]
    Epoch 259:  [avg_train_loss=3.4170, avg_seen_mae=1.6580]
    Epoch 260:  [avg_train_loss=3.4170, avg_seen_mae=1.6580]
    Epoch 261:  [avg_train_loss=3.4170, avg_seen_mae=1.6580]
    Epoch 262:  [avg_train_loss=3.4170, avg_seen_mae=1.6580]
    Epoch 263:  [avg_train_loss=3.4170, avg_seen_mae=1.6580]
    Epoch 264:  [avg_train_loss=3.4170, avg_seen_mae=1.6580]
    Epoch 265:  [avg_train_loss=3.4170, avg_seen_mae=1.6580]
    Epoch 266:  [avg_train_loss=3.4170, avg_seen_mae=1.6580]
    Epoch 267:  [avg_train_loss=3.4170, avg_seen_mae=1.6580]
    Epoch 268:  [avg_train_loss=3.4170, avg_seen_mae=1.6580]
    Epoch 269:  [avg_train_loss=3.4170, avg_seen_mae=1.6580]
    Epoch 270:  [avg_train_loss=3.4170, avg_seen_mae=1.6580]
    Epoch 271:  [avg_train_loss=3.4170, avg_seen_mae=1.6580]
    Epoch 272:  [avg_train_loss=3.4170, avg_seen_mae=1.6580]
    Epoch 273:  [avg_train_loss=3.4170, avg_seen_mae=1.6580]
    Epoch 274:  [avg_train_loss=3.4170, avg_seen_mae=1.6580]
    Epoch 275:  [avg_train_loss=3.4170, avg_seen_mae=1.6580]
    Epoch 276:  [avg_train_loss=3.4170, avg_seen_mae=1.6580]
    Epoch 277:  [avg_train_loss=3.4170, avg_seen_mae=1.6580]
    Epoch 278:  [avg_train_loss=3.4170, avg_seen_mae=1.6580]
    Epoch 279:  [avg_train_loss=3.4170, avg_seen_mae=1.6580]
    Epoch 280:  [avg_train_loss=3.4170, avg_seen_mae=1.6580]
    Epoch 281:  [avg_train_loss=3.4170, avg_seen_mae=1.6580]
    Epoch 282:  [avg_train_loss=3.4170, avg_seen_mae=1.6580]
    Epoch 283:  [avg_train_loss=3.4170, avg_seen_mae=1.6580]
    Epoch 284:  [avg_train_loss=3.4170, avg_seen_mae=1.6580]
    Epoch 285:  [avg_train_loss=3.4170, avg_seen_mae=1.6580]
    Epoch 286:  [avg_train_loss=3.4170, avg_seen_mae=1.6580]
    Epoch 287:  [avg_train_loss=3.4170, avg_seen_mae=1.6580]
    Epoch 288:  [avg_train_loss=3.4170, avg_seen_mae=1.6580]
    Epoch 289:  [avg_train_loss=3.4170, avg_seen_mae=1.6580]
    Epoch 290:  [avg_train_loss=3.4170, avg_seen_mae=1.6580]
    Epoch 291:  [avg_train_loss=3.4170, avg_seen_mae=1.6580]
    Epoch 292:  [avg_train_loss=3.4170, avg_seen_mae=1.6580]
    Epoch 293:  [avg_train_loss=3.4170, avg_seen_mae=1.6580]
    Epoch 294:  [avg_train_loss=3.4170, avg_seen_mae=1.6580]
    Epoch 295:  [avg_train_loss=3.4170, avg_seen_mae=1.6580]
    Epoch 296:  [avg_train_loss=3.4170, avg_seen_mae=1.6580]
    Epoch 297:  [avg_train_loss=3.4170, avg_seen_mae=1.6580]
    Epoch 298:  [avg_train_loss=3.4170, avg_seen_mae=1.6580]
    Epoch 299:  [avg_train_loss=3.4170, avg_seen_mae=1.6580]
    Epoch 300:  [avg_train_loss=3.4170, avg_seen_mae=1.6580]
    Epoch 301:  [avg_train_loss=3.4170, avg_seen_mae=1.6580]
    Epoch 302:  [avg_train_loss=3.4170, avg_seen_mae=1.6580]
    Epoch 303:  [avg_train_loss=3.4170, avg_seen_mae=1.6580]
    Epoch 304:  [avg_train_loss=3.4170, avg_seen_mae=1.6580]
    Epoch 305:  [avg_train_loss=3.4170, avg_seen_mae=1.6580]
    Epoch 306:  [avg_train_loss=3.4170, avg_seen_mae=1.6580]
    Epoch 307:  [avg_train_loss=3.4170, avg_seen_mae=1.6580]
    Epoch 308:  [avg_train_loss=3.4170, avg_seen_mae=1.6580]
    Epoch 309:  [avg_train_loss=3.4170, avg_seen_mae=1.6580]
    Epoch 310:  [avg_train_loss=3.4170, avg_seen_mae=1.6580]
    Epoch 311:  [avg_train_loss=3.4170, avg_seen_mae=1.6580]
    Epoch 312:  [avg_train_loss=3.4170, avg_seen_mae=1.6580]
    Epoch 313:  [avg_train_loss=3.4170, avg_seen_mae=1.6580]
    Epoch 314:  [avg_train_loss=3.4170, avg_seen_mae=1.6580]
    Epoch 315:  [avg_train_loss=3.4170, avg_seen_mae=1.6580]
    Epoch 316:  [avg_train_loss=3.4170, avg_seen_mae=1.6580]
    Epoch 317:  [avg_train_loss=3.4170, avg_seen_mae=1.6580]
    Epoch 318:  [avg_train_loss=3.4170, avg_seen_mae=1.6580]
    Epoch 319:  [avg_train_loss=3.4170, avg_seen_mae=1.6580]
    Epoch 320:  [avg_train_loss=3.4170, avg_seen_mae=1.6580]
    Epoch 321:  [avg_train_loss=3.4170, avg_seen_mae=1.6580]
    Epoch 322:  [avg_train_loss=3.4170, avg_seen_mae=1.6580]
    Epoch 323:  [avg_train_loss=3.4170, avg_seen_mae=1.6580]
    Epoch 324:  [avg_train_loss=3.4170, avg_seen_mae=1.6580]
    Epoch 325:  [avg_train_loss=3.4170, avg_seen_mae=1.6580]
    Epoch 326:  [avg_train_loss=3.4170, avg_seen_mae=1.6580]
    Epoch 327:  [avg_train_loss=3.4170, avg_seen_mae=1.6580]
    Epoch 328:  [avg_train_loss=3.4170, avg_seen_mae=1.6580]
    Epoch 329:  [avg_train_loss=3.4170, avg_seen_mae=1.6580]
    Epoch 330:  [avg_train_loss=3.4170, avg_seen_mae=1.6580]
    Epoch 331:  [avg_train_loss=3.4170, avg_seen_mae=1.6580]
    Epoch 332:  [avg_train_loss=3.4170, avg_seen_mae=1.6580]
    Epoch 333:  [avg_train_loss=3.4170, avg_seen_mae=1.6580]
    Epoch 334:  [avg_train_loss=3.4170, avg_seen_mae=1.6580]
    Epoch 335:  [avg_train_loss=3.4170, avg_seen_mae=1.6580]
    Epoch 336:  [avg_train_loss=3.4170, avg_seen_mae=1.6580]
    Epoch 337:  [avg_train_loss=3.4170, avg_seen_mae=1.6580]
    Epoch 338:  [avg_train_loss=3.4170, avg_seen_mae=1.6580]
    Epoch 339:  [avg_train_loss=3.4170, avg_seen_mae=1.6580]
    Epoch 340:  [avg_train_loss=3.4170, avg_seen_mae=1.6580]
    Epoch 341:  [avg_train_loss=3.4170, avg_seen_mae=1.6580]
    Epoch 342:  [avg_train_loss=3.4170, avg_seen_mae=1.6580]
    Epoch 343:  [avg_train_loss=3.4170, avg_seen_mae=1.6580]
    Epoch 344:  [avg_train_loss=3.4170, avg_seen_mae=1.6580]
    Epoch 345:  [avg_train_loss=3.4170, avg_seen_mae=1.6580]
    Epoch 346:  [avg_train_loss=3.4170, avg_seen_mae=1.6580]
    Epoch 347:  [avg_train_loss=3.4170, avg_seen_mae=1.6580]
    Epoch 348:  [avg_train_loss=3.4170, avg_seen_mae=1.6580]
    Epoch 349:  [avg_train_loss=3.4170, avg_seen_mae=1.6580]
    Epoch 350:  [avg_train_loss=3.4170, avg_seen_mae=1.6580]
    Epoch 351:  [avg_train_loss=3.4170, avg_seen_mae=1.6580]
    Epoch 352:  [avg_train_loss=3.4170, avg_seen_mae=1.6580]
    Epoch 353:  [avg_train_loss=3.4170, avg_seen_mae=1.6580]
    Epoch 354:  [avg_train_loss=3.4170, avg_seen_mae=1.6580]
    Epoch 355:  [avg_train_loss=3.4170, avg_seen_mae=1.6580]
    Epoch 356:  [avg_train_loss=3.4170, avg_seen_mae=1.6580]
    Epoch 357:  [avg_train_loss=3.4170, avg_seen_mae=1.6580]
    Epoch 358:  [avg_train_loss=3.4170, avg_seen_mae=1.6580]
    Epoch 359:  [avg_train_loss=3.4170, avg_seen_mae=1.6580]
    Epoch 360:  [avg_train_loss=3.4170, avg_seen_mae=1.6580]
    Epoch 361:  [avg_train_loss=3.4170, avg_seen_mae=1.6580]
    Epoch 362:  [avg_train_loss=3.4170, avg_seen_mae=1.6580]
    Epoch 363:  [avg_train_loss=3.4170, avg_seen_mae=1.6580]
    Epoch 364:  [avg_train_loss=3.4170, avg_seen_mae=1.6580]
    Epoch 365:  [avg_train_loss=3.4170, avg_seen_mae=1.6580]
    Epoch 366:  [avg_train_loss=3.4170, avg_seen_mae=1.6580]
    Epoch 367:  [avg_train_loss=3.4170, avg_seen_mae=1.6580]
    Epoch 368:  [avg_train_loss=3.4170, avg_seen_mae=1.6580]
    Epoch 369:  [avg_train_loss=3.4170, avg_seen_mae=1.6580]
    Epoch 370:  [avg_train_loss=3.4170, avg_seen_mae=1.6580]
    Epoch 371:  [avg_train_loss=3.4170, avg_seen_mae=1.6580]
    Epoch 372:  [avg_train_loss=3.4170, avg_seen_mae=1.6580]
    Epoch 373:  [avg_train_loss=3.4170, avg_seen_mae=1.6580]
    Epoch 374:  [avg_train_loss=3.4170, avg_seen_mae=1.6580]
    Epoch 375:  [avg_train_loss=3.4170, avg_seen_mae=1.6580]
    Epoch 376:  [avg_train_loss=3.4170, avg_seen_mae=1.6580]
    Epoch 377:  [avg_train_loss=3.4170, avg_seen_mae=1.6580]
    Epoch 378:  [avg_train_loss=3.4170, avg_seen_mae=1.6580]
    Epoch 379:  [avg_train_loss=3.4170, avg_seen_mae=1.6580]
    Epoch 380:  [avg_train_loss=3.4170, avg_seen_mae=1.6580]
    Epoch 381:  [avg_train_loss=3.4170, avg_seen_mae=1.6580]
    Epoch 382:  [avg_train_loss=3.4170, avg_seen_mae=1.6580]
    Epoch 383:  [avg_train_loss=3.4170, avg_seen_mae=1.6580]
    Epoch 384:  [avg_train_loss=3.4170, avg_seen_mae=1.6580]
    Epoch 385:  [avg_train_loss=3.4170, avg_seen_mae=1.6580]
    Epoch 386:  [avg_train_loss=3.4170, avg_seen_mae=1.6580]
    Epoch 387:  [avg_train_loss=3.4170, avg_seen_mae=1.6580]
    Epoch 388:  [avg_train_loss=3.4170, avg_seen_mae=1.6580]
    Epoch 389:  [avg_train_loss=3.4170, avg_seen_mae=1.6580]
    Epoch 390:  [avg_train_loss=3.4170, avg_seen_mae=1.6580]
    Epoch 391:  [avg_train_loss=3.4170, avg_seen_mae=1.6580]
    Epoch 392:  [avg_train_loss=3.4170, avg_seen_mae=1.6580]
    Epoch 393:  [avg_train_loss=3.4170, avg_seen_mae=1.6580]
    Epoch 394:  [avg_train_loss=3.4170, avg_seen_mae=1.6580]
    Epoch 395:  [avg_train_loss=3.4170, avg_seen_mae=1.6580]
    Epoch 396:  [avg_train_loss=3.4170, avg_seen_mae=1.6580]
    Epoch 397:  [avg_train_loss=3.4170, avg_seen_mae=1.6580]
    Epoch 398:  [avg_train_loss=3.4170, avg_seen_mae=1.6580]
    Epoch 399:  [avg_train_loss=3.4170, avg_seen_mae=1.6580]
    Epoch 400:  [avg_train_loss=3.4170, avg_seen_mae=1.6580]
    Epoch 401:  [avg_train_loss=3.4170, avg_seen_mae=1.6580]
    Epoch 402:  [avg_train_loss=3.4170, avg_seen_mae=1.6580]
    Epoch 403:  [avg_train_loss=3.4170, avg_seen_mae=1.6580]
    Epoch 404:  [avg_train_loss=3.4170, avg_seen_mae=1.6580]
    Epoch 405:  [avg_train_loss=3.4170, avg_seen_mae=1.6580]
    Epoch 406:  [avg_train_loss=3.4170, avg_seen_mae=1.6580]
    Epoch 407:  [avg_train_loss=3.4170, avg_seen_mae=1.6580]
    Epoch 408:  [avg_train_loss=3.4170, avg_seen_mae=1.6580]
    Epoch 409:  [avg_train_loss=3.4170, avg_seen_mae=1.6580]
    Epoch 410:  [avg_train_loss=3.4170, avg_seen_mae=1.6580]
    Epoch 411:  [avg_train_loss=3.4170, avg_seen_mae=1.6580]
    Epoch 412:  [avg_train_loss=3.4170, avg_seen_mae=1.6580]
    Epoch 413:  [avg_train_loss=3.4170, avg_seen_mae=1.6580]
    Epoch 414:  [avg_train_loss=3.4170, avg_seen_mae=1.6580]
    Epoch 415:  [avg_train_loss=3.4170, avg_seen_mae=1.6580]
    Epoch 416:  [avg_train_loss=3.4170, avg_seen_mae=1.6580]
    Epoch 417:  [avg_train_loss=3.4170, avg_seen_mae=1.6580]
    Epoch 418:  [avg_train_loss=3.4170, avg_seen_mae=1.6580]
    Epoch 419:  [avg_train_loss=3.4170, avg_seen_mae=1.6580]
    Epoch 420:  [avg_train_loss=3.4170, avg_seen_mae=1.6580]
    Epoch 421:  [avg_train_loss=3.4170, avg_seen_mae=1.6580]
    Epoch 422:  [avg_train_loss=3.4170, avg_seen_mae=1.6580]
    Epoch 423:  [avg_train_loss=3.4170, avg_seen_mae=1.6580]
    Epoch 424:  [avg_train_loss=3.4170, avg_seen_mae=1.6580]
    Epoch 425:  [avg_train_loss=3.4170, avg_seen_mae=1.6580]
    Epoch 426:  [avg_train_loss=3.4170, avg_seen_mae=1.6580]
    Epoch 427:  [avg_train_loss=3.4170, avg_seen_mae=1.6580]
    Epoch 428:  [avg_train_loss=3.4170, avg_seen_mae=1.6580]
    Epoch 429:  [avg_train_loss=3.4170, avg_seen_mae=1.6580]
    Epoch 430:  [avg_train_loss=3.4170, avg_seen_mae=1.6580]
    Epoch 431:  [avg_train_loss=3.4170, avg_seen_mae=1.6580]
    Epoch 432:  [avg_train_loss=3.4170, avg_seen_mae=1.6580]
    Epoch 433:  [avg_train_loss=3.4170, avg_seen_mae=1.6580]
    Epoch 434:  [avg_train_loss=3.4170, avg_seen_mae=1.6580]
    Epoch 435:  [avg_train_loss=3.4170, avg_seen_mae=1.6580]
    Epoch 436:  [avg_train_loss=3.4170, avg_seen_mae=1.6580]
    Epoch 437:  [avg_train_loss=3.4170, avg_seen_mae=1.6580]
    Epoch 438:  [avg_train_loss=3.4170, avg_seen_mae=1.6580]
    Epoch 439:  [avg_train_loss=3.4170, avg_seen_mae=1.6580]
    Epoch 440:  [avg_train_loss=3.4170, avg_seen_mae=1.6580]
    Epoch 441:  [avg_train_loss=3.4170, avg_seen_mae=1.6580]
    Epoch 442:  [avg_train_loss=3.4170, avg_seen_mae=1.6580]
    Epoch 443:  [avg_train_loss=3.4170, avg_seen_mae=1.6580]
    Epoch 444:  [avg_train_loss=3.4170, avg_seen_mae=1.6580]
    Epoch 445:  [avg_train_loss=3.4170, avg_seen_mae=1.6580]
    Epoch 446:  [avg_train_loss=3.4170, avg_seen_mae=1.6580]
    Epoch 447:  [avg_train_loss=3.4170, avg_seen_mae=1.6580]
    Epoch 448:  [avg_train_loss=3.4170, avg_seen_mae=1.6580]
    Epoch 449:  [avg_train_loss=3.4170, avg_seen_mae=1.6580]
    Epoch 450:  [avg_train_loss=3.4170, avg_seen_mae=1.6580]
    Epoch 451:  [avg_train_loss=3.4170, avg_seen_mae=1.6580]
    Epoch 452:  [avg_train_loss=3.4170, avg_seen_mae=1.6580]
    Epoch 453:  [avg_train_loss=3.4170, avg_seen_mae=1.6580]
    Epoch 454:  [avg_train_loss=3.4170, avg_seen_mae=1.6580]
    Epoch 455:  [avg_train_loss=3.4170, avg_seen_mae=1.6580]
    Epoch 456:  [avg_train_loss=3.4170, avg_seen_mae=1.6580]
    Epoch 457:  [avg_train_loss=3.4170, avg_seen_mae=1.6580]
    Epoch 458:  [avg_train_loss=3.4170, avg_seen_mae=1.6580]
    Epoch 459:  [avg_train_loss=3.4170, avg_seen_mae=1.6580]
    Epoch 460:  [avg_train_loss=3.4170, avg_seen_mae=1.6580]
    Epoch 461:  [avg_train_loss=3.4170, avg_seen_mae=1.6580]
    Epoch 462:  [avg_train_loss=3.4170, avg_seen_mae=1.6580]
    Epoch 463:  [avg_train_loss=3.4170, avg_seen_mae=1.6580]
    Epoch 464:  [avg_train_loss=3.4170, avg_seen_mae=1.6580]
    Epoch 465:  [avg_train_loss=3.4170, avg_seen_mae=1.6580]
    Epoch 466:  [avg_train_loss=3.4170, avg_seen_mae=1.6580]
    Epoch 467:  [avg_train_loss=3.4170, avg_seen_mae=1.6580]
    Epoch 468:  [avg_train_loss=3.4170, avg_seen_mae=1.6580]
    Epoch 469:  [avg_train_loss=3.4170, avg_seen_mae=1.6580]
    Epoch 470:  [avg_train_loss=3.4170, avg_seen_mae=1.6580]
    Epoch 471:  [avg_train_loss=3.4170, avg_seen_mae=1.6580]
    Epoch 472:  [avg_train_loss=3.4170, avg_seen_mae=1.6580]
    Epoch 473:  [avg_train_loss=3.4170, avg_seen_mae=1.6580]
    Epoch 474:  [avg_train_loss=3.4170, avg_seen_mae=1.6580]
    Epoch 475:  [avg_train_loss=3.4170, avg_seen_mae=1.6580]
    Epoch 476:  [avg_train_loss=3.4170, avg_seen_mae=1.6580]
    Epoch 477:  [avg_train_loss=3.4170, avg_seen_mae=1.6580]
    Epoch 478:  [avg_train_loss=3.4170, avg_seen_mae=1.6580]
    Epoch 479:  [avg_train_loss=3.4170, avg_seen_mae=1.6580]
    Epoch 480:  [avg_train_loss=3.4170, avg_seen_mae=1.6580]
    Epoch 481:  [avg_train_loss=3.4170, avg_seen_mae=1.6580]
    Epoch 482:  [avg_train_loss=3.4170, avg_seen_mae=1.6580]
    Epoch 483:  [avg_train_loss=3.4170, avg_seen_mae=1.6580]
    Epoch 484:  [avg_train_loss=3.4170, avg_seen_mae=1.6580]
    Epoch 485:  [avg_train_loss=3.4170, avg_seen_mae=1.6580]
    Epoch 486:  [avg_train_loss=3.4170, avg_seen_mae=1.6580]
    Epoch 487:  [avg_train_loss=3.4170, avg_seen_mae=1.6580]
    Epoch 488:  [avg_train_loss=3.4170, avg_seen_mae=1.6580]
    Epoch 489:  [avg_train_loss=3.4170, avg_seen_mae=1.6580]
    Epoch 490:  [avg_train_loss=3.4170, avg_seen_mae=1.6580]
    Epoch 491:  [avg_train_loss=3.4170, avg_seen_mae=1.6580]
    Epoch 492:  [avg_train_loss=3.4170, avg_seen_mae=1.6580]
    Epoch 493:  [avg_train_loss=3.4170, avg_seen_mae=1.6580]
    Epoch 494:  [avg_train_loss=3.4170, avg_seen_mae=1.6580]
    Epoch 495:  [avg_train_loss=3.4170, avg_seen_mae=1.6580]
    Epoch 496:  [avg_train_loss=3.4170, avg_seen_mae=1.6580]
    Epoch 497:  [avg_train_loss=3.4170, avg_seen_mae=1.6580]
    Epoch 498:  [avg_train_loss=3.4170, avg_seen_mae=1.6580]
    Epoch 499:  [avg_train_loss=3.4170, avg_seen_mae=1.6580]
    Epoch 500:  [avg_train_loss=3.4170, avg_seen_mae=1.6580]
    Epoch 501:  [avg_train_loss=3.4170, avg_seen_mae=1.6580]
    Epoch 502:  [avg_train_loss=3.4170, avg_seen_mae=1.6580]
    Epoch 503:  [avg_train_loss=3.4170, avg_seen_mae=1.6580]
    Epoch 504:  [avg_train_loss=3.4170, avg_seen_mae=1.6580]
    Epoch 505:  [avg_train_loss=3.4170, avg_seen_mae=1.6580]
    Epoch 506:  [avg_train_loss=3.4170, avg_seen_mae=1.6580]
    Epoch 507:  [avg_train_loss=3.4170, avg_seen_mae=1.6580]
    Epoch 508:  [avg_train_loss=3.4170, avg_seen_mae=1.6580]
    Epoch 509:  [avg_train_loss=3.4170, avg_seen_mae=1.6580]
    Epoch 510:  [avg_train_loss=3.4170, avg_seen_mae=1.6580]
    Epoch 511:  [avg_train_loss=3.4170, avg_seen_mae=1.6580]
    Epoch 512:  [avg_train_loss=3.4170, avg_seen_mae=1.6580]
    Epoch 513:  [avg_train_loss=3.4170, avg_seen_mae=1.6580]
    Epoch 514:  [avg_train_loss=3.4170, avg_seen_mae=1.6580]
    Epoch 515:  [avg_train_loss=3.4170, avg_seen_mae=1.6580]
    Epoch 516:  [avg_train_loss=3.4170, avg_seen_mae=1.6580]
    Epoch 517:  [avg_train_loss=3.4170, avg_seen_mae=1.6580]
    Epoch 518:  [avg_train_loss=3.4170, avg_seen_mae=1.6580]
    Epoch 519:  [avg_train_loss=3.4170, avg_seen_mae=1.6580]
    Epoch 520:  [avg_train_loss=3.4170, avg_seen_mae=1.6580]
    Epoch 521:  [avg_train_loss=3.4170, avg_seen_mae=1.6580]
    Epoch 522:  [avg_train_loss=3.4170, avg_seen_mae=1.6580]
    Epoch 523:  [avg_train_loss=3.4170, avg_seen_mae=1.6580]
    Epoch 524:  [avg_train_loss=3.4170, avg_seen_mae=1.6580]
    Epoch 525:  [avg_train_loss=3.4170, avg_seen_mae=1.6580]
    Epoch 526:  [avg_train_loss=3.4170, avg_seen_mae=1.6580]
    Epoch 527:  [avg_train_loss=3.4170, avg_seen_mae=1.6580]
    Epoch 528:  [avg_train_loss=3.4170, avg_seen_mae=1.6580]
    Epoch 529:  [avg_train_loss=3.4170, avg_seen_mae=1.6580]
    Epoch 530:  [avg_train_loss=3.4170, avg_seen_mae=1.6580]
    Epoch 531:  [avg_train_loss=3.4170, avg_seen_mae=1.6580]
    Epoch 532:  [avg_train_loss=3.4170, avg_seen_mae=1.6580]
    Epoch 533:  [avg_train_loss=3.4170, avg_seen_mae=1.6580]
    Epoch 534:  [avg_train_loss=3.4170, avg_seen_mae=1.6580]
    Epoch 535:  [avg_train_loss=3.4170, avg_seen_mae=1.6580]
    Epoch 536:  [avg_train_loss=3.4170, avg_seen_mae=1.6580]
    Epoch 537:  [avg_train_loss=3.4170, avg_seen_mae=1.6580]
    Epoch 538:  [avg_train_loss=3.4170, avg_seen_mae=1.6580]
    Epoch 539:  [avg_train_loss=3.4170, avg_seen_mae=1.6580]
    Epoch 540:  [avg_train_loss=3.4170, avg_seen_mae=1.6580]
    Epoch 541:  [avg_train_loss=3.4170, avg_seen_mae=1.6580]
    Epoch 542:  [avg_train_loss=3.4170, avg_seen_mae=1.6580]
    Epoch 543:  [avg_train_loss=3.4170, avg_seen_mae=1.6580]
    Epoch 544:  [avg_train_loss=3.4170, avg_seen_mae=1.6580]
    Epoch 545:  [avg_train_loss=3.4170, avg_seen_mae=1.6580]
    Epoch 546:  [avg_train_loss=3.4170, avg_seen_mae=1.6580]
    Epoch 547:  [avg_train_loss=3.4170, avg_seen_mae=1.6580]
    Epoch 548:  [avg_train_loss=3.4170, avg_seen_mae=1.6580]
    Epoch 549:  [avg_train_loss=3.4170, avg_seen_mae=1.6580]
    Epoch 550:  [avg_train_loss=3.4170, avg_seen_mae=1.6580]
    Epoch 551:  [avg_train_loss=3.4170, avg_seen_mae=1.6580]
    Epoch 552:  [avg_train_loss=3.4170, avg_seen_mae=1.6580]
    Epoch 553:  [avg_train_loss=3.4170, avg_seen_mae=1.6580]
    Epoch 554:  [avg_train_loss=3.4170, avg_seen_mae=1.6580]
    Epoch 555:  [avg_train_loss=3.4170, avg_seen_mae=1.6580]
    Epoch 556:  [avg_train_loss=3.4170, avg_seen_mae=1.6580]
    Epoch 557:  [avg_train_loss=3.4170, avg_seen_mae=1.6580]
    Epoch 558:  [avg_train_loss=3.4170, avg_seen_mae=1.6580]
    Epoch 559:  [avg_train_loss=3.4170, avg_seen_mae=1.6580]
    Epoch 560:  [avg_train_loss=3.4170, avg_seen_mae=1.6580]
    Epoch 561:  [avg_train_loss=3.4170, avg_seen_mae=1.6580]
    Epoch 562:  [avg_train_loss=3.4170, avg_seen_mae=1.6580]
    Epoch 563:  [avg_train_loss=3.4170, avg_seen_mae=1.6580]
    Epoch 564:  [avg_train_loss=3.4170, avg_seen_mae=1.6580]
    Epoch 565:  [avg_train_loss=3.4170, avg_seen_mae=1.6580]
    Epoch 566:  [avg_train_loss=3.4170, avg_seen_mae=1.6580]
    Epoch 567:  [avg_train_loss=3.4170, avg_seen_mae=1.6580]
    Epoch 568:  [avg_train_loss=3.4170, avg_seen_mae=1.6580]
    Epoch 569:  [avg_train_loss=3.4170, avg_seen_mae=1.6580]
    Epoch 570:  [avg_train_loss=3.4170, avg_seen_mae=1.6580]
    Epoch 571:  [avg_train_loss=3.4170, avg_seen_mae=1.6580]
    Epoch 572:  [avg_train_loss=3.4170, avg_seen_mae=1.6580]
    Epoch 573:  [avg_train_loss=3.4170, avg_seen_mae=1.6580]
    Epoch 574:  [avg_train_loss=3.4170, avg_seen_mae=1.6580]
    Epoch 575:  [avg_train_loss=3.4170, avg_seen_mae=1.6580]
    Epoch 576:  [avg_train_loss=3.4170, avg_seen_mae=1.6580]
    Epoch 577:  [avg_train_loss=3.4170, avg_seen_mae=1.6580]
    Epoch 578:  [avg_train_loss=3.4170, avg_seen_mae=1.6580]
    Epoch 579:  [avg_train_loss=3.4170, avg_seen_mae=1.6580]
    Epoch 580:  [avg_train_loss=3.4170, avg_seen_mae=1.6580]
    Epoch 581:  [avg_train_loss=3.4170, avg_seen_mae=1.6580]
    Epoch 582:  [avg_train_loss=3.4170, avg_seen_mae=1.6580]
    Epoch 583:  [avg_train_loss=3.4170, avg_seen_mae=1.6580]
    Epoch 584:  [avg_train_loss=3.4170, avg_seen_mae=1.6580]
    Epoch 585:  [avg_train_loss=3.4170, avg_seen_mae=1.6580]
    Epoch 586:  [avg_train_loss=3.4170, avg_seen_mae=1.6580]
    Epoch 587:  [avg_train_loss=3.4170, avg_seen_mae=1.6580]
    Epoch 588:  [avg_train_loss=3.4170, avg_seen_mae=1.6580]
    Epoch 589:  [avg_train_loss=3.4170, avg_seen_mae=1.6580]
    Epoch 590:  [avg_train_loss=3.4170, avg_seen_mae=1.6580]
    Epoch 591:  [avg_train_loss=3.4170, avg_seen_mae=1.6580]
    Epoch 592:  [avg_train_loss=3.4170, avg_seen_mae=1.6580]
    Epoch 593:  [avg_train_loss=3.4170, avg_seen_mae=1.6580]
    Epoch 594:  [avg_train_loss=3.4170, avg_seen_mae=1.6580]
    Epoch 595:  [avg_train_loss=3.4170, avg_seen_mae=1.6580]
    Epoch 596:  [avg_train_loss=3.4170, avg_seen_mae=1.6580]
    Epoch 597:  [avg_train_loss=3.4170, avg_seen_mae=1.6580]
    Epoch 598:  [avg_train_loss=3.4170, avg_seen_mae=1.6580]
    Epoch 599:  [avg_train_loss=3.4170, avg_seen_mae=1.6580]
    Epoch 600:  [avg_train_loss=3.4170, avg_seen_mae=1.6580]
    Epoch 601:  [avg_train_loss=3.4170, avg_seen_mae=1.6580]
    Epoch 602:  [avg_train_loss=3.4170, avg_seen_mae=1.6580]
    Epoch 603:  [avg_train_loss=3.4170, avg_seen_mae=1.6580]
    Epoch 604:  [avg_train_loss=3.4170, avg_seen_mae=1.6580]
    Epoch 605:  [avg_train_loss=3.4170, avg_seen_mae=1.6580]
    Epoch 606:  [avg_train_loss=3.4170, avg_seen_mae=1.6580]
    Epoch 607:  [avg_train_loss=3.4170, avg_seen_mae=1.6580]
    Epoch 608:  [avg_train_loss=3.4170, avg_seen_mae=1.6580]
    Epoch 609:  [avg_train_loss=3.4170, avg_seen_mae=1.6580]
    Epoch 610:  [avg_train_loss=3.4170, avg_seen_mae=1.6580]
    Epoch 611:  [avg_train_loss=3.4170, avg_seen_mae=1.6580]
    Epoch 612:  [avg_train_loss=3.4170, avg_seen_mae=1.6580]
    Epoch 613:  [avg_train_loss=3.4170, avg_seen_mae=1.6580]
    Epoch 614:  [avg_train_loss=3.4170, avg_seen_mae=1.6580]
    Epoch 615:  [avg_train_loss=3.4170, avg_seen_mae=1.6580]
    Epoch 616:  [avg_train_loss=3.4170, avg_seen_mae=1.6580]
    Epoch 617:  [avg_train_loss=3.4170, avg_seen_mae=1.6580]
    Epoch 618:  [avg_train_loss=3.4170, avg_seen_mae=1.6580]
    Epoch 619:  [avg_train_loss=3.4170, avg_seen_mae=1.6580]
    Epoch 620:  [avg_train_loss=3.4170, avg_seen_mae=1.6580]
    Epoch 621:  [avg_train_loss=3.4170, avg_seen_mae=1.6580]
    Epoch 622:  [avg_train_loss=3.4170, avg_seen_mae=1.6580]
    Epoch 623:  [avg_train_loss=3.4170, avg_seen_mae=1.6580]
    Epoch 624:  [avg_train_loss=3.4170, avg_seen_mae=1.6580]
    Epoch 625:  [avg_train_loss=3.4170, avg_seen_mae=1.6580]
    Epoch 626:  [avg_train_loss=3.4170, avg_seen_mae=1.6580]
    Epoch 627:  [avg_train_loss=3.4170, avg_seen_mae=1.6580]
    Epoch 628:  [avg_train_loss=3.4170, avg_seen_mae=1.6580]
    Epoch 629:  [avg_train_loss=3.4170, avg_seen_mae=1.6580]
    Epoch 630:  [avg_train_loss=3.4170, avg_seen_mae=1.6580]
    Epoch 631:  [avg_train_loss=3.4170, avg_seen_mae=1.6580]
    Epoch 632:  [avg_train_loss=3.4170, avg_seen_mae=1.6580]
    Epoch 633:  [avg_train_loss=3.4170, avg_seen_mae=1.6580]
    Epoch 634:  [avg_train_loss=3.4170, avg_seen_mae=1.6580]
    Epoch 635:  [avg_train_loss=3.4170, avg_seen_mae=1.6580]
    Epoch 636:  [avg_train_loss=3.4170, avg_seen_mae=1.6580]
    Epoch 637:  [avg_train_loss=3.4170, avg_seen_mae=1.6580]
    Epoch 638:  [avg_train_loss=3.4170, avg_seen_mae=1.6580]
    Epoch 639:  [avg_train_loss=3.4170, avg_seen_mae=1.6580]
    Epoch 640:  [avg_train_loss=3.4170, avg_seen_mae=1.6580]
    Epoch 641:  [avg_train_loss=3.4170, avg_seen_mae=1.6580]
    Epoch 642:  [avg_train_loss=3.4170, avg_seen_mae=1.6580]
    Epoch 643:  [avg_train_loss=3.4170, avg_seen_mae=1.6580]
    Epoch 644:  [avg_train_loss=3.4170, avg_seen_mae=1.6580]
    Epoch 645:  [avg_train_loss=3.4170, avg_seen_mae=1.6580]
    Epoch 646:  [avg_train_loss=3.4170, avg_seen_mae=1.6580]
    Epoch 647:  [avg_train_loss=3.4170, avg_seen_mae=1.6580]
    Epoch 648:  [avg_train_loss=3.4170, avg_seen_mae=1.6580]
    Epoch 649:  [avg_train_loss=3.4170, avg_seen_mae=1.6580]
    Epoch 650:  [avg_train_loss=3.4170, avg_seen_mae=1.6580]
    Epoch 651:  [avg_train_loss=3.4170, avg_seen_mae=1.6580]
    Epoch 652:  [avg_train_loss=3.4170, avg_seen_mae=1.6580]
    Epoch 653:  [avg_train_loss=3.4170, avg_seen_mae=1.6580]
    Epoch 654:  [avg_train_loss=3.4170, avg_seen_mae=1.6580]
    Epoch 655:  [avg_train_loss=3.4170, avg_seen_mae=1.6580]
    Epoch 656:  [avg_train_loss=3.4170, avg_seen_mae=1.6580]
    Epoch 657:  [avg_train_loss=3.4170, avg_seen_mae=1.6580]
    Epoch 658:  [avg_train_loss=3.4170, avg_seen_mae=1.6580]
    Epoch 659:  [avg_train_loss=3.4170, avg_seen_mae=1.6580]
    Epoch 660:  [avg_train_loss=3.4170, avg_seen_mae=1.6580]
    Epoch 661:  [avg_train_loss=3.4170, avg_seen_mae=1.6580]
    Epoch 662:  [avg_train_loss=3.4170, avg_seen_mae=1.6580]
    Epoch 663:  [avg_train_loss=3.4170, avg_seen_mae=1.6580]
    Epoch 664:  [avg_train_loss=3.4170, avg_seen_mae=1.6580]
    Epoch 665:  [avg_train_loss=3.4170, avg_seen_mae=1.6580]
    Epoch 666:  [avg_train_loss=3.4170, avg_seen_mae=1.6580]
    Epoch 667:  [avg_train_loss=3.4170, avg_seen_mae=1.6580]
    Epoch 668:  [avg_train_loss=3.4170, avg_seen_mae=1.6580]
    Epoch 669:  [avg_train_loss=3.4170, avg_seen_mae=1.6580]
    Epoch 670:  [avg_train_loss=3.4170, avg_seen_mae=1.6580]
    Epoch 671:  [avg_train_loss=3.4170, avg_seen_mae=1.6580]
    Epoch 672:  [avg_train_loss=3.4170, avg_seen_mae=1.6580]
    Epoch 673:  [avg_train_loss=3.4170, avg_seen_mae=1.6580]
    Epoch 674:  [avg_train_loss=3.4170, avg_seen_mae=1.6580]
    Epoch 675:  [avg_train_loss=3.4170, avg_seen_mae=1.6580]
    Epoch 676:  [avg_train_loss=3.4170, avg_seen_mae=1.6580]
    Epoch 677:  [avg_train_loss=3.4170, avg_seen_mae=1.6580]
    Epoch 678:  [avg_train_loss=3.4170, avg_seen_mae=1.6580]
    Epoch 679:  [avg_train_loss=3.4170, avg_seen_mae=1.6580]
    Epoch 680:  [avg_train_loss=3.4170, avg_seen_mae=1.6580]
    Epoch 681:  [avg_train_loss=3.4170, avg_seen_mae=1.6580]
    Epoch 682:  [avg_train_loss=3.4170, avg_seen_mae=1.6580]
    Epoch 683:  [avg_train_loss=3.4170, avg_seen_mae=1.6580]
    Epoch 684:  [avg_train_loss=3.4170, avg_seen_mae=1.6580]
    Epoch 685:  [avg_train_loss=3.4170, avg_seen_mae=1.6580]
    Epoch 686:  [avg_train_loss=3.4170, avg_seen_mae=1.6580]
    Epoch 687:  [avg_train_loss=3.4170, avg_seen_mae=1.6580]
    Epoch 688:  [avg_train_loss=3.4170, avg_seen_mae=1.6580]
    Epoch 689:  [avg_train_loss=3.4170, avg_seen_mae=1.6580]
    Epoch 690:  [avg_train_loss=3.4170, avg_seen_mae=1.6580]
    Epoch 691:  [avg_train_loss=3.4170, avg_seen_mae=1.6580]
    Epoch 692:  [avg_train_loss=3.4170, avg_seen_mae=1.6580]
    Epoch 693:  [avg_train_loss=3.4170, avg_seen_mae=1.6580]
    Epoch 694:  [avg_train_loss=3.4170, avg_seen_mae=1.6580]
    Epoch 695:  [avg_train_loss=3.4170, avg_seen_mae=1.6580]
    Epoch 696:  [avg_train_loss=3.4170, avg_seen_mae=1.6580]
    Epoch 697:  [avg_train_loss=3.4170, avg_seen_mae=1.6580]
    Epoch 698:  [avg_train_loss=3.4170, avg_seen_mae=1.6580]
    Epoch 699:  [avg_train_loss=3.4170, avg_seen_mae=1.6580]
    Epoch 700:  [avg_train_loss=3.4170, avg_seen_mae=1.6580]
    Epoch 701:  [avg_train_loss=3.4170, avg_seen_mae=1.6580]
    Epoch 702:  [avg_train_loss=3.4170, avg_seen_mae=1.6580]
    Epoch 703:  [avg_train_loss=3.4170, avg_seen_mae=1.6580]
    Epoch 704:  [avg_train_loss=3.4170, avg_seen_mae=1.6580]
    Epoch 705:  [avg_train_loss=3.4170, avg_seen_mae=1.6580]
    Epoch 706:  [avg_train_loss=3.4170, avg_seen_mae=1.6580]
    Epoch 707:  [avg_train_loss=3.4170, avg_seen_mae=1.6580]
    Epoch 708:  [avg_train_loss=3.4170, avg_seen_mae=1.6580]
    Epoch 709:  [avg_train_loss=3.4170, avg_seen_mae=1.6580]
    Epoch 710:  [avg_train_loss=3.4170, avg_seen_mae=1.6580]
    Epoch 711:  [avg_train_loss=3.4170, avg_seen_mae=1.6580]
    Epoch 712:  [avg_train_loss=3.4170, avg_seen_mae=1.6580]
    Epoch 713:  [avg_train_loss=3.4170, avg_seen_mae=1.6580]
    Epoch 714:  [avg_train_loss=3.4170, avg_seen_mae=1.6580]
    Epoch 715:  [avg_train_loss=3.4170, avg_seen_mae=1.6580]
    Epoch 716:  [avg_train_loss=3.4170, avg_seen_mae=1.6580]
    Epoch 717:  [avg_train_loss=3.4170, avg_seen_mae=1.6580]
    Epoch 718:  [avg_train_loss=3.4170, avg_seen_mae=1.6580]
    Epoch 719:  [avg_train_loss=3.4170, avg_seen_mae=1.6580]
    Epoch 720:  [avg_train_loss=3.4170, avg_seen_mae=1.6580]
    Epoch 721:  [avg_train_loss=3.4170, avg_seen_mae=1.6580]
    Epoch 722:  [avg_train_loss=3.4170, avg_seen_mae=1.6580]
    Epoch 723:  [avg_train_loss=3.4170, avg_seen_mae=1.6580]
    Epoch 724:  [avg_train_loss=3.4170, avg_seen_mae=1.6580]
    Epoch 725:  [avg_train_loss=3.4170, avg_seen_mae=1.6580]
    Epoch 726:  [avg_train_loss=3.4170, avg_seen_mae=1.6580]
    Epoch 727:  [avg_train_loss=3.4170, avg_seen_mae=1.6580]
    Epoch 728:  [avg_train_loss=3.4170, avg_seen_mae=1.6580]
    Epoch 729:  [avg_train_loss=3.4170, avg_seen_mae=1.6580]
    Epoch 730:  [avg_train_loss=3.4170, avg_seen_mae=1.6580]
    Epoch 731:  [avg_train_loss=3.4170, avg_seen_mae=1.6580]
    Epoch 732:  [avg_train_loss=3.4170, avg_seen_mae=1.6580]
    Epoch 733:  [avg_train_loss=3.4170, avg_seen_mae=1.6580]
    Epoch 734:  [avg_train_loss=3.4170, avg_seen_mae=1.6580]
    Epoch 735:  [avg_train_loss=3.4170, avg_seen_mae=1.6580]
    Epoch 736:  [avg_train_loss=3.4170, avg_seen_mae=1.6580]
    Epoch 737:  [avg_train_loss=3.4170, avg_seen_mae=1.6580]
    Epoch 738:  [avg_train_loss=3.4170, avg_seen_mae=1.6580]
    Epoch 739:  [avg_train_loss=3.4170, avg_seen_mae=1.6580]
    Epoch 740:  [avg_train_loss=3.4170, avg_seen_mae=1.6580]
    Epoch 741:  [avg_train_loss=3.4170, avg_seen_mae=1.6580]
    Epoch 742:  [avg_train_loss=3.4170, avg_seen_mae=1.6580]
    Epoch 743:  [avg_train_loss=3.4170, avg_seen_mae=1.6580]
    Epoch 744:  [avg_train_loss=3.4170, avg_seen_mae=1.6580]
    Epoch 745:  [avg_train_loss=3.4170, avg_seen_mae=1.6580]
    Epoch 746:  [avg_train_loss=3.4170, avg_seen_mae=1.6580]
    Epoch 747:  [avg_train_loss=3.4170, avg_seen_mae=1.6580]
    Epoch 748:  [avg_train_loss=3.4170, avg_seen_mae=1.6580]
    Epoch 749:  [avg_train_loss=3.4170, avg_seen_mae=1.6580]
    Epoch 750:  [avg_train_loss=3.4170, avg_seen_mae=1.6580]
    Epoch 751:  [avg_train_loss=3.4170, avg_seen_mae=1.6580]
    Epoch 752:  [avg_train_loss=3.4170, avg_seen_mae=1.6580]
    Epoch 753:  [avg_train_loss=3.4170, avg_seen_mae=1.6580]
    Epoch 754:  [avg_train_loss=3.4170, avg_seen_mae=1.6580]
    Epoch 755:  [avg_train_loss=3.4170, avg_seen_mae=1.6580]
    Epoch 756:  [avg_train_loss=3.4170, avg_seen_mae=1.6580]
    Epoch 757:  [avg_train_loss=3.4170, avg_seen_mae=1.6580]
    Epoch 758:  [avg_train_loss=3.4170, avg_seen_mae=1.6580]
    Epoch 759:  [avg_train_loss=3.4170, avg_seen_mae=1.6580]
    Epoch 760:  [avg_train_loss=3.4170, avg_seen_mae=1.6580]
    Epoch 761:  [avg_train_loss=3.4170, avg_seen_mae=1.6580]
    Epoch 762:  [avg_train_loss=3.4170, avg_seen_mae=1.6580]
    Epoch 763:  [avg_train_loss=3.4170, avg_seen_mae=1.6580]
    Epoch 764:  [avg_train_loss=3.4170, avg_seen_mae=1.6580]
    Epoch 765:  [avg_train_loss=3.4170, avg_seen_mae=1.6580]
    Epoch 766:  [avg_train_loss=3.4170, avg_seen_mae=1.6580]
    Epoch 767:  [avg_train_loss=3.4170, avg_seen_mae=1.6580]
    Epoch 768:  [avg_train_loss=3.4170, avg_seen_mae=1.6580]
    Epoch 769:  [avg_train_loss=3.4170, avg_seen_mae=1.6580]
    Epoch 770:  [avg_train_loss=3.4170, avg_seen_mae=1.6580]
    Epoch 771:  [avg_train_loss=3.4170, avg_seen_mae=1.6580]
    Epoch 772:  [avg_train_loss=3.4170, avg_seen_mae=1.6580]
    Epoch 773:  [avg_train_loss=3.4170, avg_seen_mae=1.6580]
    Epoch 774:  [avg_train_loss=3.4170, avg_seen_mae=1.6580]
    Epoch 775:  [avg_train_loss=3.4170, avg_seen_mae=1.6580]
    Epoch 776:  [avg_train_loss=3.4170, avg_seen_mae=1.6580]
    Epoch 777:  [avg_train_loss=3.4170, avg_seen_mae=1.6580]
    Epoch 778:  [avg_train_loss=3.4170, avg_seen_mae=1.6580]
    Epoch 779:  [avg_train_loss=3.4170, avg_seen_mae=1.6580]
    Epoch 780:  [avg_train_loss=3.4170, avg_seen_mae=1.6580]
    Epoch 781:  [avg_train_loss=3.4170, avg_seen_mae=1.6580]
    Epoch 782:  [avg_train_loss=3.4170, avg_seen_mae=1.6580]
    Epoch 783:  [avg_train_loss=3.4170, avg_seen_mae=1.6580]
    Epoch 784:  [avg_train_loss=3.4170, avg_seen_mae=1.6580]
    Epoch 785:  [avg_train_loss=3.4170, avg_seen_mae=1.6580]
    Epoch 786:  [avg_train_loss=3.4170, avg_seen_mae=1.6580]
    Epoch 787:  [avg_train_loss=3.4170, avg_seen_mae=1.6580]
    Epoch 788:  [avg_train_loss=3.4170, avg_seen_mae=1.6580]
    Epoch 789:  [avg_train_loss=3.4170, avg_seen_mae=1.6580]
    Epoch 790:  [avg_train_loss=3.4170, avg_seen_mae=1.6580]
    Epoch 791:  [avg_train_loss=3.4170, avg_seen_mae=1.6580]
    Epoch 792:  [avg_train_loss=3.4170, avg_seen_mae=1.6580]
    Epoch 793:  [avg_train_loss=3.4170, avg_seen_mae=1.6580]
    Epoch 794:  [avg_train_loss=3.4170, avg_seen_mae=1.6580]
    Epoch 795:  [avg_train_loss=3.4170, avg_seen_mae=1.6580]
    Epoch 796:  [avg_train_loss=3.4170, avg_seen_mae=1.6580]
    Epoch 797:  [avg_train_loss=3.4170, avg_seen_mae=1.6580]
    Epoch 798:  [avg_train_loss=3.4170, avg_seen_mae=1.6580]
    Epoch 799:  [avg_train_loss=3.4170, avg_seen_mae=1.6580]
    Epoch 800:  [avg_train_loss=3.4170, avg_seen_mae=1.6580]
    Epoch 801:  [avg_train_loss=3.4170, avg_seen_mae=1.6580]
    Epoch 802:  [avg_train_loss=3.4170, avg_seen_mae=1.6580]
    Epoch 803:  [avg_train_loss=3.4170, avg_seen_mae=1.6580]
    Epoch 804:  [avg_train_loss=3.4170, avg_seen_mae=1.6580]
    Epoch 805:  [avg_train_loss=3.4170, avg_seen_mae=1.6580]
    Epoch 806:  [avg_train_loss=3.4170, avg_seen_mae=1.6580]
    Epoch 807:  [avg_train_loss=3.4170, avg_seen_mae=1.6580]
    Epoch 808:  [avg_train_loss=3.4170, avg_seen_mae=1.6580]
    Epoch 809:  [avg_train_loss=3.4170, avg_seen_mae=1.6580]
    Epoch 810:  [avg_train_loss=3.4170, avg_seen_mae=1.6580]
    Epoch 811:  [avg_train_loss=3.4170, avg_seen_mae=1.6580]
    Epoch 812:  [avg_train_loss=3.4170, avg_seen_mae=1.6580]
    Epoch 813:  [avg_train_loss=3.4170, avg_seen_mae=1.6580]
    Epoch 814:  [avg_train_loss=3.4170, avg_seen_mae=1.6580]
    Epoch 815:  [avg_train_loss=3.4170, avg_seen_mae=1.6580]
    Epoch 816:  [avg_train_loss=3.4170, avg_seen_mae=1.6580]
    Epoch 817:  [avg_train_loss=3.4170, avg_seen_mae=1.6580]
    Epoch 818:  [avg_train_loss=3.4170, avg_seen_mae=1.6580]
    Epoch 819:  [avg_train_loss=3.4170, avg_seen_mae=1.6580]
    Epoch 820:  [avg_train_loss=3.4170, avg_seen_mae=1.6580]
    Epoch 821:  [avg_train_loss=3.4170, avg_seen_mae=1.6580]
    Epoch 822:  [avg_train_loss=3.4170, avg_seen_mae=1.6580]
    Epoch 823:  [avg_train_loss=3.4170, avg_seen_mae=1.6580]
    Epoch 824:  [avg_train_loss=3.4170, avg_seen_mae=1.6580]
    Epoch 825:  [avg_train_loss=3.4170, avg_seen_mae=1.6580]
    Epoch 826:  [avg_train_loss=3.4170, avg_seen_mae=1.6580]
    Epoch 827:  [avg_train_loss=3.4170, avg_seen_mae=1.6580]
    Epoch 828:  [avg_train_loss=3.4170, avg_seen_mae=1.6580]
    Epoch 829:  [avg_train_loss=3.4170, avg_seen_mae=1.6580]
    Epoch 830:  [avg_train_loss=3.4170, avg_seen_mae=1.6580]
    Epoch 831:  [avg_train_loss=3.4170, avg_seen_mae=1.6580]
    Epoch 832:  [avg_train_loss=3.4170, avg_seen_mae=1.6580]
    Epoch 833:  [avg_train_loss=3.4170, avg_seen_mae=1.6580]
    Epoch 834:  [avg_train_loss=3.4170, avg_seen_mae=1.6580]
    Epoch 835:  [avg_train_loss=3.4170, avg_seen_mae=1.6580]
    Epoch 836:  [avg_train_loss=3.4170, avg_seen_mae=1.6580]
    Epoch 837:  [avg_train_loss=3.4170, avg_seen_mae=1.6580]
    Epoch 838:  [avg_train_loss=3.4170, avg_seen_mae=1.6580]
    Epoch 839:  [avg_train_loss=3.4170, avg_seen_mae=1.6580]
    Epoch 840:  [avg_train_loss=3.4170, avg_seen_mae=1.6580]
    Epoch 841:  [avg_train_loss=3.4170, avg_seen_mae=1.6580]
    Epoch 842:  [avg_train_loss=3.4170, avg_seen_mae=1.6580]
    Epoch 843:  [avg_train_loss=3.4170, avg_seen_mae=1.6580]
    Epoch 844:  [avg_train_loss=3.4170, avg_seen_mae=1.6580]
    Epoch 845:  [avg_train_loss=3.4170, avg_seen_mae=1.6580]
    Epoch 846:  [avg_train_loss=3.4170, avg_seen_mae=1.6580]
    Epoch 847:  [avg_train_loss=3.4170, avg_seen_mae=1.6580]
    Epoch 848:  [avg_train_loss=3.4170, avg_seen_mae=1.6580]
    Epoch 849:  [avg_train_loss=3.4170, avg_seen_mae=1.6580]
    Epoch 850:  [avg_train_loss=3.4170, avg_seen_mae=1.6580]
    Epoch 851:  [avg_train_loss=3.4170, avg_seen_mae=1.6580]
    Epoch 852:  [avg_train_loss=3.4170, avg_seen_mae=1.6580]
    Epoch 853:  [avg_train_loss=3.4170, avg_seen_mae=1.6580]
    Epoch 854:  [avg_train_loss=3.4170, avg_seen_mae=1.6580]
    Epoch 855:  [avg_train_loss=3.4170, avg_seen_mae=1.6580]
    Epoch 856:  [avg_train_loss=3.4170, avg_seen_mae=1.6580]
    Epoch 857:  [avg_train_loss=3.4170, avg_seen_mae=1.6580]
    Epoch 858:  [avg_train_loss=3.4170, avg_seen_mae=1.6580]
    Epoch 859:  [avg_train_loss=3.4170, avg_seen_mae=1.6580]
    Epoch 860:  [avg_train_loss=3.4170, avg_seen_mae=1.6580]
    Epoch 861:  [avg_train_loss=3.4170, avg_seen_mae=1.6580]
    Epoch 862:  [avg_train_loss=3.4170, avg_seen_mae=1.6580]
    Epoch 863:  [avg_train_loss=3.4170, avg_seen_mae=1.6580]
    Epoch 864:  [avg_train_loss=3.4170, avg_seen_mae=1.6580]
    Epoch 865:  [avg_train_loss=3.4170, avg_seen_mae=1.6580]
    Epoch 866:  [avg_train_loss=3.4170, avg_seen_mae=1.6580]
    Epoch 867:  [avg_train_loss=3.4170, avg_seen_mae=1.6580]
    Epoch 868:  [avg_train_loss=3.4170, avg_seen_mae=1.6580]
    Epoch 869:  [avg_train_loss=3.4170, avg_seen_mae=1.6580]
    Epoch 870:  [avg_train_loss=3.4170, avg_seen_mae=1.6580]
    Epoch 871:  [avg_train_loss=3.4170, avg_seen_mae=1.6580]
    Epoch 872:  [avg_train_loss=3.4170, avg_seen_mae=1.6580]
    Epoch 873:  [avg_train_loss=3.4170, avg_seen_mae=1.6580]
    Epoch 874:  [avg_train_loss=3.4170, avg_seen_mae=1.6580]
    Epoch 875:  [avg_train_loss=3.4170, avg_seen_mae=1.6580]
    Epoch 876:  [avg_train_loss=3.4170, avg_seen_mae=1.6580]
    Epoch 877:  [avg_train_loss=3.4170, avg_seen_mae=1.6580]
    Epoch 878:  [avg_train_loss=3.4170, avg_seen_mae=1.6580]
    Epoch 879:  [avg_train_loss=3.4170, avg_seen_mae=1.6580]
    Epoch 880:  [avg_train_loss=3.4170, avg_seen_mae=1.6580]
    Epoch 881:  [avg_train_loss=3.4170, avg_seen_mae=1.6580]
    Epoch 882:  [avg_train_loss=3.4170, avg_seen_mae=1.6580]
    Epoch 883:  [avg_train_loss=3.4170, avg_seen_mae=1.6580]
    Epoch 884:  [avg_train_loss=3.4170, avg_seen_mae=1.6580]
    Epoch 885:  [avg_train_loss=3.4170, avg_seen_mae=1.6580]
    Epoch 886:  [avg_train_loss=3.4170, avg_seen_mae=1.6580]
    Epoch 887:  [avg_train_loss=3.4170, avg_seen_mae=1.6580]
    Epoch 888:  [avg_train_loss=3.4170, avg_seen_mae=1.6580]
    Epoch 889:  [avg_train_loss=3.4170, avg_seen_mae=1.6580]
    Epoch 890:  [avg_train_loss=3.4170, avg_seen_mae=1.6580]
    Epoch 891:  [avg_train_loss=3.4170, avg_seen_mae=1.6580]
    Epoch 892:  [avg_train_loss=3.4170, avg_seen_mae=1.6580]
    Epoch 893:  [avg_train_loss=3.4170, avg_seen_mae=1.6580]
    Epoch 894:  [avg_train_loss=3.4170, avg_seen_mae=1.6580]
    Epoch 895:  [avg_train_loss=3.4170, avg_seen_mae=1.6580]
    Epoch 896:  [avg_train_loss=3.4170, avg_seen_mae=1.6580]
    Epoch 897:  [avg_train_loss=3.4170, avg_seen_mae=1.6580]
    Epoch 898:  [avg_train_loss=3.4170, avg_seen_mae=1.6580]
    Epoch 899:  [avg_train_loss=3.4170, avg_seen_mae=1.6580]
    Epoch 900:  [avg_train_loss=3.4170, avg_seen_mae=1.6580]
    Epoch 901:  [avg_train_loss=3.4170, avg_seen_mae=1.6580]
    Epoch 902:  [avg_train_loss=3.4170, avg_seen_mae=1.6580]
    Epoch 903:  [avg_train_loss=3.4170, avg_seen_mae=1.6580]
    Epoch 904:  [avg_train_loss=3.4170, avg_seen_mae=1.6580]
    Epoch 905:  [avg_train_loss=3.4170, avg_seen_mae=1.6580]
    Epoch 906:  [avg_train_loss=3.4170, avg_seen_mae=1.6580]
    Epoch 907:  [avg_train_loss=3.4170, avg_seen_mae=1.6580]
    Epoch 908:  [avg_train_loss=3.4170, avg_seen_mae=1.6580]
    Epoch 909:  [avg_train_loss=3.4170, avg_seen_mae=1.6580]
    Epoch 910:  [avg_train_loss=3.4170, avg_seen_mae=1.6580]
    Epoch 911:  [avg_train_loss=3.4170, avg_seen_mae=1.6580]
    Epoch 912:  [avg_train_loss=3.4170, avg_seen_mae=1.6580]
    Epoch 913:  [avg_train_loss=3.4170, avg_seen_mae=1.6580]
    Epoch 914:  [avg_train_loss=3.4170, avg_seen_mae=1.6580]
    Epoch 915:  [avg_train_loss=3.4170, avg_seen_mae=1.6580]
    Epoch 916:  [avg_train_loss=3.4170, avg_seen_mae=1.6580]
    Epoch 917:  [avg_train_loss=3.4170, avg_seen_mae=1.6580]
    Epoch 918:  [avg_train_loss=3.4170, avg_seen_mae=1.6580]
    Epoch 919:  [avg_train_loss=3.4170, avg_seen_mae=1.6580]
    Epoch 920:  [avg_train_loss=3.4170, avg_seen_mae=1.6580]
    Epoch 921:  [avg_train_loss=3.4170, avg_seen_mae=1.6580]
    Epoch 922:  [avg_train_loss=3.4170, avg_seen_mae=1.6580]
    Epoch 923:  [avg_train_loss=3.4170, avg_seen_mae=1.6580]
    Epoch 924:  [avg_train_loss=3.4170, avg_seen_mae=1.6580]
    Epoch 925:  [avg_train_loss=3.4170, avg_seen_mae=1.6580]
    Epoch 926:  [avg_train_loss=3.4170, avg_seen_mae=1.6580]
    Epoch 927:  [avg_train_loss=3.4170, avg_seen_mae=1.6580]
    Epoch 928:  [avg_train_loss=3.4170, avg_seen_mae=1.6580]
    Epoch 929:  [avg_train_loss=3.4170, avg_seen_mae=1.6580]
    Epoch 930:  [avg_train_loss=3.4170, avg_seen_mae=1.6580]
    Epoch 931:  [avg_train_loss=3.4170, avg_seen_mae=1.6580]
    Epoch 932:  [avg_train_loss=3.4170, avg_seen_mae=1.6580]
    Epoch 933:  [avg_train_loss=3.4170, avg_seen_mae=1.6580]
    Epoch 934:  [avg_train_loss=3.4170, avg_seen_mae=1.6580]
    Epoch 935:  [avg_train_loss=3.4170, avg_seen_mae=1.6580]
    Epoch 936:  [avg_train_loss=3.4170, avg_seen_mae=1.6580]
    Epoch 937:  [avg_train_loss=3.4170, avg_seen_mae=1.6580]
    Epoch 938:  [avg_train_loss=3.4170, avg_seen_mae=1.6580]
    Epoch 939:  [avg_train_loss=3.4170, avg_seen_mae=1.6580]
    Epoch 940:  [avg_train_loss=3.4170, avg_seen_mae=1.6580]
    Epoch 941:  [avg_train_loss=3.4170, avg_seen_mae=1.6580]
    Epoch 942:  [avg_train_loss=3.4170, avg_seen_mae=1.6580]
    Epoch 943:  [avg_train_loss=3.4170, avg_seen_mae=1.6580]
    Epoch 944:  [avg_train_loss=3.4170, avg_seen_mae=1.6580]
    Epoch 945:  [avg_train_loss=3.4170, avg_seen_mae=1.6580]
    Epoch 946:  [avg_train_loss=3.4170, avg_seen_mae=1.6580]
    Epoch 947:  [avg_train_loss=3.4170, avg_seen_mae=1.6580]
    Epoch 948:  [avg_train_loss=3.4170, avg_seen_mae=1.6580]
    Epoch 949:  [avg_train_loss=3.4170, avg_seen_mae=1.6580]
    Epoch 950:  [avg_train_loss=3.4170, avg_seen_mae=1.6580]
    Epoch 951:  [avg_train_loss=3.4170, avg_seen_mae=1.6580]
    Epoch 952:  [avg_train_loss=3.4170, avg_seen_mae=1.6580]
    Epoch 953:  [avg_train_loss=3.4170, avg_seen_mae=1.6580]
    Epoch 954:  [avg_train_loss=3.4170, avg_seen_mae=1.6580]
    Epoch 955:  [avg_train_loss=3.4170, avg_seen_mae=1.6580]
    Epoch 956:  [avg_train_loss=3.4170, avg_seen_mae=1.6580]
    Epoch 957:  [avg_train_loss=3.4170, avg_seen_mae=1.6580]
    Epoch 958:  [avg_train_loss=3.4170, avg_seen_mae=1.6580]
    Epoch 959:  [avg_train_loss=3.4170, avg_seen_mae=1.6580]
    Epoch 960:  [avg_train_loss=3.4170, avg_seen_mae=1.6580]
    Epoch 961:  [avg_train_loss=3.4170, avg_seen_mae=1.6580]
    Epoch 962:  [avg_train_loss=3.4170, avg_seen_mae=1.6580]
    Epoch 963:  [avg_train_loss=3.4170, avg_seen_mae=1.6580]
    Epoch 964:  [avg_train_loss=3.4170, avg_seen_mae=1.6580]
    Epoch 965:  [avg_train_loss=3.4170, avg_seen_mae=1.6580]
    Epoch 966:  [avg_train_loss=3.4170, avg_seen_mae=1.6580]
    Epoch 967:  [avg_train_loss=3.4170, avg_seen_mae=1.6580]
    Epoch 968:  [avg_train_loss=3.4170, avg_seen_mae=1.6580]
    Epoch 969:  [avg_train_loss=3.4170, avg_seen_mae=1.6580]
    Epoch 970:  [avg_train_loss=3.4170, avg_seen_mae=1.6580]
    Epoch 971:  [avg_train_loss=3.4170, avg_seen_mae=1.6580]
    Epoch 972:  [avg_train_loss=3.4170, avg_seen_mae=1.6580]
    Epoch 973:  [avg_train_loss=3.4170, avg_seen_mae=1.6580]
    Epoch 974:  [avg_train_loss=3.4170, avg_seen_mae=1.6580]
    Epoch 975:  [avg_train_loss=3.4170, avg_seen_mae=1.6580]
    Epoch 976:  [avg_train_loss=3.4170, avg_seen_mae=1.6580]
    Epoch 977:  [avg_train_loss=3.4170, avg_seen_mae=1.6580]
    Epoch 978:  [avg_train_loss=3.4170, avg_seen_mae=1.6580]
    Epoch 979:  [avg_train_loss=3.4170, avg_seen_mae=1.6580]
    Epoch 980:  [avg_train_loss=3.4170, avg_seen_mae=1.6580]
    Epoch 981:  [avg_train_loss=3.4170, avg_seen_mae=1.6580]
    Epoch 982:  [avg_train_loss=3.4170, avg_seen_mae=1.6580]
    Epoch 983:  [avg_train_loss=3.4170, avg_seen_mae=1.6580]
    Epoch 984:  [avg_train_loss=3.4170, avg_seen_mae=1.6580]
    Epoch 985:  [avg_train_loss=3.4170, avg_seen_mae=1.6580]
    Epoch 986:  [avg_train_loss=3.4170, avg_seen_mae=1.6580]
    Epoch 987:  [avg_train_loss=3.4170, avg_seen_mae=1.6580]
    Epoch 988:  [avg_train_loss=3.4170, avg_seen_mae=1.6580]
    Epoch 989:  [avg_train_loss=3.4170, avg_seen_mae=1.6580]
    Epoch 990:  [avg_train_loss=3.4170, avg_seen_mae=1.6580]
    Epoch 991:  [avg_train_loss=3.4170, avg_seen_mae=1.6580]
    Epoch 992:  [avg_train_loss=3.4170, avg_seen_mae=1.6580]
    Epoch 993:  [avg_train_loss=3.4170, avg_seen_mae=1.6580]
    Epoch 994:  [avg_train_loss=3.4170, avg_seen_mae=1.6580]
    Epoch 995:  [avg_train_loss=3.4170, avg_seen_mae=1.6580]
    Epoch 996:  [avg_train_loss=3.4170, avg_seen_mae=1.6580]
    Epoch 997:  [avg_train_loss=3.4170, avg_seen_mae=1.6580]
    Epoch 998:  [avg_train_loss=3.4170, avg_seen_mae=1.6580]
    Epoch 999:  [avg_train_loss=3.4170, avg_seen_mae=1.6580]
    Epoch 1000:  [avg_train_loss=3.4170, avg_seen_mae=1.6580]
  [AGGREGATED_CURVES_END]


==================================================
  Experiment: Withholding m=1 stations
==================================================
  Running 23 iterations for m=1...

  --- Iteration 1/23 ---
  Unseen stations (1): ['0-20000-0-06235']
  [Time Est] ~23.8s/epoch. ETA for m=1: ~182.8 mins.
    Epoch   10/1000 | Loss: 3.5854 | Monitor MAE: 1.5545 | Patience: 0/10
    Epoch   20/1000 | Loss: 3.5419 | Monitor MAE: 1.5486 | Patience: 4/10
    Early stopping triggered after 25 epochs.
    Iter 1 Results -> Seen MAE: 1.7250 | Unseen MAE: 1.5326

  --- Iteration 2/23 ---
  Unseen stations (1): ['0-20000-0-06240']
    Epoch   10/1000 | Loss: 3.5902 | Monitor MAE: 1.6449 | Patience: 2/10
    Epoch   20/1000 | Loss: 3.5508 | Monitor MAE: 1.6281 | Patience: 0/10
    Epoch   30/1000 | Loss: 3.5205 | Monitor MAE: 1.6086 | Patience: 0/10
    Epoch   40/1000 | Loss: 3.5023 | Monitor MAE: 1.5933 | Patience: 1/10
    Epoch   50/1000 | Loss: 3.4834 | Monitor MAE: 1.5915 | Patience: 3/10
    Epoch   60/1000 | Loss: 3.4750 | Monitor MAE: 1.5919 | Patience: 6/10
    Early stopping triggered after 63 epochs.
    Iter 2 Results -> Seen MAE: 1.6784 | Unseen MAE: 1.5835

  --- Iteration 3/23 ---
  Unseen stations (1): ['0-20000-0-06260']
    Epoch   10/1000 | Loss: 3.5750 | Monitor MAE: 1.6985 | Patience: 0/10
    Epoch   20/1000 | Loss: 3.5278 | Monitor MAE: 1.6753 | Patience: 1/10
    Epoch   30/1000 | Loss: 3.5072 | Monitor MAE: 1.6607 | Patience: 1/10
    Epoch   40/1000 | Loss: 3.4899 | Monitor MAE: 1.6514 | Patience: 0/10
    Epoch   50/1000 | Loss: 3.4736 | Monitor MAE: 1.6413 | Patience: 2/10
    Epoch   60/1000 | Loss: 3.4605 | Monitor MAE: 1.6247 | Patience: 0/10
    Epoch   70/1000 | Loss: 3.4493 | Monitor MAE: 1.6238 | Patience: 0/10
    Epoch   80/1000 | Loss: 3.4338 | Monitor MAE: 1.6125 | Patience: 0/10
    Epoch   90/1000 | Loss: 3.4236 | Monitor MAE: 1.6124 | Patience: 1/10
    Epoch  100/1000 | Loss: 3.4181 | Monitor MAE: 1.6022 | Patience: 5/10
    Epoch  110/1000 | Loss: 3.4118 | Monitor MAE: 1.6052 | Patience: 0/10
    Early stopping triggered after 119 epochs.
    Iter 3 Results -> Seen MAE: 1.6309 | Unseen MAE: 1.5938

  --- Iteration 4/23 ---
  Unseen stations (1): ['0-20000-0-06269']
    Epoch   10/1000 | Loss: 3.5727 | Monitor MAE: 1.6982 | Patience: 1/10
    Epoch   20/1000 | Loss: 3.5312 | Monitor MAE: 1.6819 | Patience: 0/10
    Epoch   30/1000 | Loss: 3.5002 | Monitor MAE: 1.6701 | Patience: 3/10
    Epoch   40/1000 | Loss: 3.4851 | Monitor MAE: 1.6612 | Patience: 4/10
    Epoch   50/1000 | Loss: 3.4666 | Monitor MAE: 1.6525 | Patience: 1/10
    Epoch   60/1000 | Loss: 3.4541 | Monitor MAE: 1.6402 | Patience: 1/10
    Epoch   70/1000 | Loss: 3.4411 | Monitor MAE: 1.6349 | Patience: 8/10
    Epoch   80/1000 | Loss: 3.4334 | Monitor MAE: 1.6327 | Patience: 1/10
    Epoch   90/1000 | Loss: 3.4285 | Monitor MAE: 1.6252 | Patience: 8/10
    Early stopping triggered after 91 epochs.
    Iter 4 Results -> Seen MAE: 1.6468 | Unseen MAE: 1.6201

  --- Iteration 5/23 ---
  Unseen stations (1): ['0-20000-0-06270']
    Epoch   10/1000 | Loss: 3.5935 | Monitor MAE: 1.5873 | Patience: 7/10
    Epoch   20/1000 | Loss: 3.5478 | Monitor MAE: 1.5602 | Patience: 1/10
    Epoch   30/1000 | Loss: 3.5246 | Monitor MAE: 1.5574 | Patience: 3/10
    Early stopping triggered after 36 epochs.
    Iter 5 Results -> Seen MAE: 1.7061 | Unseen MAE: 1.5476

  --- Iteration 6/23 ---
  Unseen stations (1): ['0-20000-0-06273']
    Epoch   10/1000 | Loss: 3.5781 | Monitor MAE: 1.7045 | Patience: 0/10
    Epoch   20/1000 | Loss: 3.5403 | Monitor MAE: 1.6660 | Patience: 0/10
    Epoch   30/1000 | Loss: 3.5182 | Monitor MAE: 1.6538 | Patience: 3/10
    Epoch   40/1000 | Loss: 3.5054 | Monitor MAE: 1.6363 | Patience: 1/10
    Epoch   50/1000 | Loss: 3.4941 | Monitor MAE: 1.6377 | Patience: 3/10
    Epoch   60/1000 | Loss: 3.4755 | Monitor MAE: 1.6290 | Patience: 1/10
    Epoch   70/1000 | Loss: 3.4600 | Monitor MAE: 1.6152 | Patience: 0/10
    Epoch   80/1000 | Loss: 3.4490 | Monitor MAE: 1.6103 | Patience: 1/10
    Epoch   90/1000 | Loss: 3.4345 | Monitor MAE: 1.6046 | Patience: 2/10
    Epoch  100/1000 | Loss: 3.4263 | Monitor MAE: 1.6008 | Patience: 0/10
    Epoch  110/1000 | Loss: 3.4195 | Monitor MAE: 1.5876 | Patience: 2/10
    Epoch  120/1000 | Loss: 3.4129 | Monitor MAE: 1.5851 | Patience: 4/10
    Early stopping triggered after 125 epochs.
    Iter 6 Results -> Seen MAE: 1.6270 | Unseen MAE: 1.5820

  --- Iteration 7/23 ---
  Unseen stations (1): ['0-20000-0-06275']
    Epoch   10/1000 | Loss: 3.5520 | Monitor MAE: 1.8931 | Patience: 0/10
    Epoch   20/1000 | Loss: 3.5128 | Monitor MAE: 1.8535 | Patience: 2/10
    Epoch   30/1000 | Loss: 3.4834 | Monitor MAE: 1.8256 | Patience: 0/10
    Epoch   40/1000 | Loss: 3.4638 | Monitor MAE: 1.8079 | Patience: 0/10
    Epoch   50/1000 | Loss: 3.4515 | Monitor MAE: 1.7944 | Patience: 0/10
    Epoch   60/1000 | Loss: 3.4355 | Monitor MAE: 1.7844 | Patience: 0/10
    Epoch   70/1000 | Loss: 3.4300 | Monitor MAE: 1.7755 | Patience: 5/10
    Epoch   80/1000 | Loss: 3.4199 | Monitor MAE: 1.7715 | Patience: 1/10
    Early stopping triggered after 88 epochs.
    Iter 7 Results -> Seen MAE: 1.6365 | Unseen MAE: 1.7667

  --- Iteration 8/23 ---
  Unseen stations (1): ['0-20000-0-06278']
    Epoch   10/1000 | Loss: 3.5682 | Monitor MAE: 1.7842 | Patience: 0/10
    Epoch   20/1000 | Loss: 3.5273 | Monitor MAE: 1.7748 | Patience: 0/10
    Epoch   30/1000 | Loss: 3.5063 | Monitor MAE: 1.7601 | Patience: 0/10
    Epoch   40/1000 | Loss: 3.4819 | Monitor MAE: 1.7438 | Patience: 0/10
    Epoch   50/1000 | Loss: 3.4692 | Monitor MAE: 1.7359 | Patience: 1/10
    Epoch   60/1000 | Loss: 3.4593 | Monitor MAE: 1.7270 | Patience: 0/10
    Epoch   70/1000 | Loss: 3.4505 | Monitor MAE: 1.7201 | Patience: 1/10
    Epoch   80/1000 | Loss: 3.4372 | Monitor MAE: 1.7178 | Patience: 0/10
    Epoch   90/1000 | Loss: 3.4256 | Monitor MAE: 1.7073 | Patience: 1/10
    Epoch  100/1000 | Loss: 3.4214 | Monitor MAE: 1.7022 | Patience: 1/10
    Epoch  110/1000 | Loss: 3.4068 | Monitor MAE: 1.6961 | Patience: 1/10
    Epoch  120/1000 | Loss: 3.4008 | Monitor MAE: 1.6932 | Patience: 0/10
    Epoch  130/1000 | Loss: 3.3927 | Monitor MAE: 1.6923 | Patience: 3/10
    Epoch  140/1000 | Loss: 3.3879 | Monitor MAE: 1.6934 | Patience: 6/10
    Epoch  150/1000 | Loss: 3.3785 | Monitor MAE: 1.6914 | Patience: 3/10
    Epoch  160/1000 | Loss: 3.3758 | Monitor MAE: 1.6886 | Patience: 0/10
    Epoch  170/1000 | Loss: 3.3690 | Monitor MAE: 1.6842 | Patience: 1/10
    Early stopping triggered after 178 epochs.
    Iter 8 Results -> Seen MAE: 1.6213 | Unseen MAE: 1.6706

  --- Iteration 9/23 ---
  Unseen stations (1): ['0-20000-0-06279']
    Epoch   10/1000 | Loss: 3.5751 | Monitor MAE: 1.7871 | Patience: 1/10
    Epoch   20/1000 | Loss: 3.5382 | Monitor MAE: 1.7616 | Patience: 0/10
    Epoch   30/1000 | Loss: 3.5153 | Monitor MAE: 1.7544 | Patience: 0/10
    Epoch   40/1000 | Loss: 3.4910 | Monitor MAE: 1.7522 | Patience: 3/10
    Early stopping triggered after 46 epochs.
    Iter 9 Results -> Seen MAE: 1.6923 | Unseen MAE: 1.7468

  --- Iteration 10/23 ---
  Unseen stations (1): ['0-20000-0-06280']
    Epoch   10/1000 | Loss: 3.5655 | Monitor MAE: 1.7598 | Patience: 2/10
    Epoch   20/1000 | Loss: 3.5275 | Monitor MAE: 1.7410 | Patience: 2/10
    Epoch   30/1000 | Loss: 3.4987 | Monitor MAE: 1.7227 | Patience: 0/10
    Epoch   40/1000 | Loss: 3.4766 | Monitor MAE: 1.7138 | Patience: 1/10
    Epoch   50/1000 | Loss: 3.4608 | Monitor MAE: 1.7114 | Patience: 2/10
    Epoch   60/1000 | Loss: 3.4456 | Monitor MAE: 1.7134 | Patience: 6/10
    Epoch   70/1000 | Loss: 3.4388 | Monitor MAE: 1.7009 | Patience: 6/10
    Early stopping triggered after 73 epochs.
    Iter 10 Results -> Seen MAE: 1.6582 | Unseen MAE: 1.6989

  --- Iteration 11/23 ---
  Unseen stations (1): ['0-20000-0-06283']
    Epoch   10/1000 | Loss: 3.5688 | Monitor MAE: 1.8293 | Patience: 0/10
    Epoch   20/1000 | Loss: 3.5318 | Monitor MAE: 1.8071 | Patience: 0/10
    Epoch   30/1000 | Loss: 3.5105 | Monitor MAE: 1.7852 | Patience: 0/10
    Epoch   40/1000 | Loss: 3.4881 | Monitor MAE: 1.7765 | Patience: 0/10
    Epoch   50/1000 | Loss: 3.4719 | Monitor MAE: 1.7675 | Patience: 0/10
    Epoch   60/1000 | Loss: 3.4560 | Monitor MAE: 1.7631 | Patience: 1/10
    Epoch   70/1000 | Loss: 3.4464 | Monitor MAE: 1.7541 | Patience: 1/10
    Epoch   80/1000 | Loss: 3.4405 | Monitor MAE: 1.7446 | Patience: 1/10
    Epoch   90/1000 | Loss: 3.4315 | Monitor MAE: 1.7449 | Patience: 3/10
    Epoch  100/1000 | Loss: 3.4239 | Monitor MAE: 1.7406 | Patience: 4/10
    Epoch  110/1000 | Loss: 3.4143 | Monitor MAE: 1.7366 | Patience: 2/10
    Epoch  120/1000 | Loss: 3.4069 | Monitor MAE: 1.7324 | Patience: 4/10
    Early stopping triggered after 125 epochs.
    Iter 11 Results -> Seen MAE: 1.6336 | Unseen MAE: 1.7285

  --- Iteration 12/23 ---
  Unseen stations (1): ['0-20000-0-06286']
    Epoch   10/1000 | Loss: 3.5808 | Monitor MAE: 1.8226 | Patience: 1/10
    Epoch   20/1000 | Loss: 3.5455 | Monitor MAE: 1.8087 | Patience: 0/10
    Epoch   30/1000 | Loss: 3.5268 | Monitor MAE: 1.8055 | Patience: 3/10
    Epoch   40/1000 | Loss: 3.5114 | Monitor MAE: 1.7986 | Patience: 3/10
    Epoch   50/1000 | Loss: 3.4963 | Monitor MAE: 1.7924 | Patience: 3/10
    Epoch   60/1000 | Loss: 3.4814 | Monitor MAE: 1.7858 | Patience: 4/10
    Epoch   70/1000 | Loss: 3.4670 | Monitor MAE: 1.7849 | Patience: 0/10
    Epoch   80/1000 | Loss: 3.4563 | Monitor MAE: 1.7730 | Patience: 0/10
    Epoch   90/1000 | Loss: 3.4462 | Monitor MAE: 1.7714 | Patience: 1/10
    Early stopping triggered after 98 epochs.
    Iter 12 Results -> Seen MAE: 1.6439 | Unseen MAE: 1.7689

  --- Iteration 13/23 ---
  Unseen stations (1): ['0-20000-0-06290']
    Epoch   10/1000 | Loss: 3.5607 | Monitor MAE: 1.8413 | Patience: 0/10
    Epoch   20/1000 | Loss: 3.5186 | Monitor MAE: 1.8184 | Patience: 0/10
    Epoch   30/1000 | Loss: 3.4972 | Monitor MAE: 1.8070 | Patience: 2/10
    Epoch   40/1000 | Loss: 3.4795 | Monitor MAE: 1.7992 | Patience: 2/10
    Epoch   50/1000 | Loss: 3.4658 | Monitor MAE: 1.8002 | Patience: 5/10
    Epoch   60/1000 | Loss: 3.4541 | Monitor MAE: 1.7918 | Patience: 6/10
    Epoch   70/1000 | Loss: 3.4458 | Monitor MAE: 1.7824 | Patience: 4/10
    Epoch   80/1000 | Loss: 3.4297 | Monitor MAE: 1.7740 | Patience: 2/10
    Epoch   90/1000 | Loss: 3.4196 | Monitor MAE: 1.7674 | Patience: 2/10
    Epoch  100/1000 | Loss: 3.4163 | Monitor MAE: 1.7650 | Patience: 1/10
    Epoch  110/1000 | Loss: 3.4066 | Monitor MAE: 1.7655 | Patience: 7/10
    Early stopping triggered after 112 epochs.
    Iter 13 Results -> Seen MAE: 1.6369 | Unseen MAE: 1.7569

  --- Iteration 14/23 ---
  Unseen stations (1): ['0-20000-0-06310']
    Epoch   10/1000 | Loss: 3.6025 | Monitor MAE: 1.6232 | Patience: 0/10
    Epoch   20/1000 | Loss: 3.5656 | Monitor MAE: 1.5980 | Patience: 1/10
    Epoch   30/1000 | Loss: 3.5391 | Monitor MAE: 1.6071 | Patience: 0/10
    Early stopping triggered after 39 epochs.
    Iter 14 Results -> Seen MAE: 1.7096 | Unseen MAE: 1.5776

  --- Iteration 15/23 ---
  Unseen stations (1): ['0-20000-0-06320']
    Epoch   10/1000 | Loss: 3.6053 | Monitor MAE: 1.8978 | Patience: 8/10
    Early stopping triggered after 11 epochs.
    Iter 15 Results -> Seen MAE: 1.8355 | Unseen MAE: 1.6242

  --- Iteration 16/23 ---
  Unseen stations (1): ['0-20000-0-06330']
    Epoch   10/1000 | Loss: 3.5928 | Monitor MAE: 1.6908 | Patience: 1/10
    Early stopping triggered after 18 epochs.
    Iter 16 Results -> Seen MAE: 1.7479 | Unseen MAE: 1.6881

  --- Iteration 17/23 ---
  Unseen stations (1): ['0-20000-0-06344']
    Epoch   10/1000 | Loss: 3.5736 | Monitor MAE: 1.6520 | Patience: 0/10
    Epoch   20/1000 | Loss: 3.5420 | Monitor MAE: 1.6371 | Patience: 2/10
    Epoch   30/1000 | Loss: 3.5184 | Monitor MAE: 1.6265 | Patience: 1/10
    Epoch   40/1000 | Loss: 3.4973 | Monitor MAE: 1.6221 | Patience: 7/10
    Epoch   50/1000 | Loss: 3.4824 | Monitor MAE: 1.6212 | Patience: 9/10
    Epoch   60/1000 | Loss: 3.4695 | Monitor MAE: 1.6204 | Patience: 3/10
    Early stopping triggered after 66 epochs.
    Iter 17 Results -> Seen MAE: 1.6691 | Unseen MAE: 1.6170

  --- Iteration 18/23 ---
  Unseen stations (1): ['0-20000-0-06348']
    Epoch   10/1000 | Loss: 3.5801 | Monitor MAE: 1.6808 | Patience: 0/10
    Epoch   20/1000 | Loss: 3.5407 | Monitor MAE: 1.6472 | Patience: 0/10
    Epoch   30/1000 | Loss: 3.5176 | Monitor MAE: 1.6391 | Patience: 1/10
    Epoch   40/1000 | Loss: 3.5013 | Monitor MAE: 1.6295 | Patience: 0/10
    Epoch   50/1000 | Loss: 3.4877 | Monitor MAE: 1.6132 | Patience: 0/10
    Epoch   60/1000 | Loss: 3.4796 | Monitor MAE: 1.6061 | Patience: 1/10
    Epoch   70/1000 | Loss: 3.4662 | Monitor MAE: 1.6021 | Patience: 2/10
    Epoch   80/1000 | Loss: 3.4600 | Monitor MAE: 1.5971 | Patience: 3/10
    Epoch   90/1000 | Loss: 3.4535 | Monitor MAE: 1.5925 | Patience: 0/10
    Epoch  100/1000 | Loss: 3.4415 | Monitor MAE: 1.5895 | Patience: 4/10
    Epoch  110/1000 | Loss: 3.4413 | Monitor MAE: 1.5776 | Patience: 0/10
    Epoch  120/1000 | Loss: 3.4327 | Monitor MAE: 1.5764 | Patience: 1/10
    Epoch  130/1000 | Loss: 3.4286 | Monitor MAE: 1.5753 | Patience: 3/10
    Epoch  140/1000 | Loss: 3.4216 | Monitor MAE: 1.5747 | Patience: 1/10
    Epoch  150/1000 | Loss: 3.4206 | Monitor MAE: 1.5765 | Patience: 7/10
    Early stopping triggered after 152 epochs.
    Iter 18 Results -> Seen MAE: 1.6359 | Unseen MAE: 1.5679

  --- Iteration 19/23 ---
  Unseen stations (1): ['0-20000-0-06350']
    Epoch   10/1000 | Loss: 3.5693 | Monitor MAE: 1.8796 | Patience: 1/10
    Early stopping triggered after 18 epochs.
    Iter 19 Results -> Seen MAE: 1.7426 | Unseen MAE: 1.8765

  --- Iteration 20/23 ---
  Unseen stations (1): ['0-20000-0-06356']
    Epoch   10/1000 | Loss: 3.5742 | Monitor MAE: 1.7394 | Patience: 0/10
    Epoch   20/1000 | Loss: 3.5257 | Monitor MAE: 1.7111 | Patience: 0/10
    Epoch   30/1000 | Loss: 3.5031 | Monitor MAE: 1.6935 | Patience: 0/10
    Epoch   40/1000 | Loss: 3.4858 | Monitor MAE: 1.6756 | Patience: 1/10
    Epoch   50/1000 | Loss: 3.4698 | Monitor MAE: 1.6708 | Patience: 3/10
    Epoch   60/1000 | Loss: 3.4521 | Monitor MAE: 1.6633 | Patience: 6/10
    Early stopping triggered after 63 epochs.
    Iter 20 Results -> Seen MAE: 1.6601 | Unseen MAE: 1.6565

  --- Iteration 21/23 ---
  Unseen stations (1): ['0-20000-0-06370']
    Epoch   10/1000 | Loss: 3.5598 | Monitor MAE: 1.8872 | Patience: 0/10
    Epoch   20/1000 | Loss: 3.5257 | Monitor MAE: 1.8942 | Patience: 0/10
    Epoch   30/1000 | Loss: 3.5047 | Monitor MAE: 1.8943 | Patience: 3/10
    Early stopping triggered after 36 epochs.
    Iter 21 Results -> Seen MAE: 1.6975 | Unseen MAE: 1.8827

  --- Iteration 22/23 ---
  Unseen stations (1): ['0-20000-0-06375']
    Epoch   10/1000 | Loss: 3.5672 | Monitor MAE: 1.8681 | Patience: 0/10
    Epoch   20/1000 | Loss: 3.5324 | Monitor MAE: 1.8243 | Patience: 0/10
    Epoch   30/1000 | Loss: 3.5103 | Monitor MAE: 1.8230 | Patience: 0/10
    Epoch   40/1000 | Loss: 3.4895 | Monitor MAE: 1.8186 | Patience: 2/10
    Epoch   50/1000 | Loss: 3.4715 | Monitor MAE: 1.8197 | Patience: 0/10
    Epoch   60/1000 | Loss: 3.4608 | Monitor MAE: 1.8050 | Patience: 4/10
    Epoch   70/1000 | Loss: 3.4473 | Monitor MAE: 1.7927 | Patience: 2/10
    Epoch   80/1000 | Loss: 3.4389 | Monitor MAE: 1.7956 | Patience: 4/10
    Early stopping triggered after 85 epochs.
    Iter 22 Results -> Seen MAE: 1.6586 | Unseen MAE: 1.7916

  --- Iteration 23/23 ---
  Unseen stations (1): ['0-20000-0-06380']
    Epoch   10/1000 | Loss: 3.5616 | Monitor MAE: 1.9854 | Patience: 5/10
    Early stopping triggered after 14 epochs.
    Iter 23 Results -> Seen MAE: 1.7481 | Unseen MAE: 1.9692

  ========================================
  AGGREGATED RESULTS (Across all iterations)
  SEEN   mean MAE Tmax: 1.6801
  UNSEEN mean MAE Tmax: 1.6890 ± 0.1147
  Degradation: 0.0090 °C
  ========================================

  [AGGREGATED_CURVES_START]
    Epoch 1:  [avg_train_loss=3.7632, avg_seen_mae=1.8152, avg_unseen_mae=1.8375]
    Epoch 2:  [avg_train_loss=3.6730, avg_seen_mae=1.7787, avg_unseen_mae=1.8004]
    Epoch 3:  [avg_train_loss=3.6431, avg_seen_mae=1.7685, avg_unseen_mae=1.7886]
    Epoch 4:  [avg_train_loss=3.6269, avg_seen_mae=1.7623, avg_unseen_mae=1.7863]
    Epoch 5:  [avg_train_loss=3.6149, avg_seen_mae=1.7597, avg_unseen_mae=1.7821]
    Epoch 6:  [avg_train_loss=3.6048, avg_seen_mae=1.7553, avg_unseen_mae=1.7792]
    Epoch 7:  [avg_train_loss=3.5968, avg_seen_mae=1.7507, avg_unseen_mae=1.7727]
    Epoch 8:  [avg_train_loss=3.5891, avg_seen_mae=1.7459, avg_unseen_mae=1.7676]
    Epoch 9:  [avg_train_loss=3.5824, avg_seen_mae=1.7414, avg_unseen_mae=1.7634]
    Epoch 10:  [avg_train_loss=3.5762, avg_seen_mae=1.7373, avg_unseen_mae=1.7613]
    Epoch 11:  [avg_train_loss=3.5706, avg_seen_mae=1.7335, avg_unseen_mae=1.7574]
    Epoch 12:  [avg_train_loss=3.5664, avg_seen_mae=1.7310, avg_unseen_mae=1.7543]
    Epoch 13:  [avg_train_loss=3.5617, avg_seen_mae=1.7287, avg_unseen_mae=1.7560]
    Epoch 14:  [avg_train_loss=3.5579, avg_seen_mae=1.7247, avg_unseen_mae=1.7511]
    Epoch 15:  [avg_train_loss=3.5540, avg_seen_mae=1.7220, avg_unseen_mae=1.7479]
    Epoch 16:  [avg_train_loss=3.5505, avg_seen_mae=1.7210, avg_unseen_mae=1.7502]
    Epoch 17:  [avg_train_loss=3.5479, avg_seen_mae=1.7198, avg_unseen_mae=1.7473]
    Epoch 18:  [avg_train_loss=3.5455, avg_seen_mae=1.7178, avg_unseen_mae=1.7453]
    Epoch 19:  [avg_train_loss=3.5425, avg_seen_mae=1.7154, avg_unseen_mae=1.7434]
    Epoch 20:  [avg_train_loss=3.5398, avg_seen_mae=1.7137, avg_unseen_mae=1.7430]
    Epoch 21:  [avg_train_loss=3.5378, avg_seen_mae=1.7116, avg_unseen_mae=1.7413]
    Epoch 22:  [avg_train_loss=3.5359, avg_seen_mae=1.7106, avg_unseen_mae=1.7399]
    Epoch 23:  [avg_train_loss=3.5335, avg_seen_mae=1.7092, avg_unseen_mae=1.7388]
    Epoch 24:  [avg_train_loss=3.5315, avg_seen_mae=1.7084, avg_unseen_mae=1.7372]
    Epoch 25:  [avg_train_loss=3.5298, avg_seen_mae=1.7066, avg_unseen_mae=1.7367]
    Epoch 26:  [avg_train_loss=3.5282, avg_seen_mae=1.7053, avg_unseen_mae=1.7343]
    Epoch 27:  [avg_train_loss=3.5260, avg_seen_mae=1.7044, avg_unseen_mae=1.7357]
    Epoch 28:  [avg_train_loss=3.5246, avg_seen_mae=1.7037, avg_unseen_mae=1.7344]
    Epoch 29:  [avg_train_loss=3.5227, avg_seen_mae=1.7016, avg_unseen_mae=1.7326]
    Epoch 30:  [avg_train_loss=3.5207, avg_seen_mae=1.7013, avg_unseen_mae=1.7342]
    Epoch 31:  [avg_train_loss=3.5193, avg_seen_mae=1.6995, avg_unseen_mae=1.7307]
    Epoch 32:  [avg_train_loss=3.5176, avg_seen_mae=1.6988, avg_unseen_mae=1.7330]
    Epoch 33:  [avg_train_loss=3.5163, avg_seen_mae=1.6975, avg_unseen_mae=1.7312]
    Epoch 34:  [avg_train_loss=3.5143, avg_seen_mae=1.6970, avg_unseen_mae=1.7311]
    Epoch 35:  [avg_train_loss=3.5133, avg_seen_mae=1.6962, avg_unseen_mae=1.7314]
    Epoch 36:  [avg_train_loss=3.5111, avg_seen_mae=1.6953, avg_unseen_mae=1.7301]
    Epoch 37:  [avg_train_loss=3.5103, avg_seen_mae=1.6947, avg_unseen_mae=1.7298]
    Epoch 38:  [avg_train_loss=3.5085, avg_seen_mae=1.6935, avg_unseen_mae=1.7301]
    Epoch 39:  [avg_train_loss=3.5076, avg_seen_mae=1.6933, avg_unseen_mae=1.7304]
    Epoch 40:  [avg_train_loss=3.5064, avg_seen_mae=1.6917, avg_unseen_mae=1.7284]
    Epoch 41:  [avg_train_loss=3.5057, avg_seen_mae=1.6919, avg_unseen_mae=1.7293]
    Epoch 42:  [avg_train_loss=3.5045, avg_seen_mae=1.6907, avg_unseen_mae=1.7277]
    Epoch 43:  [avg_train_loss=3.5038, avg_seen_mae=1.6908, avg_unseen_mae=1.7279]
    Epoch 44:  [avg_train_loss=3.5023, avg_seen_mae=1.6892, avg_unseen_mae=1.7270]
    Epoch 45:  [avg_train_loss=3.5013, avg_seen_mae=1.6892, avg_unseen_mae=1.7268]
    Epoch 46:  [avg_train_loss=3.5005, avg_seen_mae=1.6879, avg_unseen_mae=1.7255]
    Epoch 47:  [avg_train_loss=3.4998, avg_seen_mae=1.6878, avg_unseen_mae=1.7264]
    Epoch 48:  [avg_train_loss=3.4985, avg_seen_mae=1.6872, avg_unseen_mae=1.7255]
    Epoch 49:  [avg_train_loss=3.4973, avg_seen_mae=1.6868, avg_unseen_mae=1.7248]
    Epoch 50:  [avg_train_loss=3.4967, avg_seen_mae=1.6865, avg_unseen_mae=1.7248]
    Epoch 51:  [avg_train_loss=3.4954, avg_seen_mae=1.6859, avg_unseen_mae=1.7249]
    Epoch 52:  [avg_train_loss=3.4946, avg_seen_mae=1.6850, avg_unseen_mae=1.7235]
    Epoch 53:  [avg_train_loss=3.4939, avg_seen_mae=1.6844, avg_unseen_mae=1.7222]
    Epoch 54:  [avg_train_loss=3.4930, avg_seen_mae=1.6841, avg_unseen_mae=1.7234]
    Epoch 55:  [avg_train_loss=3.4923, avg_seen_mae=1.6842, avg_unseen_mae=1.7229]
    Epoch 56:  [avg_train_loss=3.4918, avg_seen_mae=1.6838, avg_unseen_mae=1.7226]
    Epoch 57:  [avg_train_loss=3.4906, avg_seen_mae=1.6831, avg_unseen_mae=1.7222]
    Epoch 58:  [avg_train_loss=3.4900, avg_seen_mae=1.6827, avg_unseen_mae=1.7216]
    Epoch 59:  [avg_train_loss=3.4896, avg_seen_mae=1.6820, avg_unseen_mae=1.7206]
    Epoch 60:  [avg_train_loss=3.4886, avg_seen_mae=1.6819, avg_unseen_mae=1.7204]
    Epoch 61:  [avg_train_loss=3.4878, avg_seen_mae=1.6809, avg_unseen_mae=1.7207]
    Epoch 62:  [avg_train_loss=3.4867, avg_seen_mae=1.6802, avg_unseen_mae=1.7198]
    Epoch 63:  [avg_train_loss=3.4868, avg_seen_mae=1.6795, avg_unseen_mae=1.7186]
    Epoch 64:  [avg_train_loss=3.4855, avg_seen_mae=1.6795, avg_unseen_mae=1.7187]
    Epoch 65:  [avg_train_loss=3.4844, avg_seen_mae=1.6790, avg_unseen_mae=1.7181]
    Epoch 66:  [avg_train_loss=3.4848, avg_seen_mae=1.6789, avg_unseen_mae=1.7183]
    Epoch 67:  [avg_train_loss=3.4839, avg_seen_mae=1.6786, avg_unseen_mae=1.7178]
    Epoch 68:  [avg_train_loss=3.4833, avg_seen_mae=1.6780, avg_unseen_mae=1.7170]
    Epoch 69:  [avg_train_loss=3.4828, avg_seen_mae=1.6776, avg_unseen_mae=1.7170]
    Epoch 70:  [avg_train_loss=3.4828, avg_seen_mae=1.6776, avg_unseen_mae=1.7163]
    Epoch 71:  [avg_train_loss=3.4821, avg_seen_mae=1.6767, avg_unseen_mae=1.7154]
    Epoch 72:  [avg_train_loss=3.4813, avg_seen_mae=1.6775, avg_unseen_mae=1.7166]
    Epoch 73:  [avg_train_loss=3.4812, avg_seen_mae=1.6761, avg_unseen_mae=1.7156]
    Epoch 74:  [avg_train_loss=3.4802, avg_seen_mae=1.6764, avg_unseen_mae=1.7160]
    Epoch 75:  [avg_train_loss=3.4799, avg_seen_mae=1.6759, avg_unseen_mae=1.7148]
    Epoch 76:  [avg_train_loss=3.4795, avg_seen_mae=1.6761, avg_unseen_mae=1.7155]
    Epoch 77:  [avg_train_loss=3.4790, avg_seen_mae=1.6751, avg_unseen_mae=1.7145]
    Epoch 78:  [avg_train_loss=3.4787, avg_seen_mae=1.6750, avg_unseen_mae=1.7139]
    Epoch 79:  [avg_train_loss=3.4786, avg_seen_mae=1.6750, avg_unseen_mae=1.7137]
    Epoch 80:  [avg_train_loss=3.4781, avg_seen_mae=1.6749, avg_unseen_mae=1.7141]
    Epoch 81:  [avg_train_loss=3.4776, avg_seen_mae=1.6743, avg_unseen_mae=1.7139]
    Epoch 82:  [avg_train_loss=3.4772, avg_seen_mae=1.6742, avg_unseen_mae=1.7145]
    Epoch 83:  [avg_train_loss=3.4763, avg_seen_mae=1.6744, avg_unseen_mae=1.7146]
    Epoch 84:  [avg_train_loss=3.4763, avg_seen_mae=1.6742, avg_unseen_mae=1.7143]
    Epoch 85:  [avg_train_loss=3.4761, avg_seen_mae=1.6732, avg_unseen_mae=1.7135]
    Epoch 86:  [avg_train_loss=3.4758, avg_seen_mae=1.6733, avg_unseen_mae=1.7134]
    Epoch 87:  [avg_train_loss=3.4752, avg_seen_mae=1.6734, avg_unseen_mae=1.7132]
    Epoch 88:  [avg_train_loss=3.4747, avg_seen_mae=1.6733, avg_unseen_mae=1.7124]
    Epoch 89:  [avg_train_loss=3.4752, avg_seen_mae=1.6732, avg_unseen_mae=1.7131]
    Epoch 90:  [avg_train_loss=3.4746, avg_seen_mae=1.6728, avg_unseen_mae=1.7124]
    Epoch 91:  [avg_train_loss=3.4743, avg_seen_mae=1.6731, avg_unseen_mae=1.7128]
    Epoch 92:  [avg_train_loss=3.4741, avg_seen_mae=1.6731, avg_unseen_mae=1.7127]
    Epoch 93:  [avg_train_loss=3.4737, avg_seen_mae=1.6726, avg_unseen_mae=1.7121]
    Epoch 94:  [avg_train_loss=3.4737, avg_seen_mae=1.6721, avg_unseen_mae=1.7119]
    Epoch 95:  [avg_train_loss=3.4731, avg_seen_mae=1.6722, avg_unseen_mae=1.7116]
    Epoch 96:  [avg_train_loss=3.4733, avg_seen_mae=1.6723, avg_unseen_mae=1.7118]
    Epoch 97:  [avg_train_loss=3.4731, avg_seen_mae=1.6717, avg_unseen_mae=1.7120]
    Epoch 98:  [avg_train_loss=3.4719, avg_seen_mae=1.6717, avg_unseen_mae=1.7117]
    Epoch 99:  [avg_train_loss=3.4727, avg_seen_mae=1.6721, avg_unseen_mae=1.7122]
    Epoch 100:  [avg_train_loss=3.4723, avg_seen_mae=1.6717, avg_unseen_mae=1.7115]
    Epoch 101:  [avg_train_loss=3.4722, avg_seen_mae=1.6714, avg_unseen_mae=1.7119]
    Epoch 102:  [avg_train_loss=3.4719, avg_seen_mae=1.6710, avg_unseen_mae=1.7104]
    Epoch 103:  [avg_train_loss=3.4715, avg_seen_mae=1.6719, avg_unseen_mae=1.7115]
    Epoch 104:  [avg_train_loss=3.4717, avg_seen_mae=1.6710, avg_unseen_mae=1.7108]
    Epoch 105:  [avg_train_loss=3.4711, avg_seen_mae=1.6715, avg_unseen_mae=1.7114]
    Epoch 106:  [avg_train_loss=3.4707, avg_seen_mae=1.6717, avg_unseen_mae=1.7118]
    Epoch 107:  [avg_train_loss=3.4708, avg_seen_mae=1.6708, avg_unseen_mae=1.7104]
    Epoch 108:  [avg_train_loss=3.4703, avg_seen_mae=1.6712, avg_unseen_mae=1.7108]
    Epoch 109:  [avg_train_loss=3.4703, avg_seen_mae=1.6709, avg_unseen_mae=1.7104]
    Epoch 110:  [avg_train_loss=3.4703, avg_seen_mae=1.6708, avg_unseen_mae=1.7101]
    Epoch 111:  [avg_train_loss=3.4698, avg_seen_mae=1.6708, avg_unseen_mae=1.7103]
    Epoch 112:  [avg_train_loss=3.4698, avg_seen_mae=1.6711, avg_unseen_mae=1.7114]
    Epoch 113:  [avg_train_loss=3.4695, avg_seen_mae=1.6705, avg_unseen_mae=1.7101]
    Epoch 114:  [avg_train_loss=3.4696, avg_seen_mae=1.6706, avg_unseen_mae=1.7100]
    Epoch 115:  [avg_train_loss=3.4697, avg_seen_mae=1.6706, avg_unseen_mae=1.7097]
    Epoch 116:  [avg_train_loss=3.4694, avg_seen_mae=1.6705, avg_unseen_mae=1.7102]
    Epoch 117:  [avg_train_loss=3.4689, avg_seen_mae=1.6710, avg_unseen_mae=1.7106]
    Epoch 118:  [avg_train_loss=3.4689, avg_seen_mae=1.6703, avg_unseen_mae=1.7101]
    Epoch 119:  [avg_train_loss=3.4689, avg_seen_mae=1.6703, avg_unseen_mae=1.7098]
    Epoch 120:  [avg_train_loss=3.4687, avg_seen_mae=1.6699, avg_unseen_mae=1.7095]
    Epoch 121:  [avg_train_loss=3.4686, avg_seen_mae=1.6704, avg_unseen_mae=1.7101]
    Epoch 122:  [avg_train_loss=3.4687, avg_seen_mae=1.6702, avg_unseen_mae=1.7096]
    Epoch 123:  [avg_train_loss=3.4684, avg_seen_mae=1.6705, avg_unseen_mae=1.7102]
    Epoch 124:  [avg_train_loss=3.4686, avg_seen_mae=1.6700, avg_unseen_mae=1.7098]
    Epoch 125:  [avg_train_loss=3.4683, avg_seen_mae=1.6706, avg_unseen_mae=1.7098]
    Epoch 126:  [avg_train_loss=3.4685, avg_seen_mae=1.6702, avg_unseen_mae=1.7094]
    Epoch 127:  [avg_train_loss=3.4682, avg_seen_mae=1.6704, avg_unseen_mae=1.7101]
    Epoch 128:  [avg_train_loss=3.4683, avg_seen_mae=1.6703, avg_unseen_mae=1.7099]
    Epoch 129:  [avg_train_loss=3.4680, avg_seen_mae=1.6703, avg_unseen_mae=1.7097]
    Epoch 130:  [avg_train_loss=3.4681, avg_seen_mae=1.6704, avg_unseen_mae=1.7096]
    Epoch 131:  [avg_train_loss=3.4681, avg_seen_mae=1.6702, avg_unseen_mae=1.7094]
    Epoch 132:  [avg_train_loss=3.4680, avg_seen_mae=1.6702, avg_unseen_mae=1.7094]
    Epoch 133:  [avg_train_loss=3.4679, avg_seen_mae=1.6703, avg_unseen_mae=1.7094]
    Epoch 134:  [avg_train_loss=3.4681, avg_seen_mae=1.6702, avg_unseen_mae=1.7096]
    Epoch 135:  [avg_train_loss=3.4677, avg_seen_mae=1.6703, avg_unseen_mae=1.7095]
    Epoch 136:  [avg_train_loss=3.4683, avg_seen_mae=1.6700, avg_unseen_mae=1.7094]
    Epoch 137:  [avg_train_loss=3.4678, avg_seen_mae=1.6702, avg_unseen_mae=1.7096]
    Epoch 138:  [avg_train_loss=3.4677, avg_seen_mae=1.6700, avg_unseen_mae=1.7092]
    Epoch 139:  [avg_train_loss=3.4677, avg_seen_mae=1.6703, avg_unseen_mae=1.7095]
    Epoch 140:  [avg_train_loss=3.4676, avg_seen_mae=1.6703, avg_unseen_mae=1.7096]
    Epoch 141:  [avg_train_loss=3.4675, avg_seen_mae=1.6703, avg_unseen_mae=1.7097]
    Epoch 142:  [avg_train_loss=3.4677, avg_seen_mae=1.6698, avg_unseen_mae=1.7089]
    Epoch 143:  [avg_train_loss=3.4674, avg_seen_mae=1.6698, avg_unseen_mae=1.7091]
    Epoch 144:  [avg_train_loss=3.4673, avg_seen_mae=1.6698, avg_unseen_mae=1.7091]
    Epoch 145:  [avg_train_loss=3.4674, avg_seen_mae=1.6700, avg_unseen_mae=1.7094]
    Epoch 146:  [avg_train_loss=3.4674, avg_seen_mae=1.6700, avg_unseen_mae=1.7091]
    Epoch 147:  [avg_train_loss=3.4675, avg_seen_mae=1.6700, avg_unseen_mae=1.7095]
    Epoch 148:  [avg_train_loss=3.4672, avg_seen_mae=1.6698, avg_unseen_mae=1.7092]
    Epoch 149:  [avg_train_loss=3.4673, avg_seen_mae=1.6699, avg_unseen_mae=1.7095]
    Epoch 150:  [avg_train_loss=3.4671, avg_seen_mae=1.6700, avg_unseen_mae=1.7096]
    Epoch 151:  [avg_train_loss=3.4669, avg_seen_mae=1.6701, avg_unseen_mae=1.7097]
    Epoch 152:  [avg_train_loss=3.4670, avg_seen_mae=1.6697, avg_unseen_mae=1.7088]
    Epoch 153:  [avg_train_loss=3.4669, avg_seen_mae=1.6698, avg_unseen_mae=1.7091]
    Epoch 154:  [avg_train_loss=3.4667, avg_seen_mae=1.6699, avg_unseen_mae=1.7090]
    Epoch 155:  [avg_train_loss=3.4669, avg_seen_mae=1.6699, avg_unseen_mae=1.7092]
    Epoch 156:  [avg_train_loss=3.4669, avg_seen_mae=1.6697, avg_unseen_mae=1.7090]
    Epoch 157:  [avg_train_loss=3.4667, avg_seen_mae=1.6698, avg_unseen_mae=1.7089]
    Epoch 158:  [avg_train_loss=3.4668, avg_seen_mae=1.6699, avg_unseen_mae=1.7091]
    Epoch 159:  [avg_train_loss=3.4669, avg_seen_mae=1.6698, avg_unseen_mae=1.7087]
    Epoch 160:  [avg_train_loss=3.4668, avg_seen_mae=1.6699, avg_unseen_mae=1.7092]
    Epoch 161:  [avg_train_loss=3.4667, avg_seen_mae=1.6697, avg_unseen_mae=1.7088]
    Epoch 162:  [avg_train_loss=3.4666, avg_seen_mae=1.6697, avg_unseen_mae=1.7088]
    Epoch 163:  [avg_train_loss=3.4668, avg_seen_mae=1.6697, avg_unseen_mae=1.7089]
    Epoch 164:  [avg_train_loss=3.4667, avg_seen_mae=1.6697, avg_unseen_mae=1.7090]
    Epoch 165:  [avg_train_loss=3.4666, avg_seen_mae=1.6697, avg_unseen_mae=1.7089]
    Epoch 166:  [avg_train_loss=3.4667, avg_seen_mae=1.6698, avg_unseen_mae=1.7086]
    Epoch 167:  [avg_train_loss=3.4667, avg_seen_mae=1.6696, avg_unseen_mae=1.7087]
    Epoch 168:  [avg_train_loss=3.4665, avg_seen_mae=1.6697, avg_unseen_mae=1.7084]
    Epoch 169:  [avg_train_loss=3.4665, avg_seen_mae=1.6697, avg_unseen_mae=1.7089]
    Epoch 170:  [avg_train_loss=3.4665, avg_seen_mae=1.6698, avg_unseen_mae=1.7090]
    Epoch 171:  [avg_train_loss=3.4665, avg_seen_mae=1.6695, avg_unseen_mae=1.7087]
    Epoch 172:  [avg_train_loss=3.4665, avg_seen_mae=1.6695, avg_unseen_mae=1.7088]
    Epoch 173:  [avg_train_loss=3.4666, avg_seen_mae=1.6696, avg_unseen_mae=1.7088]
    Epoch 174:  [avg_train_loss=3.4665, avg_seen_mae=1.6694, avg_unseen_mae=1.7085]
    Epoch 175:  [avg_train_loss=3.4665, avg_seen_mae=1.6696, avg_unseen_mae=1.7089]
    Epoch 176:  [avg_train_loss=3.4664, avg_seen_mae=1.6695, avg_unseen_mae=1.7089]
    Epoch 177:  [avg_train_loss=3.4662, avg_seen_mae=1.6697, avg_unseen_mae=1.7091]
    Epoch 178:  [avg_train_loss=3.4665, avg_seen_mae=1.6695, avg_unseen_mae=1.7089]
    Epoch 179:  [avg_train_loss=3.4665, avg_seen_mae=1.6695, avg_unseen_mae=1.7089]
    Epoch 180:  [avg_train_loss=3.4665, avg_seen_mae=1.6695, avg_unseen_mae=1.7089]
    Epoch 181:  [avg_train_loss=3.4665, avg_seen_mae=1.6695, avg_unseen_mae=1.7089]
    Epoch 182:  [avg_train_loss=3.4665, avg_seen_mae=1.6695, avg_unseen_mae=1.7089]
    Epoch 183:  [avg_train_loss=3.4665, avg_seen_mae=1.6695, avg_unseen_mae=1.7089]
    Epoch 184:  [avg_train_loss=3.4665, avg_seen_mae=1.6695, avg_unseen_mae=1.7089]
    Epoch 185:  [avg_train_loss=3.4665, avg_seen_mae=1.6695, avg_unseen_mae=1.7089]
    Epoch 186:  [avg_train_loss=3.4665, avg_seen_mae=1.6695, avg_unseen_mae=1.7089]
    Epoch 187:  [avg_train_loss=3.4665, avg_seen_mae=1.6695, avg_unseen_mae=1.7089]
    Epoch 188:  [avg_train_loss=3.4665, avg_seen_mae=1.6695, avg_unseen_mae=1.7089]
    Epoch 189:  [avg_train_loss=3.4665, avg_seen_mae=1.6695, avg_unseen_mae=1.7089]
    Epoch 190:  [avg_train_loss=3.4665, avg_seen_mae=1.6695, avg_unseen_mae=1.7089]
    Epoch 191:  [avg_train_loss=3.4665, avg_seen_mae=1.6695, avg_unseen_mae=1.7089]
    Epoch 192:  [avg_train_loss=3.4665, avg_seen_mae=1.6695, avg_unseen_mae=1.7089]
    Epoch 193:  [avg_train_loss=3.4665, avg_seen_mae=1.6695, avg_unseen_mae=1.7089]
    Epoch 194:  [avg_train_loss=3.4665, avg_seen_mae=1.6695, avg_unseen_mae=1.7089]
    Epoch 195:  [avg_train_loss=3.4665, avg_seen_mae=1.6695, avg_unseen_mae=1.7089]
    Epoch 196:  [avg_train_loss=3.4665, avg_seen_mae=1.6695, avg_unseen_mae=1.7089]
    Epoch 197:  [avg_train_loss=3.4665, avg_seen_mae=1.6695, avg_unseen_mae=1.7089]
    Epoch 198:  [avg_train_loss=3.4665, avg_seen_mae=1.6695, avg_unseen_mae=1.7089]
    Epoch 199:  [avg_train_loss=3.4665, avg_seen_mae=1.6695, avg_unseen_mae=1.7089]
    Epoch 200:  [avg_train_loss=3.4665, avg_seen_mae=1.6695, avg_unseen_mae=1.7089]
    Epoch 201:  [avg_train_loss=3.4665, avg_seen_mae=1.6695, avg_unseen_mae=1.7089]
    Epoch 202:  [avg_train_loss=3.4665, avg_seen_mae=1.6695, avg_unseen_mae=1.7089]
    Epoch 203:  [avg_train_loss=3.4665, avg_seen_mae=1.6695, avg_unseen_mae=1.7089]
    Epoch 204:  [avg_train_loss=3.4665, avg_seen_mae=1.6695, avg_unseen_mae=1.7089]
    Epoch 205:  [avg_train_loss=3.4665, avg_seen_mae=1.6695, avg_unseen_mae=1.7089]
    Epoch 206:  [avg_train_loss=3.4665, avg_seen_mae=1.6695, avg_unseen_mae=1.7089]
    Epoch 207:  [avg_train_loss=3.4665, avg_seen_mae=1.6695, avg_unseen_mae=1.7089]
    Epoch 208:  [avg_train_loss=3.4665, avg_seen_mae=1.6695, avg_unseen_mae=1.7089]
    Epoch 209:  [avg_train_loss=3.4665, avg_seen_mae=1.6695, avg_unseen_mae=1.7089]
    Epoch 210:  [avg_train_loss=3.4665, avg_seen_mae=1.6695, avg_unseen_mae=1.7089]
    Epoch 211:  [avg_train_loss=3.4665, avg_seen_mae=1.6695, avg_unseen_mae=1.7089]
    Epoch 212:  [avg_train_loss=3.4665, avg_seen_mae=1.6695, avg_unseen_mae=1.7089]
    Epoch 213:  [avg_train_loss=3.4665, avg_seen_mae=1.6695, avg_unseen_mae=1.7089]
    Epoch 214:  [avg_train_loss=3.4665, avg_seen_mae=1.6695, avg_unseen_mae=1.7089]
    Epoch 215:  [avg_train_loss=3.4665, avg_seen_mae=1.6695, avg_unseen_mae=1.7089]
    Epoch 216:  [avg_train_loss=3.4665, avg_seen_mae=1.6695, avg_unseen_mae=1.7089]
    Epoch 217:  [avg_train_loss=3.4665, avg_seen_mae=1.6695, avg_unseen_mae=1.7089]
    Epoch 218:  [avg_train_loss=3.4665, avg_seen_mae=1.6695, avg_unseen_mae=1.7089]
    Epoch 219:  [avg_train_loss=3.4665, avg_seen_mae=1.6695, avg_unseen_mae=1.7089]
    Epoch 220:  [avg_train_loss=3.4665, avg_seen_mae=1.6695, avg_unseen_mae=1.7089]
    Epoch 221:  [avg_train_loss=3.4665, avg_seen_mae=1.6695, avg_unseen_mae=1.7089]
    Epoch 222:  [avg_train_loss=3.4665, avg_seen_mae=1.6695, avg_unseen_mae=1.7089]
    Epoch 223:  [avg_train_loss=3.4665, avg_seen_mae=1.6695, avg_unseen_mae=1.7089]
    Epoch 224:  [avg_train_loss=3.4665, avg_seen_mae=1.6695, avg_unseen_mae=1.7089]
    Epoch 225:  [avg_train_loss=3.4665, avg_seen_mae=1.6695, avg_unseen_mae=1.7089]
    Epoch 226:  [avg_train_loss=3.4665, avg_seen_mae=1.6695, avg_unseen_mae=1.7089]
    Epoch 227:  [avg_train_loss=3.4665, avg_seen_mae=1.6695, avg_unseen_mae=1.7089]
    Epoch 228:  [avg_train_loss=3.4665, avg_seen_mae=1.6695, avg_unseen_mae=1.7089]
    Epoch 229:  [avg_train_loss=3.4665, avg_seen_mae=1.6695, avg_unseen_mae=1.7089]
    Epoch 230:  [avg_train_loss=3.4665, avg_seen_mae=1.6695, avg_unseen_mae=1.7089]
    Epoch 231:  [avg_train_loss=3.4665, avg_seen_mae=1.6695, avg_unseen_mae=1.7089]
    Epoch 232:  [avg_train_loss=3.4665, avg_seen_mae=1.6695, avg_unseen_mae=1.7089]
    Epoch 233:  [avg_train_loss=3.4665, avg_seen_mae=1.6695, avg_unseen_mae=1.7089]
    Epoch 234:  [avg_train_loss=3.4665, avg_seen_mae=1.6695, avg_unseen_mae=1.7089]
    Epoch 235:  [avg_train_loss=3.4665, avg_seen_mae=1.6695, avg_unseen_mae=1.7089]
    Epoch 236:  [avg_train_loss=3.4665, avg_seen_mae=1.6695, avg_unseen_mae=1.7089]
    Epoch 237:  [avg_train_loss=3.4665, avg_seen_mae=1.6695, avg_unseen_mae=1.7089]
    Epoch 238:  [avg_train_loss=3.4665, avg_seen_mae=1.6695, avg_unseen_mae=1.7089]
    Epoch 239:  [avg_train_loss=3.4665, avg_seen_mae=1.6695, avg_unseen_mae=1.7089]
    Epoch 240:  [avg_train_loss=3.4665, avg_seen_mae=1.6695, avg_unseen_mae=1.7089]
    Epoch 241:  [avg_train_loss=3.4665, avg_seen_mae=1.6695, avg_unseen_mae=1.7089]
    Epoch 242:  [avg_train_loss=3.4665, avg_seen_mae=1.6695, avg_unseen_mae=1.7089]
    Epoch 243:  [avg_train_loss=3.4665, avg_seen_mae=1.6695, avg_unseen_mae=1.7089]
    Epoch 244:  [avg_train_loss=3.4665, avg_seen_mae=1.6695, avg_unseen_mae=1.7089]
    Epoch 245:  [avg_train_loss=3.4665, avg_seen_mae=1.6695, avg_unseen_mae=1.7089]
    Epoch 246:  [avg_train_loss=3.4665, avg_seen_mae=1.6695, avg_unseen_mae=1.7089]
    Epoch 247:  [avg_train_loss=3.4665, avg_seen_mae=1.6695, avg_unseen_mae=1.7089]
    Epoch 248:  [avg_train_loss=3.4665, avg_seen_mae=1.6695, avg_unseen_mae=1.7089]
    Epoch 249:  [avg_train_loss=3.4665, avg_seen_mae=1.6695, avg_unseen_mae=1.7089]
    Epoch 250:  [avg_train_loss=3.4665, avg_seen_mae=1.6695, avg_unseen_mae=1.7089]
    Epoch 251:  [avg_train_loss=3.4665, avg_seen_mae=1.6695, avg_unseen_mae=1.7089]
    Epoch 252:  [avg_train_loss=3.4665, avg_seen_mae=1.6695, avg_unseen_mae=1.7089]
    Epoch 253:  [avg_train_loss=3.4665, avg_seen_mae=1.6695, avg_unseen_mae=1.7089]
    Epoch 254:  [avg_train_loss=3.4665, avg_seen_mae=1.6695, avg_unseen_mae=1.7089]
    Epoch 255:  [avg_train_loss=3.4665, avg_seen_mae=1.6695, avg_unseen_mae=1.7089]
    Epoch 256:  [avg_train_loss=3.4665, avg_seen_mae=1.6695, avg_unseen_mae=1.7089]
    Epoch 257:  [avg_train_loss=3.4665, avg_seen_mae=1.6695, avg_unseen_mae=1.7089]
    Epoch 258:  [avg_train_loss=3.4665, avg_seen_mae=1.6695, avg_unseen_mae=1.7089]
    Epoch 259:  [avg_train_loss=3.4665, avg_seen_mae=1.6695, avg_unseen_mae=1.7089]
    Epoch 260:  [avg_train_loss=3.4665, avg_seen_mae=1.6695, avg_unseen_mae=1.7089]
    Epoch 261:  [avg_train_loss=3.4665, avg_seen_mae=1.6695, avg_unseen_mae=1.7089]
    Epoch 262:  [avg_train_loss=3.4665, avg_seen_mae=1.6695, avg_unseen_mae=1.7089]
    Epoch 263:  [avg_train_loss=3.4665, avg_seen_mae=1.6695, avg_unseen_mae=1.7089]
    Epoch 264:  [avg_train_loss=3.4665, avg_seen_mae=1.6695, avg_unseen_mae=1.7089]
    Epoch 265:  [avg_train_loss=3.4665, avg_seen_mae=1.6695, avg_unseen_mae=1.7089]
    Epoch 266:  [avg_train_loss=3.4665, avg_seen_mae=1.6695, avg_unseen_mae=1.7089]
    Epoch 267:  [avg_train_loss=3.4665, avg_seen_mae=1.6695, avg_unseen_mae=1.7089]
    Epoch 268:  [avg_train_loss=3.4665, avg_seen_mae=1.6695, avg_unseen_mae=1.7089]
    Epoch 269:  [avg_train_loss=3.4665, avg_seen_mae=1.6695, avg_unseen_mae=1.7089]
    Epoch 270:  [avg_train_loss=3.4665, avg_seen_mae=1.6695, avg_unseen_mae=1.7089]
    Epoch 271:  [avg_train_loss=3.4665, avg_seen_mae=1.6695, avg_unseen_mae=1.7089]
    Epoch 272:  [avg_train_loss=3.4665, avg_seen_mae=1.6695, avg_unseen_mae=1.7089]
    Epoch 273:  [avg_train_loss=3.4665, avg_seen_mae=1.6695, avg_unseen_mae=1.7089]
    Epoch 274:  [avg_train_loss=3.4665, avg_seen_mae=1.6695, avg_unseen_mae=1.7089]
    Epoch 275:  [avg_train_loss=3.4665, avg_seen_mae=1.6695, avg_unseen_mae=1.7089]
    Epoch 276:  [avg_train_loss=3.4665, avg_seen_mae=1.6695, avg_unseen_mae=1.7089]
    Epoch 277:  [avg_train_loss=3.4665, avg_seen_mae=1.6695, avg_unseen_mae=1.7089]
    Epoch 278:  [avg_train_loss=3.4665, avg_seen_mae=1.6695, avg_unseen_mae=1.7089]
    Epoch 279:  [avg_train_loss=3.4665, avg_seen_mae=1.6695, avg_unseen_mae=1.7089]
    Epoch 280:  [avg_train_loss=3.4665, avg_seen_mae=1.6695, avg_unseen_mae=1.7089]
    Epoch 281:  [avg_train_loss=3.4665, avg_seen_mae=1.6695, avg_unseen_mae=1.7089]
    Epoch 282:  [avg_train_loss=3.4665, avg_seen_mae=1.6695, avg_unseen_mae=1.7089]
    Epoch 283:  [avg_train_loss=3.4665, avg_seen_mae=1.6695, avg_unseen_mae=1.7089]
    Epoch 284:  [avg_train_loss=3.4665, avg_seen_mae=1.6695, avg_unseen_mae=1.7089]
    Epoch 285:  [avg_train_loss=3.4665, avg_seen_mae=1.6695, avg_unseen_mae=1.7089]
    Epoch 286:  [avg_train_loss=3.4665, avg_seen_mae=1.6695, avg_unseen_mae=1.7089]
    Epoch 287:  [avg_train_loss=3.4665, avg_seen_mae=1.6695, avg_unseen_mae=1.7089]
    Epoch 288:  [avg_train_loss=3.4665, avg_seen_mae=1.6695, avg_unseen_mae=1.7089]
    Epoch 289:  [avg_train_loss=3.4665, avg_seen_mae=1.6695, avg_unseen_mae=1.7089]
    Epoch 290:  [avg_train_loss=3.4665, avg_seen_mae=1.6695, avg_unseen_mae=1.7089]
    Epoch 291:  [avg_train_loss=3.4665, avg_seen_mae=1.6695, avg_unseen_mae=1.7089]
    Epoch 292:  [avg_train_loss=3.4665, avg_seen_mae=1.6695, avg_unseen_mae=1.7089]
    Epoch 293:  [avg_train_loss=3.4665, avg_seen_mae=1.6695, avg_unseen_mae=1.7089]
    Epoch 294:  [avg_train_loss=3.4665, avg_seen_mae=1.6695, avg_unseen_mae=1.7089]
    Epoch 295:  [avg_train_loss=3.4665, avg_seen_mae=1.6695, avg_unseen_mae=1.7089]
    Epoch 296:  [avg_train_loss=3.4665, avg_seen_mae=1.6695, avg_unseen_mae=1.7089]
    Epoch 297:  [avg_train_loss=3.4665, avg_seen_mae=1.6695, avg_unseen_mae=1.7089]
    Epoch 298:  [avg_train_loss=3.4665, avg_seen_mae=1.6695, avg_unseen_mae=1.7089]
    Epoch 299:  [avg_train_loss=3.4665, avg_seen_mae=1.6695, avg_unseen_mae=1.7089]
    Epoch 300:  [avg_train_loss=3.4665, avg_seen_mae=1.6695, avg_unseen_mae=1.7089]
    Epoch 301:  [avg_train_loss=3.4665, avg_seen_mae=1.6695, avg_unseen_mae=1.7089]
    Epoch 302:  [avg_train_loss=3.4665, avg_seen_mae=1.6695, avg_unseen_mae=1.7089]
    Epoch 303:  [avg_train_loss=3.4665, avg_seen_mae=1.6695, avg_unseen_mae=1.7089]
    Epoch 304:  [avg_train_loss=3.4665, avg_seen_mae=1.6695, avg_unseen_mae=1.7089]
    Epoch 305:  [avg_train_loss=3.4665, avg_seen_mae=1.6695, avg_unseen_mae=1.7089]
    Epoch 306:  [avg_train_loss=3.4665, avg_seen_mae=1.6695, avg_unseen_mae=1.7089]
    Epoch 307:  [avg_train_loss=3.4665, avg_seen_mae=1.6695, avg_unseen_mae=1.7089]
    Epoch 308:  [avg_train_loss=3.4665, avg_seen_mae=1.6695, avg_unseen_mae=1.7089]
    Epoch 309:  [avg_train_loss=3.4665, avg_seen_mae=1.6695, avg_unseen_mae=1.7089]
    Epoch 310:  [avg_train_loss=3.4665, avg_seen_mae=1.6695, avg_unseen_mae=1.7089]
    Epoch 311:  [avg_train_loss=3.4665, avg_seen_mae=1.6695, avg_unseen_mae=1.7089]
    Epoch 312:  [avg_train_loss=3.4665, avg_seen_mae=1.6695, avg_unseen_mae=1.7089]
    Epoch 313:  [avg_train_loss=3.4665, avg_seen_mae=1.6695, avg_unseen_mae=1.7089]
    Epoch 314:  [avg_train_loss=3.4665, avg_seen_mae=1.6695, avg_unseen_mae=1.7089]
    Epoch 315:  [avg_train_loss=3.4665, avg_seen_mae=1.6695, avg_unseen_mae=1.7089]
    Epoch 316:  [avg_train_loss=3.4665, avg_seen_mae=1.6695, avg_unseen_mae=1.7089]
    Epoch 317:  [avg_train_loss=3.4665, avg_seen_mae=1.6695, avg_unseen_mae=1.7089]
    Epoch 318:  [avg_train_loss=3.4665, avg_seen_mae=1.6695, avg_unseen_mae=1.7089]
    Epoch 319:  [avg_train_loss=3.4665, avg_seen_mae=1.6695, avg_unseen_mae=1.7089]
    Epoch 320:  [avg_train_loss=3.4665, avg_seen_mae=1.6695, avg_unseen_mae=1.7089]
    Epoch 321:  [avg_train_loss=3.4665, avg_seen_mae=1.6695, avg_unseen_mae=1.7089]
    Epoch 322:  [avg_train_loss=3.4665, avg_seen_mae=1.6695, avg_unseen_mae=1.7089]
    Epoch 323:  [avg_train_loss=3.4665, avg_seen_mae=1.6695, avg_unseen_mae=1.7089]
    Epoch 324:  [avg_train_loss=3.4665, avg_seen_mae=1.6695, avg_unseen_mae=1.7089]
    Epoch 325:  [avg_train_loss=3.4665, avg_seen_mae=1.6695, avg_unseen_mae=1.7089]
    Epoch 326:  [avg_train_loss=3.4665, avg_seen_mae=1.6695, avg_unseen_mae=1.7089]
    Epoch 327:  [avg_train_loss=3.4665, avg_seen_mae=1.6695, avg_unseen_mae=1.7089]
    Epoch 328:  [avg_train_loss=3.4665, avg_seen_mae=1.6695, avg_unseen_mae=1.7089]
    Epoch 329:  [avg_train_loss=3.4665, avg_seen_mae=1.6695, avg_unseen_mae=1.7089]
    Epoch 330:  [avg_train_loss=3.4665, avg_seen_mae=1.6695, avg_unseen_mae=1.7089]
    Epoch 331:  [avg_train_loss=3.4665, avg_seen_mae=1.6695, avg_unseen_mae=1.7089]
    Epoch 332:  [avg_train_loss=3.4665, avg_seen_mae=1.6695, avg_unseen_mae=1.7089]
    Epoch 333:  [avg_train_loss=3.4665, avg_seen_mae=1.6695, avg_unseen_mae=1.7089]
    Epoch 334:  [avg_train_loss=3.4665, avg_seen_mae=1.6695, avg_unseen_mae=1.7089]
    Epoch 335:  [avg_train_loss=3.4665, avg_seen_mae=1.6695, avg_unseen_mae=1.7089]
    Epoch 336:  [avg_train_loss=3.4665, avg_seen_mae=1.6695, avg_unseen_mae=1.7089]
    Epoch 337:  [avg_train_loss=3.4665, avg_seen_mae=1.6695, avg_unseen_mae=1.7089]
    Epoch 338:  [avg_train_loss=3.4665, avg_seen_mae=1.6695, avg_unseen_mae=1.7089]
    Epoch 339:  [avg_train_loss=3.4665, avg_seen_mae=1.6695, avg_unseen_mae=1.7089]
    Epoch 340:  [avg_train_loss=3.4665, avg_seen_mae=1.6695, avg_unseen_mae=1.7089]
    Epoch 341:  [avg_train_loss=3.4665, avg_seen_mae=1.6695, avg_unseen_mae=1.7089]
    Epoch 342:  [avg_train_loss=3.4665, avg_seen_mae=1.6695, avg_unseen_mae=1.7089]
    Epoch 343:  [avg_train_loss=3.4665, avg_seen_mae=1.6695, avg_unseen_mae=1.7089]
    Epoch 344:  [avg_train_loss=3.4665, avg_seen_mae=1.6695, avg_unseen_mae=1.7089]
    Epoch 345:  [avg_train_loss=3.4665, avg_seen_mae=1.6695, avg_unseen_mae=1.7089]
    Epoch 346:  [avg_train_loss=3.4665, avg_seen_mae=1.6695, avg_unseen_mae=1.7089]
    Epoch 347:  [avg_train_loss=3.4665, avg_seen_mae=1.6695, avg_unseen_mae=1.7089]
    Epoch 348:  [avg_train_loss=3.4665, avg_seen_mae=1.6695, avg_unseen_mae=1.7089]
    Epoch 349:  [avg_train_loss=3.4665, avg_seen_mae=1.6695, avg_unseen_mae=1.7089]
    Epoch 350:  [avg_train_loss=3.4665, avg_seen_mae=1.6695, avg_unseen_mae=1.7089]
    Epoch 351:  [avg_train_loss=3.4665, avg_seen_mae=1.6695, avg_unseen_mae=1.7089]
    Epoch 352:  [avg_train_loss=3.4665, avg_seen_mae=1.6695, avg_unseen_mae=1.7089]
    Epoch 353:  [avg_train_loss=3.4665, avg_seen_mae=1.6695, avg_unseen_mae=1.7089]
    Epoch 354:  [avg_train_loss=3.4665, avg_seen_mae=1.6695, avg_unseen_mae=1.7089]
    Epoch 355:  [avg_train_loss=3.4665, avg_seen_mae=1.6695, avg_unseen_mae=1.7089]
    Epoch 356:  [avg_train_loss=3.4665, avg_seen_mae=1.6695, avg_unseen_mae=1.7089]
    Epoch 357:  [avg_train_loss=3.4665, avg_seen_mae=1.6695, avg_unseen_mae=1.7089]
    Epoch 358:  [avg_train_loss=3.4665, avg_seen_mae=1.6695, avg_unseen_mae=1.7089]
    Epoch 359:  [avg_train_loss=3.4665, avg_seen_mae=1.6695, avg_unseen_mae=1.7089]
    Epoch 360:  [avg_train_loss=3.4665, avg_seen_mae=1.6695, avg_unseen_mae=1.7089]
    Epoch 361:  [avg_train_loss=3.4665, avg_seen_mae=1.6695, avg_unseen_mae=1.7089]
    Epoch 362:  [avg_train_loss=3.4665, avg_seen_mae=1.6695, avg_unseen_mae=1.7089]
    Epoch 363:  [avg_train_loss=3.4665, avg_seen_mae=1.6695, avg_unseen_mae=1.7089]
    Epoch 364:  [avg_train_loss=3.4665, avg_seen_mae=1.6695, avg_unseen_mae=1.7089]
    Epoch 365:  [avg_train_loss=3.4665, avg_seen_mae=1.6695, avg_unseen_mae=1.7089]
    Epoch 366:  [avg_train_loss=3.4665, avg_seen_mae=1.6695, avg_unseen_mae=1.7089]
    Epoch 367:  [avg_train_loss=3.4665, avg_seen_mae=1.6695, avg_unseen_mae=1.7089]
    Epoch 368:  [avg_train_loss=3.4665, avg_seen_mae=1.6695, avg_unseen_mae=1.7089]
    Epoch 369:  [avg_train_loss=3.4665, avg_seen_mae=1.6695, avg_unseen_mae=1.7089]
    Epoch 370:  [avg_train_loss=3.4665, avg_seen_mae=1.6695, avg_unseen_mae=1.7089]
    Epoch 371:  [avg_train_loss=3.4665, avg_seen_mae=1.6695, avg_unseen_mae=1.7089]
    Epoch 372:  [avg_train_loss=3.4665, avg_seen_mae=1.6695, avg_unseen_mae=1.7089]
    Epoch 373:  [avg_train_loss=3.4665, avg_seen_mae=1.6695, avg_unseen_mae=1.7089]
    Epoch 374:  [avg_train_loss=3.4665, avg_seen_mae=1.6695, avg_unseen_mae=1.7089]
    Epoch 375:  [avg_train_loss=3.4665, avg_seen_mae=1.6695, avg_unseen_mae=1.7089]
    Epoch 376:  [avg_train_loss=3.4665, avg_seen_mae=1.6695, avg_unseen_mae=1.7089]
    Epoch 377:  [avg_train_loss=3.4665, avg_seen_mae=1.6695, avg_unseen_mae=1.7089]
    Epoch 378:  [avg_train_loss=3.4665, avg_seen_mae=1.6695, avg_unseen_mae=1.7089]
    Epoch 379:  [avg_train_loss=3.4665, avg_seen_mae=1.6695, avg_unseen_mae=1.7089]
    Epoch 380:  [avg_train_loss=3.4665, avg_seen_mae=1.6695, avg_unseen_mae=1.7089]
    Epoch 381:  [avg_train_loss=3.4665, avg_seen_mae=1.6695, avg_unseen_mae=1.7089]
    Epoch 382:  [avg_train_loss=3.4665, avg_seen_mae=1.6695, avg_unseen_mae=1.7089]
    Epoch 383:  [avg_train_loss=3.4665, avg_seen_mae=1.6695, avg_unseen_mae=1.7089]
    Epoch 384:  [avg_train_loss=3.4665, avg_seen_mae=1.6695, avg_unseen_mae=1.7089]
    Epoch 385:  [avg_train_loss=3.4665, avg_seen_mae=1.6695, avg_unseen_mae=1.7089]
    Epoch 386:  [avg_train_loss=3.4665, avg_seen_mae=1.6695, avg_unseen_mae=1.7089]
    Epoch 387:  [avg_train_loss=3.4665, avg_seen_mae=1.6695, avg_unseen_mae=1.7089]
    Epoch 388:  [avg_train_loss=3.4665, avg_seen_mae=1.6695, avg_unseen_mae=1.7089]
    Epoch 389:  [avg_train_loss=3.4665, avg_seen_mae=1.6695, avg_unseen_mae=1.7089]
    Epoch 390:  [avg_train_loss=3.4665, avg_seen_mae=1.6695, avg_unseen_mae=1.7089]
    Epoch 391:  [avg_train_loss=3.4665, avg_seen_mae=1.6695, avg_unseen_mae=1.7089]
    Epoch 392:  [avg_train_loss=3.4665, avg_seen_mae=1.6695, avg_unseen_mae=1.7089]
    Epoch 393:  [avg_train_loss=3.4665, avg_seen_mae=1.6695, avg_unseen_mae=1.7089]
    Epoch 394:  [avg_train_loss=3.4665, avg_seen_mae=1.6695, avg_unseen_mae=1.7089]
    Epoch 395:  [avg_train_loss=3.4665, avg_seen_mae=1.6695, avg_unseen_mae=1.7089]
    Epoch 396:  [avg_train_loss=3.4665, avg_seen_mae=1.6695, avg_unseen_mae=1.7089]
    Epoch 397:  [avg_train_loss=3.4665, avg_seen_mae=1.6695, avg_unseen_mae=1.7089]
    Epoch 398:  [avg_train_loss=3.4665, avg_seen_mae=1.6695, avg_unseen_mae=1.7089]
    Epoch 399:  [avg_train_loss=3.4665, avg_seen_mae=1.6695, avg_unseen_mae=1.7089]
    Epoch 400:  [avg_train_loss=3.4665, avg_seen_mae=1.6695, avg_unseen_mae=1.7089]
    Epoch 401:  [avg_train_loss=3.4665, avg_seen_mae=1.6695, avg_unseen_mae=1.7089]
    Epoch 402:  [avg_train_loss=3.4665, avg_seen_mae=1.6695, avg_unseen_mae=1.7089]
    Epoch 403:  [avg_train_loss=3.4665, avg_seen_mae=1.6695, avg_unseen_mae=1.7089]
    Epoch 404:  [avg_train_loss=3.4665, avg_seen_mae=1.6695, avg_unseen_mae=1.7089]
    Epoch 405:  [avg_train_loss=3.4665, avg_seen_mae=1.6695, avg_unseen_mae=1.7089]
    Epoch 406:  [avg_train_loss=3.4665, avg_seen_mae=1.6695, avg_unseen_mae=1.7089]
    Epoch 407:  [avg_train_loss=3.4665, avg_seen_mae=1.6695, avg_unseen_mae=1.7089]
    Epoch 408:  [avg_train_loss=3.4665, avg_seen_mae=1.6695, avg_unseen_mae=1.7089]
    Epoch 409:  [avg_train_loss=3.4665, avg_seen_mae=1.6695, avg_unseen_mae=1.7089]
    Epoch 410:  [avg_train_loss=3.4665, avg_seen_mae=1.6695, avg_unseen_mae=1.7089]
    Epoch 411:  [avg_train_loss=3.4665, avg_seen_mae=1.6695, avg_unseen_mae=1.7089]
    Epoch 412:  [avg_train_loss=3.4665, avg_seen_mae=1.6695, avg_unseen_mae=1.7089]
    Epoch 413:  [avg_train_loss=3.4665, avg_seen_mae=1.6695, avg_unseen_mae=1.7089]
    Epoch 414:  [avg_train_loss=3.4665, avg_seen_mae=1.6695, avg_unseen_mae=1.7089]
    Epoch 415:  [avg_train_loss=3.4665, avg_seen_mae=1.6695, avg_unseen_mae=1.7089]
    Epoch 416:  [avg_train_loss=3.4665, avg_seen_mae=1.6695, avg_unseen_mae=1.7089]
    Epoch 417:  [avg_train_loss=3.4665, avg_seen_mae=1.6695, avg_unseen_mae=1.7089]
    Epoch 418:  [avg_train_loss=3.4665, avg_seen_mae=1.6695, avg_unseen_mae=1.7089]
    Epoch 419:  [avg_train_loss=3.4665, avg_seen_mae=1.6695, avg_unseen_mae=1.7089]
    Epoch 420:  [avg_train_loss=3.4665, avg_seen_mae=1.6695, avg_unseen_mae=1.7089]
    Epoch 421:  [avg_train_loss=3.4665, avg_seen_mae=1.6695, avg_unseen_mae=1.7089]
    Epoch 422:  [avg_train_loss=3.4665, avg_seen_mae=1.6695, avg_unseen_mae=1.7089]
    Epoch 423:  [avg_train_loss=3.4665, avg_seen_mae=1.6695, avg_unseen_mae=1.7089]
    Epoch 424:  [avg_train_loss=3.4665, avg_seen_mae=1.6695, avg_unseen_mae=1.7089]
    Epoch 425:  [avg_train_loss=3.4665, avg_seen_mae=1.6695, avg_unseen_mae=1.7089]
    Epoch 426:  [avg_train_loss=3.4665, avg_seen_mae=1.6695, avg_unseen_mae=1.7089]
    Epoch 427:  [avg_train_loss=3.4665, avg_seen_mae=1.6695, avg_unseen_mae=1.7089]
    Epoch 428:  [avg_train_loss=3.4665, avg_seen_mae=1.6695, avg_unseen_mae=1.7089]
    Epoch 429:  [avg_train_loss=3.4665, avg_seen_mae=1.6695, avg_unseen_mae=1.7089]
    Epoch 430:  [avg_train_loss=3.4665, avg_seen_mae=1.6695, avg_unseen_mae=1.7089]
    Epoch 431:  [avg_train_loss=3.4665, avg_seen_mae=1.6695, avg_unseen_mae=1.7089]
    Epoch 432:  [avg_train_loss=3.4665, avg_seen_mae=1.6695, avg_unseen_mae=1.7089]
    Epoch 433:  [avg_train_loss=3.4665, avg_seen_mae=1.6695, avg_unseen_mae=1.7089]
    Epoch 434:  [avg_train_loss=3.4665, avg_seen_mae=1.6695, avg_unseen_mae=1.7089]
    Epoch 435:  [avg_train_loss=3.4665, avg_seen_mae=1.6695, avg_unseen_mae=1.7089]
    Epoch 436:  [avg_train_loss=3.4665, avg_seen_mae=1.6695, avg_unseen_mae=1.7089]
    Epoch 437:  [avg_train_loss=3.4665, avg_seen_mae=1.6695, avg_unseen_mae=1.7089]
    Epoch 438:  [avg_train_loss=3.4665, avg_seen_mae=1.6695, avg_unseen_mae=1.7089]
    Epoch 439:  [avg_train_loss=3.4665, avg_seen_mae=1.6695, avg_unseen_mae=1.7089]
    Epoch 440:  [avg_train_loss=3.4665, avg_seen_mae=1.6695, avg_unseen_mae=1.7089]
    Epoch 441:  [avg_train_loss=3.4665, avg_seen_mae=1.6695, avg_unseen_mae=1.7089]
    Epoch 442:  [avg_train_loss=3.4665, avg_seen_mae=1.6695, avg_unseen_mae=1.7089]
    Epoch 443:  [avg_train_loss=3.4665, avg_seen_mae=1.6695, avg_unseen_mae=1.7089]
    Epoch 444:  [avg_train_loss=3.4665, avg_seen_mae=1.6695, avg_unseen_mae=1.7089]
    Epoch 445:  [avg_train_loss=3.4665, avg_seen_mae=1.6695, avg_unseen_mae=1.7089]
    Epoch 446:  [avg_train_loss=3.4665, avg_seen_mae=1.6695, avg_unseen_mae=1.7089]
    Epoch 447:  [avg_train_loss=3.4665, avg_seen_mae=1.6695, avg_unseen_mae=1.7089]
    Epoch 448:  [avg_train_loss=3.4665, avg_seen_mae=1.6695, avg_unseen_mae=1.7089]
    Epoch 449:  [avg_train_loss=3.4665, avg_seen_mae=1.6695, avg_unseen_mae=1.7089]
    Epoch 450:  [avg_train_loss=3.4665, avg_seen_mae=1.6695, avg_unseen_mae=1.7089]
    Epoch 451:  [avg_train_loss=3.4665, avg_seen_mae=1.6695, avg_unseen_mae=1.7089]
    Epoch 452:  [avg_train_loss=3.4665, avg_seen_mae=1.6695, avg_unseen_mae=1.7089]
    Epoch 453:  [avg_train_loss=3.4665, avg_seen_mae=1.6695, avg_unseen_mae=1.7089]
    Epoch 454:  [avg_train_loss=3.4665, avg_seen_mae=1.6695, avg_unseen_mae=1.7089]
    Epoch 455:  [avg_train_loss=3.4665, avg_seen_mae=1.6695, avg_unseen_mae=1.7089]
    Epoch 456:  [avg_train_loss=3.4665, avg_seen_mae=1.6695, avg_unseen_mae=1.7089]
    Epoch 457:  [avg_train_loss=3.4665, avg_seen_mae=1.6695, avg_unseen_mae=1.7089]
    Epoch 458:  [avg_train_loss=3.4665, avg_seen_mae=1.6695, avg_unseen_mae=1.7089]
    Epoch 459:  [avg_train_loss=3.4665, avg_seen_mae=1.6695, avg_unseen_mae=1.7089]
    Epoch 460:  [avg_train_loss=3.4665, avg_seen_mae=1.6695, avg_unseen_mae=1.7089]
    Epoch 461:  [avg_train_loss=3.4665, avg_seen_mae=1.6695, avg_unseen_mae=1.7089]
    Epoch 462:  [avg_train_loss=3.4665, avg_seen_mae=1.6695, avg_unseen_mae=1.7089]
    Epoch 463:  [avg_train_loss=3.4665, avg_seen_mae=1.6695, avg_unseen_mae=1.7089]
    Epoch 464:  [avg_train_loss=3.4665, avg_seen_mae=1.6695, avg_unseen_mae=1.7089]
    Epoch 465:  [avg_train_loss=3.4665, avg_seen_mae=1.6695, avg_unseen_mae=1.7089]
    Epoch 466:  [avg_train_loss=3.4665, avg_seen_mae=1.6695, avg_unseen_mae=1.7089]
    Epoch 467:  [avg_train_loss=3.4665, avg_seen_mae=1.6695, avg_unseen_mae=1.7089]
    Epoch 468:  [avg_train_loss=3.4665, avg_seen_mae=1.6695, avg_unseen_mae=1.7089]
    Epoch 469:  [avg_train_loss=3.4665, avg_seen_mae=1.6695, avg_unseen_mae=1.7089]
    Epoch 470:  [avg_train_loss=3.4665, avg_seen_mae=1.6695, avg_unseen_mae=1.7089]
    Epoch 471:  [avg_train_loss=3.4665, avg_seen_mae=1.6695, avg_unseen_mae=1.7089]
    Epoch 472:  [avg_train_loss=3.4665, avg_seen_mae=1.6695, avg_unseen_mae=1.7089]
    Epoch 473:  [avg_train_loss=3.4665, avg_seen_mae=1.6695, avg_unseen_mae=1.7089]
    Epoch 474:  [avg_train_loss=3.4665, avg_seen_mae=1.6695, avg_unseen_mae=1.7089]
    Epoch 475:  [avg_train_loss=3.4665, avg_seen_mae=1.6695, avg_unseen_mae=1.7089]
    Epoch 476:  [avg_train_loss=3.4665, avg_seen_mae=1.6695, avg_unseen_mae=1.7089]
    Epoch 477:  [avg_train_loss=3.4665, avg_seen_mae=1.6695, avg_unseen_mae=1.7089]
    Epoch 478:  [avg_train_loss=3.4665, avg_seen_mae=1.6695, avg_unseen_mae=1.7089]
    Epoch 479:  [avg_train_loss=3.4665, avg_seen_mae=1.6695, avg_unseen_mae=1.7089]
    Epoch 480:  [avg_train_loss=3.4665, avg_seen_mae=1.6695, avg_unseen_mae=1.7089]
    Epoch 481:  [avg_train_loss=3.4665, avg_seen_mae=1.6695, avg_unseen_mae=1.7089]
    Epoch 482:  [avg_train_loss=3.4665, avg_seen_mae=1.6695, avg_unseen_mae=1.7089]
    Epoch 483:  [avg_train_loss=3.4665, avg_seen_mae=1.6695, avg_unseen_mae=1.7089]
    Epoch 484:  [avg_train_loss=3.4665, avg_seen_mae=1.6695, avg_unseen_mae=1.7089]
    Epoch 485:  [avg_train_loss=3.4665, avg_seen_mae=1.6695, avg_unseen_mae=1.7089]
    Epoch 486:  [avg_train_loss=3.4665, avg_seen_mae=1.6695, avg_unseen_mae=1.7089]
    Epoch 487:  [avg_train_loss=3.4665, avg_seen_mae=1.6695, avg_unseen_mae=1.7089]
    Epoch 488:  [avg_train_loss=3.4665, avg_seen_mae=1.6695, avg_unseen_mae=1.7089]
    Epoch 489:  [avg_train_loss=3.4665, avg_seen_mae=1.6695, avg_unseen_mae=1.7089]
    Epoch 490:  [avg_train_loss=3.4665, avg_seen_mae=1.6695, avg_unseen_mae=1.7089]
    Epoch 491:  [avg_train_loss=3.4665, avg_seen_mae=1.6695, avg_unseen_mae=1.7089]
    Epoch 492:  [avg_train_loss=3.4665, avg_seen_mae=1.6695, avg_unseen_mae=1.7089]
    Epoch 493:  [avg_train_loss=3.4665, avg_seen_mae=1.6695, avg_unseen_mae=1.7089]
    Epoch 494:  [avg_train_loss=3.4665, avg_seen_mae=1.6695, avg_unseen_mae=1.7089]
    Epoch 495:  [avg_train_loss=3.4665, avg_seen_mae=1.6695, avg_unseen_mae=1.7089]
    Epoch 496:  [avg_train_loss=3.4665, avg_seen_mae=1.6695, avg_unseen_mae=1.7089]
    Epoch 497:  [avg_train_loss=3.4665, avg_seen_mae=1.6695, avg_unseen_mae=1.7089]
    Epoch 498:  [avg_train_loss=3.4665, avg_seen_mae=1.6695, avg_unseen_mae=1.7089]
    Epoch 499:  [avg_train_loss=3.4665, avg_seen_mae=1.6695, avg_unseen_mae=1.7089]
    Epoch 500:  [avg_train_loss=3.4665, avg_seen_mae=1.6695, avg_unseen_mae=1.7089]
    Epoch 501:  [avg_train_loss=3.4665, avg_seen_mae=1.6695, avg_unseen_mae=1.7089]
    Epoch 502:  [avg_train_loss=3.4665, avg_seen_mae=1.6695, avg_unseen_mae=1.7089]
    Epoch 503:  [avg_train_loss=3.4665, avg_seen_mae=1.6695, avg_unseen_mae=1.7089]
    Epoch 504:  [avg_train_loss=3.4665, avg_seen_mae=1.6695, avg_unseen_mae=1.7089]
    Epoch 505:  [avg_train_loss=3.4665, avg_seen_mae=1.6695, avg_unseen_mae=1.7089]
    Epoch 506:  [avg_train_loss=3.4665, avg_seen_mae=1.6695, avg_unseen_mae=1.7089]
    Epoch 507:  [avg_train_loss=3.4665, avg_seen_mae=1.6695, avg_unseen_mae=1.7089]
    Epoch 508:  [avg_train_loss=3.4665, avg_seen_mae=1.6695, avg_unseen_mae=1.7089]
    Epoch 509:  [avg_train_loss=3.4665, avg_seen_mae=1.6695, avg_unseen_mae=1.7089]
    Epoch 510:  [avg_train_loss=3.4665, avg_seen_mae=1.6695, avg_unseen_mae=1.7089]
    Epoch 511:  [avg_train_loss=3.4665, avg_seen_mae=1.6695, avg_unseen_mae=1.7089]
    Epoch 512:  [avg_train_loss=3.4665, avg_seen_mae=1.6695, avg_unseen_mae=1.7089]
    Epoch 513:  [avg_train_loss=3.4665, avg_seen_mae=1.6695, avg_unseen_mae=1.7089]
    Epoch 514:  [avg_train_loss=3.4665, avg_seen_mae=1.6695, avg_unseen_mae=1.7089]
    Epoch 515:  [avg_train_loss=3.4665, avg_seen_mae=1.6695, avg_unseen_mae=1.7089]
    Epoch 516:  [avg_train_loss=3.4665, avg_seen_mae=1.6695, avg_unseen_mae=1.7089]
    Epoch 517:  [avg_train_loss=3.4665, avg_seen_mae=1.6695, avg_unseen_mae=1.7089]
    Epoch 518:  [avg_train_loss=3.4665, avg_seen_mae=1.6695, avg_unseen_mae=1.7089]
    Epoch 519:  [avg_train_loss=3.4665, avg_seen_mae=1.6695, avg_unseen_mae=1.7089]
    Epoch 520:  [avg_train_loss=3.4665, avg_seen_mae=1.6695, avg_unseen_mae=1.7089]
    Epoch 521:  [avg_train_loss=3.4665, avg_seen_mae=1.6695, avg_unseen_mae=1.7089]
    Epoch 522:  [avg_train_loss=3.4665, avg_seen_mae=1.6695, avg_unseen_mae=1.7089]
    Epoch 523:  [avg_train_loss=3.4665, avg_seen_mae=1.6695, avg_unseen_mae=1.7089]
    Epoch 524:  [avg_train_loss=3.4665, avg_seen_mae=1.6695, avg_unseen_mae=1.7089]
    Epoch 525:  [avg_train_loss=3.4665, avg_seen_mae=1.6695, avg_unseen_mae=1.7089]
    Epoch 526:  [avg_train_loss=3.4665, avg_seen_mae=1.6695, avg_unseen_mae=1.7089]
    Epoch 527:  [avg_train_loss=3.4665, avg_seen_mae=1.6695, avg_unseen_mae=1.7089]
    Epoch 528:  [avg_train_loss=3.4665, avg_seen_mae=1.6695, avg_unseen_mae=1.7089]
    Epoch 529:  [avg_train_loss=3.4665, avg_seen_mae=1.6695, avg_unseen_mae=1.7089]
    Epoch 530:  [avg_train_loss=3.4665, avg_seen_mae=1.6695, avg_unseen_mae=1.7089]
    Epoch 531:  [avg_train_loss=3.4665, avg_seen_mae=1.6695, avg_unseen_mae=1.7089]
    Epoch 532:  [avg_train_loss=3.4665, avg_seen_mae=1.6695, avg_unseen_mae=1.7089]
    Epoch 533:  [avg_train_loss=3.4665, avg_seen_mae=1.6695, avg_unseen_mae=1.7089]
    Epoch 534:  [avg_train_loss=3.4665, avg_seen_mae=1.6695, avg_unseen_mae=1.7089]
    Epoch 535:  [avg_train_loss=3.4665, avg_seen_mae=1.6695, avg_unseen_mae=1.7089]
    Epoch 536:  [avg_train_loss=3.4665, avg_seen_mae=1.6695, avg_unseen_mae=1.7089]
    Epoch 537:  [avg_train_loss=3.4665, avg_seen_mae=1.6695, avg_unseen_mae=1.7089]
    Epoch 538:  [avg_train_loss=3.4665, avg_seen_mae=1.6695, avg_unseen_mae=1.7089]
    Epoch 539:  [avg_train_loss=3.4665, avg_seen_mae=1.6695, avg_unseen_mae=1.7089]
    Epoch 540:  [avg_train_loss=3.4665, avg_seen_mae=1.6695, avg_unseen_mae=1.7089]
    Epoch 541:  [avg_train_loss=3.4665, avg_seen_mae=1.6695, avg_unseen_mae=1.7089]
    Epoch 542:  [avg_train_loss=3.4665, avg_seen_mae=1.6695, avg_unseen_mae=1.7089]
    Epoch 543:  [avg_train_loss=3.4665, avg_seen_mae=1.6695, avg_unseen_mae=1.7089]
    Epoch 544:  [avg_train_loss=3.4665, avg_seen_mae=1.6695, avg_unseen_mae=1.7089]
    Epoch 545:  [avg_train_loss=3.4665, avg_seen_mae=1.6695, avg_unseen_mae=1.7089]
    Epoch 546:  [avg_train_loss=3.4665, avg_seen_mae=1.6695, avg_unseen_mae=1.7089]
    Epoch 547:  [avg_train_loss=3.4665, avg_seen_mae=1.6695, avg_unseen_mae=1.7089]
    Epoch 548:  [avg_train_loss=3.4665, avg_seen_mae=1.6695, avg_unseen_mae=1.7089]
    Epoch 549:  [avg_train_loss=3.4665, avg_seen_mae=1.6695, avg_unseen_mae=1.7089]
    Epoch 550:  [avg_train_loss=3.4665, avg_seen_mae=1.6695, avg_unseen_mae=1.7089]
    Epoch 551:  [avg_train_loss=3.4665, avg_seen_mae=1.6695, avg_unseen_mae=1.7089]
    Epoch 552:  [avg_train_loss=3.4665, avg_seen_mae=1.6695, avg_unseen_mae=1.7089]
    Epoch 553:  [avg_train_loss=3.4665, avg_seen_mae=1.6695, avg_unseen_mae=1.7089]
    Epoch 554:  [avg_train_loss=3.4665, avg_seen_mae=1.6695, avg_unseen_mae=1.7089]
    Epoch 555:  [avg_train_loss=3.4665, avg_seen_mae=1.6695, avg_unseen_mae=1.7089]
    Epoch 556:  [avg_train_loss=3.4665, avg_seen_mae=1.6695, avg_unseen_mae=1.7089]
    Epoch 557:  [avg_train_loss=3.4665, avg_seen_mae=1.6695, avg_unseen_mae=1.7089]
    Epoch 558:  [avg_train_loss=3.4665, avg_seen_mae=1.6695, avg_unseen_mae=1.7089]
    Epoch 559:  [avg_train_loss=3.4665, avg_seen_mae=1.6695, avg_unseen_mae=1.7089]
    Epoch 560:  [avg_train_loss=3.4665, avg_seen_mae=1.6695, avg_unseen_mae=1.7089]
    Epoch 561:  [avg_train_loss=3.4665, avg_seen_mae=1.6695, avg_unseen_mae=1.7089]
    Epoch 562:  [avg_train_loss=3.4665, avg_seen_mae=1.6695, avg_unseen_mae=1.7089]
    Epoch 563:  [avg_train_loss=3.4665, avg_seen_mae=1.6695, avg_unseen_mae=1.7089]
    Epoch 564:  [avg_train_loss=3.4665, avg_seen_mae=1.6695, avg_unseen_mae=1.7089]
    Epoch 565:  [avg_train_loss=3.4665, avg_seen_mae=1.6695, avg_unseen_mae=1.7089]
    Epoch 566:  [avg_train_loss=3.4665, avg_seen_mae=1.6695, avg_unseen_mae=1.7089]
    Epoch 567:  [avg_train_loss=3.4665, avg_seen_mae=1.6695, avg_unseen_mae=1.7089]
    Epoch 568:  [avg_train_loss=3.4665, avg_seen_mae=1.6695, avg_unseen_mae=1.7089]
    Epoch 569:  [avg_train_loss=3.4665, avg_seen_mae=1.6695, avg_unseen_mae=1.7089]
    Epoch 570:  [avg_train_loss=3.4665, avg_seen_mae=1.6695, avg_unseen_mae=1.7089]
    Epoch 571:  [avg_train_loss=3.4665, avg_seen_mae=1.6695, avg_unseen_mae=1.7089]
    Epoch 572:  [avg_train_loss=3.4665, avg_seen_mae=1.6695, avg_unseen_mae=1.7089]
    Epoch 573:  [avg_train_loss=3.4665, avg_seen_mae=1.6695, avg_unseen_mae=1.7089]
    Epoch 574:  [avg_train_loss=3.4665, avg_seen_mae=1.6695, avg_unseen_mae=1.7089]
    Epoch 575:  [avg_train_loss=3.4665, avg_seen_mae=1.6695, avg_unseen_mae=1.7089]
    Epoch 576:  [avg_train_loss=3.4665, avg_seen_mae=1.6695, avg_unseen_mae=1.7089]
    Epoch 577:  [avg_train_loss=3.4665, avg_seen_mae=1.6695, avg_unseen_mae=1.7089]
    Epoch 578:  [avg_train_loss=3.4665, avg_seen_mae=1.6695, avg_unseen_mae=1.7089]
    Epoch 579:  [avg_train_loss=3.4665, avg_seen_mae=1.6695, avg_unseen_mae=1.7089]
    Epoch 580:  [avg_train_loss=3.4665, avg_seen_mae=1.6695, avg_unseen_mae=1.7089]
    Epoch 581:  [avg_train_loss=3.4665, avg_seen_mae=1.6695, avg_unseen_mae=1.7089]
    Epoch 582:  [avg_train_loss=3.4665, avg_seen_mae=1.6695, avg_unseen_mae=1.7089]
    Epoch 583:  [avg_train_loss=3.4665, avg_seen_mae=1.6695, avg_unseen_mae=1.7089]
    Epoch 584:  [avg_train_loss=3.4665, avg_seen_mae=1.6695, avg_unseen_mae=1.7089]
    Epoch 585:  [avg_train_loss=3.4665, avg_seen_mae=1.6695, avg_unseen_mae=1.7089]
    Epoch 586:  [avg_train_loss=3.4665, avg_seen_mae=1.6695, avg_unseen_mae=1.7089]
    Epoch 587:  [avg_train_loss=3.4665, avg_seen_mae=1.6695, avg_unseen_mae=1.7089]
    Epoch 588:  [avg_train_loss=3.4665, avg_seen_mae=1.6695, avg_unseen_mae=1.7089]
    Epoch 589:  [avg_train_loss=3.4665, avg_seen_mae=1.6695, avg_unseen_mae=1.7089]
    Epoch 590:  [avg_train_loss=3.4665, avg_seen_mae=1.6695, avg_unseen_mae=1.7089]
    Epoch 591:  [avg_train_loss=3.4665, avg_seen_mae=1.6695, avg_unseen_mae=1.7089]
    Epoch 592:  [avg_train_loss=3.4665, avg_seen_mae=1.6695, avg_unseen_mae=1.7089]
    Epoch 593:  [avg_train_loss=3.4665, avg_seen_mae=1.6695, avg_unseen_mae=1.7089]
    Epoch 594:  [avg_train_loss=3.4665, avg_seen_mae=1.6695, avg_unseen_mae=1.7089]
    Epoch 595:  [avg_train_loss=3.4665, avg_seen_mae=1.6695, avg_unseen_mae=1.7089]
    Epoch 596:  [avg_train_loss=3.4665, avg_seen_mae=1.6695, avg_unseen_mae=1.7089]
    Epoch 597:  [avg_train_loss=3.4665, avg_seen_mae=1.6695, avg_unseen_mae=1.7089]
    Epoch 598:  [avg_train_loss=3.4665, avg_seen_mae=1.6695, avg_unseen_mae=1.7089]
    Epoch 599:  [avg_train_loss=3.4665, avg_seen_mae=1.6695, avg_unseen_mae=1.7089]
    Epoch 600:  [avg_train_loss=3.4665, avg_seen_mae=1.6695, avg_unseen_mae=1.7089]
    Epoch 601:  [avg_train_loss=3.4665, avg_seen_mae=1.6695, avg_unseen_mae=1.7089]
    Epoch 602:  [avg_train_loss=3.4665, avg_seen_mae=1.6695, avg_unseen_mae=1.7089]
    Epoch 603:  [avg_train_loss=3.4665, avg_seen_mae=1.6695, avg_unseen_mae=1.7089]
    Epoch 604:  [avg_train_loss=3.4665, avg_seen_mae=1.6695, avg_unseen_mae=1.7089]
    Epoch 605:  [avg_train_loss=3.4665, avg_seen_mae=1.6695, avg_unseen_mae=1.7089]
    Epoch 606:  [avg_train_loss=3.4665, avg_seen_mae=1.6695, avg_unseen_mae=1.7089]
    Epoch 607:  [avg_train_loss=3.4665, avg_seen_mae=1.6695, avg_unseen_mae=1.7089]
    Epoch 608:  [avg_train_loss=3.4665, avg_seen_mae=1.6695, avg_unseen_mae=1.7089]
    Epoch 609:  [avg_train_loss=3.4665, avg_seen_mae=1.6695, avg_unseen_mae=1.7089]
    Epoch 610:  [avg_train_loss=3.4665, avg_seen_mae=1.6695, avg_unseen_mae=1.7089]
    Epoch 611:  [avg_train_loss=3.4665, avg_seen_mae=1.6695, avg_unseen_mae=1.7089]
    Epoch 612:  [avg_train_loss=3.4665, avg_seen_mae=1.6695, avg_unseen_mae=1.7089]
    Epoch 613:  [avg_train_loss=3.4665, avg_seen_mae=1.6695, avg_unseen_mae=1.7089]
    Epoch 614:  [avg_train_loss=3.4665, avg_seen_mae=1.6695, avg_unseen_mae=1.7089]
    Epoch 615:  [avg_train_loss=3.4665, avg_seen_mae=1.6695, avg_unseen_mae=1.7089]
    Epoch 616:  [avg_train_loss=3.4665, avg_seen_mae=1.6695, avg_unseen_mae=1.7089]
    Epoch 617:  [avg_train_loss=3.4665, avg_seen_mae=1.6695, avg_unseen_mae=1.7089]
    Epoch 618:  [avg_train_loss=3.4665, avg_seen_mae=1.6695, avg_unseen_mae=1.7089]
    Epoch 619:  [avg_train_loss=3.4665, avg_seen_mae=1.6695, avg_unseen_mae=1.7089]
    Epoch 620:  [avg_train_loss=3.4665, avg_seen_mae=1.6695, avg_unseen_mae=1.7089]
    Epoch 621:  [avg_train_loss=3.4665, avg_seen_mae=1.6695, avg_unseen_mae=1.7089]
    Epoch 622:  [avg_train_loss=3.4665, avg_seen_mae=1.6695, avg_unseen_mae=1.7089]
    Epoch 623:  [avg_train_loss=3.4665, avg_seen_mae=1.6695, avg_unseen_mae=1.7089]
    Epoch 624:  [avg_train_loss=3.4665, avg_seen_mae=1.6695, avg_unseen_mae=1.7089]
    Epoch 625:  [avg_train_loss=3.4665, avg_seen_mae=1.6695, avg_unseen_mae=1.7089]
    Epoch 626:  [avg_train_loss=3.4665, avg_seen_mae=1.6695, avg_unseen_mae=1.7089]
    Epoch 627:  [avg_train_loss=3.4665, avg_seen_mae=1.6695, avg_unseen_mae=1.7089]
    Epoch 628:  [avg_train_loss=3.4665, avg_seen_mae=1.6695, avg_unseen_mae=1.7089]
    Epoch 629:  [avg_train_loss=3.4665, avg_seen_mae=1.6695, avg_unseen_mae=1.7089]
    Epoch 630:  [avg_train_loss=3.4665, avg_seen_mae=1.6695, avg_unseen_mae=1.7089]
    Epoch 631:  [avg_train_loss=3.4665, avg_seen_mae=1.6695, avg_unseen_mae=1.7089]
    Epoch 632:  [avg_train_loss=3.4665, avg_seen_mae=1.6695, avg_unseen_mae=1.7089]
    Epoch 633:  [avg_train_loss=3.4665, avg_seen_mae=1.6695, avg_unseen_mae=1.7089]
    Epoch 634:  [avg_train_loss=3.4665, avg_seen_mae=1.6695, avg_unseen_mae=1.7089]
    Epoch 635:  [avg_train_loss=3.4665, avg_seen_mae=1.6695, avg_unseen_mae=1.7089]
    Epoch 636:  [avg_train_loss=3.4665, avg_seen_mae=1.6695, avg_unseen_mae=1.7089]
    Epoch 637:  [avg_train_loss=3.4665, avg_seen_mae=1.6695, avg_unseen_mae=1.7089]
    Epoch 638:  [avg_train_loss=3.4665, avg_seen_mae=1.6695, avg_unseen_mae=1.7089]
    Epoch 639:  [avg_train_loss=3.4665, avg_seen_mae=1.6695, avg_unseen_mae=1.7089]
    Epoch 640:  [avg_train_loss=3.4665, avg_seen_mae=1.6695, avg_unseen_mae=1.7089]
    Epoch 641:  [avg_train_loss=3.4665, avg_seen_mae=1.6695, avg_unseen_mae=1.7089]
    Epoch 642:  [avg_train_loss=3.4665, avg_seen_mae=1.6695, avg_unseen_mae=1.7089]
    Epoch 643:  [avg_train_loss=3.4665, avg_seen_mae=1.6695, avg_unseen_mae=1.7089]
    Epoch 644:  [avg_train_loss=3.4665, avg_seen_mae=1.6695, avg_unseen_mae=1.7089]
    Epoch 645:  [avg_train_loss=3.4665, avg_seen_mae=1.6695, avg_unseen_mae=1.7089]
    Epoch 646:  [avg_train_loss=3.4665, avg_seen_mae=1.6695, avg_unseen_mae=1.7089]
    Epoch 647:  [avg_train_loss=3.4665, avg_seen_mae=1.6695, avg_unseen_mae=1.7089]
    Epoch 648:  [avg_train_loss=3.4665, avg_seen_mae=1.6695, avg_unseen_mae=1.7089]
    Epoch 649:  [avg_train_loss=3.4665, avg_seen_mae=1.6695, avg_unseen_mae=1.7089]
    Epoch 650:  [avg_train_loss=3.4665, avg_seen_mae=1.6695, avg_unseen_mae=1.7089]
    Epoch 651:  [avg_train_loss=3.4665, avg_seen_mae=1.6695, avg_unseen_mae=1.7089]
    Epoch 652:  [avg_train_loss=3.4665, avg_seen_mae=1.6695, avg_unseen_mae=1.7089]
    Epoch 653:  [avg_train_loss=3.4665, avg_seen_mae=1.6695, avg_unseen_mae=1.7089]
    Epoch 654:  [avg_train_loss=3.4665, avg_seen_mae=1.6695, avg_unseen_mae=1.7089]
    Epoch 655:  [avg_train_loss=3.4665, avg_seen_mae=1.6695, avg_unseen_mae=1.7089]
    Epoch 656:  [avg_train_loss=3.4665, avg_seen_mae=1.6695, avg_unseen_mae=1.7089]
    Epoch 657:  [avg_train_loss=3.4665, avg_seen_mae=1.6695, avg_unseen_mae=1.7089]
    Epoch 658:  [avg_train_loss=3.4665, avg_seen_mae=1.6695, avg_unseen_mae=1.7089]
    Epoch 659:  [avg_train_loss=3.4665, avg_seen_mae=1.6695, avg_unseen_mae=1.7089]
    Epoch 660:  [avg_train_loss=3.4665, avg_seen_mae=1.6695, avg_unseen_mae=1.7089]
    Epoch 661:  [avg_train_loss=3.4665, avg_seen_mae=1.6695, avg_unseen_mae=1.7089]
    Epoch 662:  [avg_train_loss=3.4665, avg_seen_mae=1.6695, avg_unseen_mae=1.7089]
    Epoch 663:  [avg_train_loss=3.4665, avg_seen_mae=1.6695, avg_unseen_mae=1.7089]
    Epoch 664:  [avg_train_loss=3.4665, avg_seen_mae=1.6695, avg_unseen_mae=1.7089]
    Epoch 665:  [avg_train_loss=3.4665, avg_seen_mae=1.6695, avg_unseen_mae=1.7089]
    Epoch 666:  [avg_train_loss=3.4665, avg_seen_mae=1.6695, avg_unseen_mae=1.7089]
    Epoch 667:  [avg_train_loss=3.4665, avg_seen_mae=1.6695, avg_unseen_mae=1.7089]
    Epoch 668:  [avg_train_loss=3.4665, avg_seen_mae=1.6695, avg_unseen_mae=1.7089]
    Epoch 669:  [avg_train_loss=3.4665, avg_seen_mae=1.6695, avg_unseen_mae=1.7089]
    Epoch 670:  [avg_train_loss=3.4665, avg_seen_mae=1.6695, avg_unseen_mae=1.7089]
    Epoch 671:  [avg_train_loss=3.4665, avg_seen_mae=1.6695, avg_unseen_mae=1.7089]
    Epoch 672:  [avg_train_loss=3.4665, avg_seen_mae=1.6695, avg_unseen_mae=1.7089]
    Epoch 673:  [avg_train_loss=3.4665, avg_seen_mae=1.6695, avg_unseen_mae=1.7089]
    Epoch 674:  [avg_train_loss=3.4665, avg_seen_mae=1.6695, avg_unseen_mae=1.7089]
    Epoch 675:  [avg_train_loss=3.4665, avg_seen_mae=1.6695, avg_unseen_mae=1.7089]
    Epoch 676:  [avg_train_loss=3.4665, avg_seen_mae=1.6695, avg_unseen_mae=1.7089]
    Epoch 677:  [avg_train_loss=3.4665, avg_seen_mae=1.6695, avg_unseen_mae=1.7089]
    Epoch 678:  [avg_train_loss=3.4665, avg_seen_mae=1.6695, avg_unseen_mae=1.7089]
    Epoch 679:  [avg_train_loss=3.4665, avg_seen_mae=1.6695, avg_unseen_mae=1.7089]
    Epoch 680:  [avg_train_loss=3.4665, avg_seen_mae=1.6695, avg_unseen_mae=1.7089]
    Epoch 681:  [avg_train_loss=3.4665, avg_seen_mae=1.6695, avg_unseen_mae=1.7089]
    Epoch 682:  [avg_train_loss=3.4665, avg_seen_mae=1.6695, avg_unseen_mae=1.7089]
    Epoch 683:  [avg_train_loss=3.4665, avg_seen_mae=1.6695, avg_unseen_mae=1.7089]
    Epoch 684:  [avg_train_loss=3.4665, avg_seen_mae=1.6695, avg_unseen_mae=1.7089]
    Epoch 685:  [avg_train_loss=3.4665, avg_seen_mae=1.6695, avg_unseen_mae=1.7089]
    Epoch 686:  [avg_train_loss=3.4665, avg_seen_mae=1.6695, avg_unseen_mae=1.7089]
    Epoch 687:  [avg_train_loss=3.4665, avg_seen_mae=1.6695, avg_unseen_mae=1.7089]
    Epoch 688:  [avg_train_loss=3.4665, avg_seen_mae=1.6695, avg_unseen_mae=1.7089]
    Epoch 689:  [avg_train_loss=3.4665, avg_seen_mae=1.6695, avg_unseen_mae=1.7089]
    Epoch 690:  [avg_train_loss=3.4665, avg_seen_mae=1.6695, avg_unseen_mae=1.7089]
    Epoch 691:  [avg_train_loss=3.4665, avg_seen_mae=1.6695, avg_unseen_mae=1.7089]
    Epoch 692:  [avg_train_loss=3.4665, avg_seen_mae=1.6695, avg_unseen_mae=1.7089]
    Epoch 693:  [avg_train_loss=3.4665, avg_seen_mae=1.6695, avg_unseen_mae=1.7089]
    Epoch 694:  [avg_train_loss=3.4665, avg_seen_mae=1.6695, avg_unseen_mae=1.7089]
    Epoch 695:  [avg_train_loss=3.4665, avg_seen_mae=1.6695, avg_unseen_mae=1.7089]
    Epoch 696:  [avg_train_loss=3.4665, avg_seen_mae=1.6695, avg_unseen_mae=1.7089]
    Epoch 697:  [avg_train_loss=3.4665, avg_seen_mae=1.6695, avg_unseen_mae=1.7089]
    Epoch 698:  [avg_train_loss=3.4665, avg_seen_mae=1.6695, avg_unseen_mae=1.7089]
    Epoch 699:  [avg_train_loss=3.4665, avg_seen_mae=1.6695, avg_unseen_mae=1.7089]
    Epoch 700:  [avg_train_loss=3.4665, avg_seen_mae=1.6695, avg_unseen_mae=1.7089]
    Epoch 701:  [avg_train_loss=3.4665, avg_seen_mae=1.6695, avg_unseen_mae=1.7089]
    Epoch 702:  [avg_train_loss=3.4665, avg_seen_mae=1.6695, avg_unseen_mae=1.7089]
    Epoch 703:  [avg_train_loss=3.4665, avg_seen_mae=1.6695, avg_unseen_mae=1.7089]
    Epoch 704:  [avg_train_loss=3.4665, avg_seen_mae=1.6695, avg_unseen_mae=1.7089]
    Epoch 705:  [avg_train_loss=3.4665, avg_seen_mae=1.6695, avg_unseen_mae=1.7089]
    Epoch 706:  [avg_train_loss=3.4665, avg_seen_mae=1.6695, avg_unseen_mae=1.7089]
    Epoch 707:  [avg_train_loss=3.4665, avg_seen_mae=1.6695, avg_unseen_mae=1.7089]
    Epoch 708:  [avg_train_loss=3.4665, avg_seen_mae=1.6695, avg_unseen_mae=1.7089]
    Epoch 709:  [avg_train_loss=3.4665, avg_seen_mae=1.6695, avg_unseen_mae=1.7089]
    Epoch 710:  [avg_train_loss=3.4665, avg_seen_mae=1.6695, avg_unseen_mae=1.7089]
    Epoch 711:  [avg_train_loss=3.4665, avg_seen_mae=1.6695, avg_unseen_mae=1.7089]
    Epoch 712:  [avg_train_loss=3.4665, avg_seen_mae=1.6695, avg_unseen_mae=1.7089]
    Epoch 713:  [avg_train_loss=3.4665, avg_seen_mae=1.6695, avg_unseen_mae=1.7089]
    Epoch 714:  [avg_train_loss=3.4665, avg_seen_mae=1.6695, avg_unseen_mae=1.7089]
    Epoch 715:  [avg_train_loss=3.4665, avg_seen_mae=1.6695, avg_unseen_mae=1.7089]
    Epoch 716:  [avg_train_loss=3.4665, avg_seen_mae=1.6695, avg_unseen_mae=1.7089]
    Epoch 717:  [avg_train_loss=3.4665, avg_seen_mae=1.6695, avg_unseen_mae=1.7089]
    Epoch 718:  [avg_train_loss=3.4665, avg_seen_mae=1.6695, avg_unseen_mae=1.7089]
    Epoch 719:  [avg_train_loss=3.4665, avg_seen_mae=1.6695, avg_unseen_mae=1.7089]
    Epoch 720:  [avg_train_loss=3.4665, avg_seen_mae=1.6695, avg_unseen_mae=1.7089]
    Epoch 721:  [avg_train_loss=3.4665, avg_seen_mae=1.6695, avg_unseen_mae=1.7089]
    Epoch 722:  [avg_train_loss=3.4665, avg_seen_mae=1.6695, avg_unseen_mae=1.7089]
    Epoch 723:  [avg_train_loss=3.4665, avg_seen_mae=1.6695, avg_unseen_mae=1.7089]
    Epoch 724:  [avg_train_loss=3.4665, avg_seen_mae=1.6695, avg_unseen_mae=1.7089]
    Epoch 725:  [avg_train_loss=3.4665, avg_seen_mae=1.6695, avg_unseen_mae=1.7089]
    Epoch 726:  [avg_train_loss=3.4665, avg_seen_mae=1.6695, avg_unseen_mae=1.7089]
    Epoch 727:  [avg_train_loss=3.4665, avg_seen_mae=1.6695, avg_unseen_mae=1.7089]
    Epoch 728:  [avg_train_loss=3.4665, avg_seen_mae=1.6695, avg_unseen_mae=1.7089]
    Epoch 729:  [avg_train_loss=3.4665, avg_seen_mae=1.6695, avg_unseen_mae=1.7089]
    Epoch 730:  [avg_train_loss=3.4665, avg_seen_mae=1.6695, avg_unseen_mae=1.7089]
    Epoch 731:  [avg_train_loss=3.4665, avg_seen_mae=1.6695, avg_unseen_mae=1.7089]
    Epoch 732:  [avg_train_loss=3.4665, avg_seen_mae=1.6695, avg_unseen_mae=1.7089]
    Epoch 733:  [avg_train_loss=3.4665, avg_seen_mae=1.6695, avg_unseen_mae=1.7089]
    Epoch 734:  [avg_train_loss=3.4665, avg_seen_mae=1.6695, avg_unseen_mae=1.7089]
    Epoch 735:  [avg_train_loss=3.4665, avg_seen_mae=1.6695, avg_unseen_mae=1.7089]
    Epoch 736:  [avg_train_loss=3.4665, avg_seen_mae=1.6695, avg_unseen_mae=1.7089]
    Epoch 737:  [avg_train_loss=3.4665, avg_seen_mae=1.6695, avg_unseen_mae=1.7089]
    Epoch 738:  [avg_train_loss=3.4665, avg_seen_mae=1.6695, avg_unseen_mae=1.7089]
    Epoch 739:  [avg_train_loss=3.4665, avg_seen_mae=1.6695, avg_unseen_mae=1.7089]
    Epoch 740:  [avg_train_loss=3.4665, avg_seen_mae=1.6695, avg_unseen_mae=1.7089]
    Epoch 741:  [avg_train_loss=3.4665, avg_seen_mae=1.6695, avg_unseen_mae=1.7089]
    Epoch 742:  [avg_train_loss=3.4665, avg_seen_mae=1.6695, avg_unseen_mae=1.7089]
    Epoch 743:  [avg_train_loss=3.4665, avg_seen_mae=1.6695, avg_unseen_mae=1.7089]
    Epoch 744:  [avg_train_loss=3.4665, avg_seen_mae=1.6695, avg_unseen_mae=1.7089]
    Epoch 745:  [avg_train_loss=3.4665, avg_seen_mae=1.6695, avg_unseen_mae=1.7089]
    Epoch 746:  [avg_train_loss=3.4665, avg_seen_mae=1.6695, avg_unseen_mae=1.7089]
    Epoch 747:  [avg_train_loss=3.4665, avg_seen_mae=1.6695, avg_unseen_mae=1.7089]
    Epoch 748:  [avg_train_loss=3.4665, avg_seen_mae=1.6695, avg_unseen_mae=1.7089]
    Epoch 749:  [avg_train_loss=3.4665, avg_seen_mae=1.6695, avg_unseen_mae=1.7089]
    Epoch 750:  [avg_train_loss=3.4665, avg_seen_mae=1.6695, avg_unseen_mae=1.7089]
    Epoch 751:  [avg_train_loss=3.4665, avg_seen_mae=1.6695, avg_unseen_mae=1.7089]
    Epoch 752:  [avg_train_loss=3.4665, avg_seen_mae=1.6695, avg_unseen_mae=1.7089]
    Epoch 753:  [avg_train_loss=3.4665, avg_seen_mae=1.6695, avg_unseen_mae=1.7089]
    Epoch 754:  [avg_train_loss=3.4665, avg_seen_mae=1.6695, avg_unseen_mae=1.7089]
    Epoch 755:  [avg_train_loss=3.4665, avg_seen_mae=1.6695, avg_unseen_mae=1.7089]
    Epoch 756:  [avg_train_loss=3.4665, avg_seen_mae=1.6695, avg_unseen_mae=1.7089]
    Epoch 757:  [avg_train_loss=3.4665, avg_seen_mae=1.6695, avg_unseen_mae=1.7089]
    Epoch 758:  [avg_train_loss=3.4665, avg_seen_mae=1.6695, avg_unseen_mae=1.7089]
    Epoch 759:  [avg_train_loss=3.4665, avg_seen_mae=1.6695, avg_unseen_mae=1.7089]
    Epoch 760:  [avg_train_loss=3.4665, avg_seen_mae=1.6695, avg_unseen_mae=1.7089]
    Epoch 761:  [avg_train_loss=3.4665, avg_seen_mae=1.6695, avg_unseen_mae=1.7089]
    Epoch 762:  [avg_train_loss=3.4665, avg_seen_mae=1.6695, avg_unseen_mae=1.7089]
    Epoch 763:  [avg_train_loss=3.4665, avg_seen_mae=1.6695, avg_unseen_mae=1.7089]
    Epoch 764:  [avg_train_loss=3.4665, avg_seen_mae=1.6695, avg_unseen_mae=1.7089]
    Epoch 765:  [avg_train_loss=3.4665, avg_seen_mae=1.6695, avg_unseen_mae=1.7089]
    Epoch 766:  [avg_train_loss=3.4665, avg_seen_mae=1.6695, avg_unseen_mae=1.7089]
    Epoch 767:  [avg_train_loss=3.4665, avg_seen_mae=1.6695, avg_unseen_mae=1.7089]
    Epoch 768:  [avg_train_loss=3.4665, avg_seen_mae=1.6695, avg_unseen_mae=1.7089]
    Epoch 769:  [avg_train_loss=3.4665, avg_seen_mae=1.6695, avg_unseen_mae=1.7089]
    Epoch 770:  [avg_train_loss=3.4665, avg_seen_mae=1.6695, avg_unseen_mae=1.7089]
    Epoch 771:  [avg_train_loss=3.4665, avg_seen_mae=1.6695, avg_unseen_mae=1.7089]
    Epoch 772:  [avg_train_loss=3.4665, avg_seen_mae=1.6695, avg_unseen_mae=1.7089]
    Epoch 773:  [avg_train_loss=3.4665, avg_seen_mae=1.6695, avg_unseen_mae=1.7089]
    Epoch 774:  [avg_train_loss=3.4665, avg_seen_mae=1.6695, avg_unseen_mae=1.7089]
    Epoch 775:  [avg_train_loss=3.4665, avg_seen_mae=1.6695, avg_unseen_mae=1.7089]
    Epoch 776:  [avg_train_loss=3.4665, avg_seen_mae=1.6695, avg_unseen_mae=1.7089]
    Epoch 777:  [avg_train_loss=3.4665, avg_seen_mae=1.6695, avg_unseen_mae=1.7089]
    Epoch 778:  [avg_train_loss=3.4665, avg_seen_mae=1.6695, avg_unseen_mae=1.7089]
    Epoch 779:  [avg_train_loss=3.4665, avg_seen_mae=1.6695, avg_unseen_mae=1.7089]
    Epoch 780:  [avg_train_loss=3.4665, avg_seen_mae=1.6695, avg_unseen_mae=1.7089]
    Epoch 781:  [avg_train_loss=3.4665, avg_seen_mae=1.6695, avg_unseen_mae=1.7089]
    Epoch 782:  [avg_train_loss=3.4665, avg_seen_mae=1.6695, avg_unseen_mae=1.7089]
    Epoch 783:  [avg_train_loss=3.4665, avg_seen_mae=1.6695, avg_unseen_mae=1.7089]
    Epoch 784:  [avg_train_loss=3.4665, avg_seen_mae=1.6695, avg_unseen_mae=1.7089]
    Epoch 785:  [avg_train_loss=3.4665, avg_seen_mae=1.6695, avg_unseen_mae=1.7089]
    Epoch 786:  [avg_train_loss=3.4665, avg_seen_mae=1.6695, avg_unseen_mae=1.7089]
    Epoch 787:  [avg_train_loss=3.4665, avg_seen_mae=1.6695, avg_unseen_mae=1.7089]
    Epoch 788:  [avg_train_loss=3.4665, avg_seen_mae=1.6695, avg_unseen_mae=1.7089]
    Epoch 789:  [avg_train_loss=3.4665, avg_seen_mae=1.6695, avg_unseen_mae=1.7089]
    Epoch 790:  [avg_train_loss=3.4665, avg_seen_mae=1.6695, avg_unseen_mae=1.7089]
    Epoch 791:  [avg_train_loss=3.4665, avg_seen_mae=1.6695, avg_unseen_mae=1.7089]
    Epoch 792:  [avg_train_loss=3.4665, avg_seen_mae=1.6695, avg_unseen_mae=1.7089]
    Epoch 793:  [avg_train_loss=3.4665, avg_seen_mae=1.6695, avg_unseen_mae=1.7089]
    Epoch 794:  [avg_train_loss=3.4665, avg_seen_mae=1.6695, avg_unseen_mae=1.7089]
    Epoch 795:  [avg_train_loss=3.4665, avg_seen_mae=1.6695, avg_unseen_mae=1.7089]
    Epoch 796:  [avg_train_loss=3.4665, avg_seen_mae=1.6695, avg_unseen_mae=1.7089]
    Epoch 797:  [avg_train_loss=3.4665, avg_seen_mae=1.6695, avg_unseen_mae=1.7089]
    Epoch 798:  [avg_train_loss=3.4665, avg_seen_mae=1.6695, avg_unseen_mae=1.7089]
    Epoch 799:  [avg_train_loss=3.4665, avg_seen_mae=1.6695, avg_unseen_mae=1.7089]
    Epoch 800:  [avg_train_loss=3.4665, avg_seen_mae=1.6695, avg_unseen_mae=1.7089]
    Epoch 801:  [avg_train_loss=3.4665, avg_seen_mae=1.6695, avg_unseen_mae=1.7089]
    Epoch 802:  [avg_train_loss=3.4665, avg_seen_mae=1.6695, avg_unseen_mae=1.7089]
    Epoch 803:  [avg_train_loss=3.4665, avg_seen_mae=1.6695, avg_unseen_mae=1.7089]
    Epoch 804:  [avg_train_loss=3.4665, avg_seen_mae=1.6695, avg_unseen_mae=1.7089]
    Epoch 805:  [avg_train_loss=3.4665, avg_seen_mae=1.6695, avg_unseen_mae=1.7089]
    Epoch 806:  [avg_train_loss=3.4665, avg_seen_mae=1.6695, avg_unseen_mae=1.7089]
    Epoch 807:  [avg_train_loss=3.4665, avg_seen_mae=1.6695, avg_unseen_mae=1.7089]
    Epoch 808:  [avg_train_loss=3.4665, avg_seen_mae=1.6695, avg_unseen_mae=1.7089]
    Epoch 809:  [avg_train_loss=3.4665, avg_seen_mae=1.6695, avg_unseen_mae=1.7089]
    Epoch 810:  [avg_train_loss=3.4665, avg_seen_mae=1.6695, avg_unseen_mae=1.7089]
    Epoch 811:  [avg_train_loss=3.4665, avg_seen_mae=1.6695, avg_unseen_mae=1.7089]
    Epoch 812:  [avg_train_loss=3.4665, avg_seen_mae=1.6695, avg_unseen_mae=1.7089]
    Epoch 813:  [avg_train_loss=3.4665, avg_seen_mae=1.6695, avg_unseen_mae=1.7089]
    Epoch 814:  [avg_train_loss=3.4665, avg_seen_mae=1.6695, avg_unseen_mae=1.7089]
    Epoch 815:  [avg_train_loss=3.4665, avg_seen_mae=1.6695, avg_unseen_mae=1.7089]
    Epoch 816:  [avg_train_loss=3.4665, avg_seen_mae=1.6695, avg_unseen_mae=1.7089]
    Epoch 817:  [avg_train_loss=3.4665, avg_seen_mae=1.6695, avg_unseen_mae=1.7089]
    Epoch 818:  [avg_train_loss=3.4665, avg_seen_mae=1.6695, avg_unseen_mae=1.7089]
    Epoch 819:  [avg_train_loss=3.4665, avg_seen_mae=1.6695, avg_unseen_mae=1.7089]
    Epoch 820:  [avg_train_loss=3.4665, avg_seen_mae=1.6695, avg_unseen_mae=1.7089]
    Epoch 821:  [avg_train_loss=3.4665, avg_seen_mae=1.6695, avg_unseen_mae=1.7089]
    Epoch 822:  [avg_train_loss=3.4665, avg_seen_mae=1.6695, avg_unseen_mae=1.7089]
    Epoch 823:  [avg_train_loss=3.4665, avg_seen_mae=1.6695, avg_unseen_mae=1.7089]
    Epoch 824:  [avg_train_loss=3.4665, avg_seen_mae=1.6695, avg_unseen_mae=1.7089]
    Epoch 825:  [avg_train_loss=3.4665, avg_seen_mae=1.6695, avg_unseen_mae=1.7089]
    Epoch 826:  [avg_train_loss=3.4665, avg_seen_mae=1.6695, avg_unseen_mae=1.7089]
    Epoch 827:  [avg_train_loss=3.4665, avg_seen_mae=1.6695, avg_unseen_mae=1.7089]
    Epoch 828:  [avg_train_loss=3.4665, avg_seen_mae=1.6695, avg_unseen_mae=1.7089]
    Epoch 829:  [avg_train_loss=3.4665, avg_seen_mae=1.6695, avg_unseen_mae=1.7089]
    Epoch 830:  [avg_train_loss=3.4665, avg_seen_mae=1.6695, avg_unseen_mae=1.7089]
    Epoch 831:  [avg_train_loss=3.4665, avg_seen_mae=1.6695, avg_unseen_mae=1.7089]
    Epoch 832:  [avg_train_loss=3.4665, avg_seen_mae=1.6695, avg_unseen_mae=1.7089]
    Epoch 833:  [avg_train_loss=3.4665, avg_seen_mae=1.6695, avg_unseen_mae=1.7089]
    Epoch 834:  [avg_train_loss=3.4665, avg_seen_mae=1.6695, avg_unseen_mae=1.7089]
    Epoch 835:  [avg_train_loss=3.4665, avg_seen_mae=1.6695, avg_unseen_mae=1.7089]
    Epoch 836:  [avg_train_loss=3.4665, avg_seen_mae=1.6695, avg_unseen_mae=1.7089]
    Epoch 837:  [avg_train_loss=3.4665, avg_seen_mae=1.6695, avg_unseen_mae=1.7089]
    Epoch 838:  [avg_train_loss=3.4665, avg_seen_mae=1.6695, avg_unseen_mae=1.7089]
    Epoch 839:  [avg_train_loss=3.4665, avg_seen_mae=1.6695, avg_unseen_mae=1.7089]
    Epoch 840:  [avg_train_loss=3.4665, avg_seen_mae=1.6695, avg_unseen_mae=1.7089]
    Epoch 841:  [avg_train_loss=3.4665, avg_seen_mae=1.6695, avg_unseen_mae=1.7089]
    Epoch 842:  [avg_train_loss=3.4665, avg_seen_mae=1.6695, avg_unseen_mae=1.7089]
    Epoch 843:  [avg_train_loss=3.4665, avg_seen_mae=1.6695, avg_unseen_mae=1.7089]
    Epoch 844:  [avg_train_loss=3.4665, avg_seen_mae=1.6695, avg_unseen_mae=1.7089]
    Epoch 845:  [avg_train_loss=3.4665, avg_seen_mae=1.6695, avg_unseen_mae=1.7089]
    Epoch 846:  [avg_train_loss=3.4665, avg_seen_mae=1.6695, avg_unseen_mae=1.7089]
    Epoch 847:  [avg_train_loss=3.4665, avg_seen_mae=1.6695, avg_unseen_mae=1.7089]
    Epoch 848:  [avg_train_loss=3.4665, avg_seen_mae=1.6695, avg_unseen_mae=1.7089]
    Epoch 849:  [avg_train_loss=3.4665, avg_seen_mae=1.6695, avg_unseen_mae=1.7089]
    Epoch 850:  [avg_train_loss=3.4665, avg_seen_mae=1.6695, avg_unseen_mae=1.7089]
    Epoch 851:  [avg_train_loss=3.4665, avg_seen_mae=1.6695, avg_unseen_mae=1.7089]
    Epoch 852:  [avg_train_loss=3.4665, avg_seen_mae=1.6695, avg_unseen_mae=1.7089]
    Epoch 853:  [avg_train_loss=3.4665, avg_seen_mae=1.6695, avg_unseen_mae=1.7089]
    Epoch 854:  [avg_train_loss=3.4665, avg_seen_mae=1.6695, avg_unseen_mae=1.7089]
    Epoch 855:  [avg_train_loss=3.4665, avg_seen_mae=1.6695, avg_unseen_mae=1.7089]
    Epoch 856:  [avg_train_loss=3.4665, avg_seen_mae=1.6695, avg_unseen_mae=1.7089]
    Epoch 857:  [avg_train_loss=3.4665, avg_seen_mae=1.6695, avg_unseen_mae=1.7089]
    Epoch 858:  [avg_train_loss=3.4665, avg_seen_mae=1.6695, avg_unseen_mae=1.7089]
    Epoch 859:  [avg_train_loss=3.4665, avg_seen_mae=1.6695, avg_unseen_mae=1.7089]
    Epoch 860:  [avg_train_loss=3.4665, avg_seen_mae=1.6695, avg_unseen_mae=1.7089]
    Epoch 861:  [avg_train_loss=3.4665, avg_seen_mae=1.6695, avg_unseen_mae=1.7089]
    Epoch 862:  [avg_train_loss=3.4665, avg_seen_mae=1.6695, avg_unseen_mae=1.7089]
    Epoch 863:  [avg_train_loss=3.4665, avg_seen_mae=1.6695, avg_unseen_mae=1.7089]
    Epoch 864:  [avg_train_loss=3.4665, avg_seen_mae=1.6695, avg_unseen_mae=1.7089]
    Epoch 865:  [avg_train_loss=3.4665, avg_seen_mae=1.6695, avg_unseen_mae=1.7089]
    Epoch 866:  [avg_train_loss=3.4665, avg_seen_mae=1.6695, avg_unseen_mae=1.7089]
    Epoch 867:  [avg_train_loss=3.4665, avg_seen_mae=1.6695, avg_unseen_mae=1.7089]
    Epoch 868:  [avg_train_loss=3.4665, avg_seen_mae=1.6695, avg_unseen_mae=1.7089]
    Epoch 869:  [avg_train_loss=3.4665, avg_seen_mae=1.6695, avg_unseen_mae=1.7089]
    Epoch 870:  [avg_train_loss=3.4665, avg_seen_mae=1.6695, avg_unseen_mae=1.7089]
    Epoch 871:  [avg_train_loss=3.4665, avg_seen_mae=1.6695, avg_unseen_mae=1.7089]
    Epoch 872:  [avg_train_loss=3.4665, avg_seen_mae=1.6695, avg_unseen_mae=1.7089]
    Epoch 873:  [avg_train_loss=3.4665, avg_seen_mae=1.6695, avg_unseen_mae=1.7089]
    Epoch 874:  [avg_train_loss=3.4665, avg_seen_mae=1.6695, avg_unseen_mae=1.7089]
    Epoch 875:  [avg_train_loss=3.4665, avg_seen_mae=1.6695, avg_unseen_mae=1.7089]
    Epoch 876:  [avg_train_loss=3.4665, avg_seen_mae=1.6695, avg_unseen_mae=1.7089]
    Epoch 877:  [avg_train_loss=3.4665, avg_seen_mae=1.6695, avg_unseen_mae=1.7089]
    Epoch 878:  [avg_train_loss=3.4665, avg_seen_mae=1.6695, avg_unseen_mae=1.7089]
    Epoch 879:  [avg_train_loss=3.4665, avg_seen_mae=1.6695, avg_unseen_mae=1.7089]
    Epoch 880:  [avg_train_loss=3.4665, avg_seen_mae=1.6695, avg_unseen_mae=1.7089]
    Epoch 881:  [avg_train_loss=3.4665, avg_seen_mae=1.6695, avg_unseen_mae=1.7089]
    Epoch 882:  [avg_train_loss=3.4665, avg_seen_mae=1.6695, avg_unseen_mae=1.7089]
    Epoch 883:  [avg_train_loss=3.4665, avg_seen_mae=1.6695, avg_unseen_mae=1.7089]
    Epoch 884:  [avg_train_loss=3.4665, avg_seen_mae=1.6695, avg_unseen_mae=1.7089]
    Epoch 885:  [avg_train_loss=3.4665, avg_seen_mae=1.6695, avg_unseen_mae=1.7089]
    Epoch 886:  [avg_train_loss=3.4665, avg_seen_mae=1.6695, avg_unseen_mae=1.7089]
    Epoch 887:  [avg_train_loss=3.4665, avg_seen_mae=1.6695, avg_unseen_mae=1.7089]
    Epoch 888:  [avg_train_loss=3.4665, avg_seen_mae=1.6695, avg_unseen_mae=1.7089]
    Epoch 889:  [avg_train_loss=3.4665, avg_seen_mae=1.6695, avg_unseen_mae=1.7089]
    Epoch 890:  [avg_train_loss=3.4665, avg_seen_mae=1.6695, avg_unseen_mae=1.7089]
    Epoch 891:  [avg_train_loss=3.4665, avg_seen_mae=1.6695, avg_unseen_mae=1.7089]
    Epoch 892:  [avg_train_loss=3.4665, avg_seen_mae=1.6695, avg_unseen_mae=1.7089]
    Epoch 893:  [avg_train_loss=3.4665, avg_seen_mae=1.6695, avg_unseen_mae=1.7089]
    Epoch 894:  [avg_train_loss=3.4665, avg_seen_mae=1.6695, avg_unseen_mae=1.7089]
    Epoch 895:  [avg_train_loss=3.4665, avg_seen_mae=1.6695, avg_unseen_mae=1.7089]
    Epoch 896:  [avg_train_loss=3.4665, avg_seen_mae=1.6695, avg_unseen_mae=1.7089]
    Epoch 897:  [avg_train_loss=3.4665, avg_seen_mae=1.6695, avg_unseen_mae=1.7089]
    Epoch 898:  [avg_train_loss=3.4665, avg_seen_mae=1.6695, avg_unseen_mae=1.7089]
    Epoch 899:  [avg_train_loss=3.4665, avg_seen_mae=1.6695, avg_unseen_mae=1.7089]
    Epoch 900:  [avg_train_loss=3.4665, avg_seen_mae=1.6695, avg_unseen_mae=1.7089]
    Epoch 901:  [avg_train_loss=3.4665, avg_seen_mae=1.6695, avg_unseen_mae=1.7089]
    Epoch 902:  [avg_train_loss=3.4665, avg_seen_mae=1.6695, avg_unseen_mae=1.7089]
    Epoch 903:  [avg_train_loss=3.4665, avg_seen_mae=1.6695, avg_unseen_mae=1.7089]
    Epoch 904:  [avg_train_loss=3.4665, avg_seen_mae=1.6695, avg_unseen_mae=1.7089]
    Epoch 905:  [avg_train_loss=3.4665, avg_seen_mae=1.6695, avg_unseen_mae=1.7089]
    Epoch 906:  [avg_train_loss=3.4665, avg_seen_mae=1.6695, avg_unseen_mae=1.7089]
    Epoch 907:  [avg_train_loss=3.4665, avg_seen_mae=1.6695, avg_unseen_mae=1.7089]
    Epoch 908:  [avg_train_loss=3.4665, avg_seen_mae=1.6695, avg_unseen_mae=1.7089]
    Epoch 909:  [avg_train_loss=3.4665, avg_seen_mae=1.6695, avg_unseen_mae=1.7089]
    Epoch 910:  [avg_train_loss=3.4665, avg_seen_mae=1.6695, avg_unseen_mae=1.7089]
    Epoch 911:  [avg_train_loss=3.4665, avg_seen_mae=1.6695, avg_unseen_mae=1.7089]
    Epoch 912:  [avg_train_loss=3.4665, avg_seen_mae=1.6695, avg_unseen_mae=1.7089]
    Epoch 913:  [avg_train_loss=3.4665, avg_seen_mae=1.6695, avg_unseen_mae=1.7089]
    Epoch 914:  [avg_train_loss=3.4665, avg_seen_mae=1.6695, avg_unseen_mae=1.7089]
    Epoch 915:  [avg_train_loss=3.4665, avg_seen_mae=1.6695, avg_unseen_mae=1.7089]
    Epoch 916:  [avg_train_loss=3.4665, avg_seen_mae=1.6695, avg_unseen_mae=1.7089]
    Epoch 917:  [avg_train_loss=3.4665, avg_seen_mae=1.6695, avg_unseen_mae=1.7089]
    Epoch 918:  [avg_train_loss=3.4665, avg_seen_mae=1.6695, avg_unseen_mae=1.7089]
    Epoch 919:  [avg_train_loss=3.4665, avg_seen_mae=1.6695, avg_unseen_mae=1.7089]
    Epoch 920:  [avg_train_loss=3.4665, avg_seen_mae=1.6695, avg_unseen_mae=1.7089]
    Epoch 921:  [avg_train_loss=3.4665, avg_seen_mae=1.6695, avg_unseen_mae=1.7089]
    Epoch 922:  [avg_train_loss=3.4665, avg_seen_mae=1.6695, avg_unseen_mae=1.7089]
    Epoch 923:  [avg_train_loss=3.4665, avg_seen_mae=1.6695, avg_unseen_mae=1.7089]
    Epoch 924:  [avg_train_loss=3.4665, avg_seen_mae=1.6695, avg_unseen_mae=1.7089]
    Epoch 925:  [avg_train_loss=3.4665, avg_seen_mae=1.6695, avg_unseen_mae=1.7089]
    Epoch 926:  [avg_train_loss=3.4665, avg_seen_mae=1.6695, avg_unseen_mae=1.7089]
    Epoch 927:  [avg_train_loss=3.4665, avg_seen_mae=1.6695, avg_unseen_mae=1.7089]
    Epoch 928:  [avg_train_loss=3.4665, avg_seen_mae=1.6695, avg_unseen_mae=1.7089]
    Epoch 929:  [avg_train_loss=3.4665, avg_seen_mae=1.6695, avg_unseen_mae=1.7089]
    Epoch 930:  [avg_train_loss=3.4665, avg_seen_mae=1.6695, avg_unseen_mae=1.7089]
    Epoch 931:  [avg_train_loss=3.4665, avg_seen_mae=1.6695, avg_unseen_mae=1.7089]
    Epoch 932:  [avg_train_loss=3.4665, avg_seen_mae=1.6695, avg_unseen_mae=1.7089]
    Epoch 933:  [avg_train_loss=3.4665, avg_seen_mae=1.6695, avg_unseen_mae=1.7089]
    Epoch 934:  [avg_train_loss=3.4665, avg_seen_mae=1.6695, avg_unseen_mae=1.7089]
    Epoch 935:  [avg_train_loss=3.4665, avg_seen_mae=1.6695, avg_unseen_mae=1.7089]
    Epoch 936:  [avg_train_loss=3.4665, avg_seen_mae=1.6695, avg_unseen_mae=1.7089]
    Epoch 937:  [avg_train_loss=3.4665, avg_seen_mae=1.6695, avg_unseen_mae=1.7089]
    Epoch 938:  [avg_train_loss=3.4665, avg_seen_mae=1.6695, avg_unseen_mae=1.7089]
    Epoch 939:  [avg_train_loss=3.4665, avg_seen_mae=1.6695, avg_unseen_mae=1.7089]
    Epoch 940:  [avg_train_loss=3.4665, avg_seen_mae=1.6695, avg_unseen_mae=1.7089]
    Epoch 941:  [avg_train_loss=3.4665, avg_seen_mae=1.6695, avg_unseen_mae=1.7089]
    Epoch 942:  [avg_train_loss=3.4665, avg_seen_mae=1.6695, avg_unseen_mae=1.7089]
    Epoch 943:  [avg_train_loss=3.4665, avg_seen_mae=1.6695, avg_unseen_mae=1.7089]
    Epoch 944:  [avg_train_loss=3.4665, avg_seen_mae=1.6695, avg_unseen_mae=1.7089]
    Epoch 945:  [avg_train_loss=3.4665, avg_seen_mae=1.6695, avg_unseen_mae=1.7089]
    Epoch 946:  [avg_train_loss=3.4665, avg_seen_mae=1.6695, avg_unseen_mae=1.7089]
    Epoch 947:  [avg_train_loss=3.4665, avg_seen_mae=1.6695, avg_unseen_mae=1.7089]
    Epoch 948:  [avg_train_loss=3.4665, avg_seen_mae=1.6695, avg_unseen_mae=1.7089]
    Epoch 949:  [avg_train_loss=3.4665, avg_seen_mae=1.6695, avg_unseen_mae=1.7089]
    Epoch 950:  [avg_train_loss=3.4665, avg_seen_mae=1.6695, avg_unseen_mae=1.7089]
    Epoch 951:  [avg_train_loss=3.4665, avg_seen_mae=1.6695, avg_unseen_mae=1.7089]
    Epoch 952:  [avg_train_loss=3.4665, avg_seen_mae=1.6695, avg_unseen_mae=1.7089]
    Epoch 953:  [avg_train_loss=3.4665, avg_seen_mae=1.6695, avg_unseen_mae=1.7089]
    Epoch 954:  [avg_train_loss=3.4665, avg_seen_mae=1.6695, avg_unseen_mae=1.7089]
    Epoch 955:  [avg_train_loss=3.4665, avg_seen_mae=1.6695, avg_unseen_mae=1.7089]
    Epoch 956:  [avg_train_loss=3.4665, avg_seen_mae=1.6695, avg_unseen_mae=1.7089]
    Epoch 957:  [avg_train_loss=3.4665, avg_seen_mae=1.6695, avg_unseen_mae=1.7089]
    Epoch 958:  [avg_train_loss=3.4665, avg_seen_mae=1.6695, avg_unseen_mae=1.7089]
    Epoch 959:  [avg_train_loss=3.4665, avg_seen_mae=1.6695, avg_unseen_mae=1.7089]
    Epoch 960:  [avg_train_loss=3.4665, avg_seen_mae=1.6695, avg_unseen_mae=1.7089]
    Epoch 961:  [avg_train_loss=3.4665, avg_seen_mae=1.6695, avg_unseen_mae=1.7089]
    Epoch 962:  [avg_train_loss=3.4665, avg_seen_mae=1.6695, avg_unseen_mae=1.7089]
    Epoch 963:  [avg_train_loss=3.4665, avg_seen_mae=1.6695, avg_unseen_mae=1.7089]
    Epoch 964:  [avg_train_loss=3.4665, avg_seen_mae=1.6695, avg_unseen_mae=1.7089]
    Epoch 965:  [avg_train_loss=3.4665, avg_seen_mae=1.6695, avg_unseen_mae=1.7089]
    Epoch 966:  [avg_train_loss=3.4665, avg_seen_mae=1.6695, avg_unseen_mae=1.7089]
    Epoch 967:  [avg_train_loss=3.4665, avg_seen_mae=1.6695, avg_unseen_mae=1.7089]
    Epoch 968:  [avg_train_loss=3.4665, avg_seen_mae=1.6695, avg_unseen_mae=1.7089]
    Epoch 969:  [avg_train_loss=3.4665, avg_seen_mae=1.6695, avg_unseen_mae=1.7089]
    Epoch 970:  [avg_train_loss=3.4665, avg_seen_mae=1.6695, avg_unseen_mae=1.7089]
    Epoch 971:  [avg_train_loss=3.4665, avg_seen_mae=1.6695, avg_unseen_mae=1.7089]
    Epoch 972:  [avg_train_loss=3.4665, avg_seen_mae=1.6695, avg_unseen_mae=1.7089]
    Epoch 973:  [avg_train_loss=3.4665, avg_seen_mae=1.6695, avg_unseen_mae=1.7089]
    Epoch 974:  [avg_train_loss=3.4665, avg_seen_mae=1.6695, avg_unseen_mae=1.7089]
    Epoch 975:  [avg_train_loss=3.4665, avg_seen_mae=1.6695, avg_unseen_mae=1.7089]
    Epoch 976:  [avg_train_loss=3.4665, avg_seen_mae=1.6695, avg_unseen_mae=1.7089]
    Epoch 977:  [avg_train_loss=3.4665, avg_seen_mae=1.6695, avg_unseen_mae=1.7089]
    Epoch 978:  [avg_train_loss=3.4665, avg_seen_mae=1.6695, avg_unseen_mae=1.7089]
    Epoch 979:  [avg_train_loss=3.4665, avg_seen_mae=1.6695, avg_unseen_mae=1.7089]
    Epoch 980:  [avg_train_loss=3.4665, avg_seen_mae=1.6695, avg_unseen_mae=1.7089]
    Epoch 981:  [avg_train_loss=3.4665, avg_seen_mae=1.6695, avg_unseen_mae=1.7089]
    Epoch 982:  [avg_train_loss=3.4665, avg_seen_mae=1.6695, avg_unseen_mae=1.7089]
    Epoch 983:  [avg_train_loss=3.4665, avg_seen_mae=1.6695, avg_unseen_mae=1.7089]
    Epoch 984:  [avg_train_loss=3.4665, avg_seen_mae=1.6695, avg_unseen_mae=1.7089]
    Epoch 985:  [avg_train_loss=3.4665, avg_seen_mae=1.6695, avg_unseen_mae=1.7089]
    Epoch 986:  [avg_train_loss=3.4665, avg_seen_mae=1.6695, avg_unseen_mae=1.7089]
    Epoch 987:  [avg_train_loss=3.4665, avg_seen_mae=1.6695, avg_unseen_mae=1.7089]
    Epoch 988:  [avg_train_loss=3.4665, avg_seen_mae=1.6695, avg_unseen_mae=1.7089]
    Epoch 989:  [avg_train_loss=3.4665, avg_seen_mae=1.6695, avg_unseen_mae=1.7089]
    Epoch 990:  [avg_train_loss=3.4665, avg_seen_mae=1.6695, avg_unseen_mae=1.7089]
    Epoch 991:  [avg_train_loss=3.4665, avg_seen_mae=1.6695, avg_unseen_mae=1.7089]
    Epoch 992:  [avg_train_loss=3.4665, avg_seen_mae=1.6695, avg_unseen_mae=1.7089]
    Epoch 993:  [avg_train_loss=3.4665, avg_seen_mae=1.6695, avg_unseen_mae=1.7089]
    Epoch 994:  [avg_train_loss=3.4665, avg_seen_mae=1.6695, avg_unseen_mae=1.7089]
    Epoch 995:  [avg_train_loss=3.4665, avg_seen_mae=1.6695, avg_unseen_mae=1.7089]
    Epoch 996:  [avg_train_loss=3.4665, avg_seen_mae=1.6695, avg_unseen_mae=1.7089]
    Epoch 997:  [avg_train_loss=3.4665, avg_seen_mae=1.6695, avg_unseen_mae=1.7089]
    Epoch 998:  [avg_train_loss=3.4665, avg_seen_mae=1.6695, avg_unseen_mae=1.7089]
    Epoch 999:  [avg_train_loss=3.4665, avg_seen_mae=1.6695, avg_unseen_mae=1.7089]
    Epoch 1000:  [avg_train_loss=3.4665, avg_seen_mae=1.6695, avg_unseen_mae=1.7089]
  [AGGREGATED_CURVES_END]


==================================================
  Experiment: Withholding m=3 stations
==================================================
  Running 10 iterations for m=3...

  --- Iteration 1/10 ---
  Unseen stations (3): ['0-20000-0-06278', '0-20000-0-06320', '0-20000-0-06330']
  [Time Est] ~19.6s/epoch. ETA for m=3: ~65.2 mins.
    Epoch   10/1000 | Loss: 3.6223 | Monitor MAE: 1.7826 | Patience: 8/10
    Early stopping triggered after 11 epochs.
    Iter 1 Results -> Seen MAE: 1.8233 | Unseen MAE: 1.7743

  --- Iteration 2/10 ---
  Unseen stations (3): ['0-20000-0-06286', '0-20000-0-06290', '0-20000-0-06348']
    Epoch   10/1000 | Loss: 3.5657 | Monitor MAE: 1.7775 | Patience: 1/10
    Epoch   20/1000 | Loss: 3.5259 | Monitor MAE: 1.7549 | Patience: 0/10
    Epoch   30/1000 | Loss: 3.4973 | Monitor MAE: 1.7459 | Patience: 0/10
    Epoch   40/1000 | Loss: 3.4762 | Monitor MAE: 1.7389 | Patience: 1/10
    Epoch   50/1000 | Loss: 3.4583 | Monitor MAE: 1.7346 | Patience: 0/10
    Epoch   60/1000 | Loss: 3.4475 | Monitor MAE: 1.7300 | Patience: 0/10
    Epoch   70/1000 | Loss: 3.4369 | Monitor MAE: 1.7249 | Patience: 5/10
    Epoch   80/1000 | Loss: 3.4249 | Monitor MAE: 1.7164 | Patience: 2/10
    Epoch   90/1000 | Loss: 3.4119 | Monitor MAE: 1.7110 | Patience: 2/10
    Epoch  100/1000 | Loss: 3.4053 | Monitor MAE: 1.7016 | Patience: 1/10
    Epoch  110/1000 | Loss: 3.3954 | Monitor MAE: 1.7025 | Patience: 0/10
    Early stopping triggered after 119 epochs.
    Iter 2 Results -> Seen MAE: 1.6409 | Unseen MAE: 1.6919

  --- Iteration 3/10 ---
  Unseen stations (3): ['0-20000-0-06310', '0-20000-0-06356', '0-20000-0-06375']
    Epoch   10/1000 | Loss: 3.5985 | Monitor MAE: 1.7466 | Patience: 0/10
    Epoch   20/1000 | Loss: 3.5544 | Monitor MAE: 1.7310 | Patience: 2/10
    Epoch   30/1000 | Loss: 3.5273 | Monitor MAE: 1.7229 | Patience: 1/10
    Epoch   40/1000 | Loss: 3.5132 | Monitor MAE: 1.7182 | Patience: 4/10
    Early stopping triggered after 45 epochs.
    Iter 3 Results -> Seen MAE: 1.6936 | Unseen MAE: 1.7125

  --- Iteration 4/10 ---
  Unseen stations (3): ['0-20000-0-06273', '0-20000-0-06279', '0-20000-0-06380']
    Epoch   10/1000 | Loss: 3.5622 | Monitor MAE: 1.8397 | Patience: 0/10
    Epoch   20/1000 | Loss: 3.5260 | Monitor MAE: 1.8329 | Patience: 3/10
    Early stopping triggered after 26 epochs.
    Iter 4 Results -> Seen MAE: 1.7117 | Unseen MAE: 1.8217

  --- Iteration 5/10 ---
  Unseen stations (3): ['0-20000-0-06235', '0-20000-0-06269', '0-20000-0-06286']
    Epoch   10/1000 | Loss: 3.5864 | Monitor MAE: 1.7015 | Patience: 0/10
    Epoch   20/1000 | Loss: 3.5439 | Monitor MAE: 1.6862 | Patience: 4/10
    Epoch   30/1000 | Loss: 3.5139 | Monitor MAE: 1.6727 | Patience: 1/10
    Epoch   40/1000 | Loss: 3.5017 | Monitor MAE: 1.6740 | Patience: 5/10
    Early stopping triggered after 44 epochs.
    Iter 5 Results -> Seen MAE: 1.6939 | Unseen MAE: 1.6651

  --- Iteration 6/10 ---
  Unseen stations (3): ['0-20000-0-06286', '0-20000-0-06350', '0-20000-0-06370']
    Epoch   10/1000 | Loss: 3.5438 | Monitor MAE: 1.8592 | Patience: 0/10
    Epoch   20/1000 | Loss: 3.4996 | Monitor MAE: 1.8570 | Patience: 3/10
    Early stopping triggered after 26 epochs.
    Iter 6 Results -> Seen MAE: 1.6956 | Unseen MAE: 1.8492

  --- Iteration 7/10 ---
  Unseen stations (3): ['0-20000-0-06273', '0-20000-0-06278', '0-20000-0-06290']
    Epoch   10/1000 | Loss: 3.5559 | Monitor MAE: 1.7841 | Patience: 0/10
    Epoch   20/1000 | Loss: 3.5258 | Monitor MAE: 1.7665 | Patience: 0/10
    Epoch   30/1000 | Loss: 3.5016 | Monitor MAE: 1.7532 | Patience: 0/10
    Epoch   40/1000 | Loss: 3.4822 | Monitor MAE: 1.7425 | Patience: 0/10
    Epoch   50/1000 | Loss: 3.4671 | Monitor MAE: 1.7339 | Patience: 0/10
    Epoch   60/1000 | Loss: 3.4531 | Monitor MAE: 1.7223 | Patience: 4/10
    Epoch   70/1000 | Loss: 3.4381 | Monitor MAE: 1.7241 | Patience: 9/10
    Early stopping triggered after 70 epochs.
    Iter 7 Results -> Seen MAE: 1.6675 | Unseen MAE: 1.7223

  --- Iteration 8/10 ---
  Unseen stations (3): ['0-20000-0-06320', '0-20000-0-06344', '0-20000-0-06370']
    Epoch   10/1000 | Loss: 3.5995 | Monitor MAE: 1.8242 | Patience: 8/10
    Early stopping triggered after 11 epochs.
    Iter 8 Results -> Seen MAE: 1.8274 | Unseen MAE: 1.7755

  --- Iteration 9/10 ---
  Unseen stations (3): ['0-20000-0-06280', '0-20000-0-06344', '0-20000-0-06356']
    Epoch   10/1000 | Loss: 3.5569 | Monitor MAE: 1.7185 | Patience: 0/10
    Epoch   20/1000 | Loss: 3.5112 | Monitor MAE: 1.6933 | Patience: 1/10
    Epoch   30/1000 | Loss: 3.4898 | Monitor MAE: 1.6875 | Patience: 9/10
    Epoch   40/1000 | Loss: 3.4681 | Monitor MAE: 1.7291 | Patience: 9/10
    Early stopping triggered after 40 epochs.
    Iter 9 Results -> Seen MAE: 1.6933 | Unseen MAE: 1.6875

  --- Iteration 10/10 ---
  Unseen stations (3): ['0-20000-0-06269', '0-20000-0-06344', '0-20000-0-06350']
    Epoch   10/1000 | Loss: 3.5660 | Monitor MAE: 1.7387 | Patience: 0/10
    Epoch   20/1000 | Loss: 3.5222 | Monitor MAE: 1.7445 | Patience: 8/10
    Early stopping triggered after 21 epochs.
    Iter 10 Results -> Seen MAE: 1.7241 | Unseen MAE: 1.7330

  ========================================
  AGGREGATED RESULTS (Across all iterations)
  SEEN   mean MAE Tmax: 1.7171
  UNSEEN mean MAE Tmax: 1.7433 ± 0.0572
  Degradation: 0.0262 °C
  ========================================

  [AGGREGATED_CURVES_START]
    Epoch 1:  [avg_train_loss=3.7616, avg_seen_mae=1.8117, avg_unseen_mae=1.8391]
    Epoch 2:  [avg_train_loss=3.6731, avg_seen_mae=1.7754, avg_unseen_mae=1.8046]
    Epoch 3:  [avg_train_loss=3.6435, avg_seen_mae=1.7640, avg_unseen_mae=1.7978]
    Epoch 4:  [avg_train_loss=3.6257, avg_seen_mae=1.7602, avg_unseen_mae=1.7973]
    Epoch 5:  [avg_train_loss=3.6146, avg_seen_mae=1.7553, avg_unseen_mae=1.7953]
    Epoch 6:  [avg_train_loss=3.6065, avg_seen_mae=1.7515, avg_unseen_mae=1.7920]
    Epoch 7:  [avg_train_loss=3.5970, avg_seen_mae=1.7481, avg_unseen_mae=1.7906]
    Epoch 8:  [avg_train_loss=3.5900, avg_seen_mae=1.7436, avg_unseen_mae=1.7852]
    Epoch 9:  [avg_train_loss=3.5825, avg_seen_mae=1.7405, avg_unseen_mae=1.7817]
    Epoch 10:  [avg_train_loss=3.5757, avg_seen_mae=1.7358, avg_unseen_mae=1.7772]
    Epoch 11:  [avg_train_loss=3.5699, avg_seen_mae=1.7322, avg_unseen_mae=1.7748]
    Epoch 12:  [avg_train_loss=3.5664, avg_seen_mae=1.7284, avg_unseen_mae=1.7731]
    Epoch 13:  [avg_train_loss=3.5622, avg_seen_mae=1.7246, avg_unseen_mae=1.7705]
    Epoch 14:  [avg_train_loss=3.5589, avg_seen_mae=1.7248, avg_unseen_mae=1.7712]
    Epoch 15:  [avg_train_loss=3.5561, avg_seen_mae=1.7227, avg_unseen_mae=1.7697]
    Epoch 16:  [avg_train_loss=3.5528, avg_seen_mae=1.7201, avg_unseen_mae=1.7683]
    Epoch 17:  [avg_train_loss=3.5499, avg_seen_mae=1.7176, avg_unseen_mae=1.7684]
    Epoch 18:  [avg_train_loss=3.5463, avg_seen_mae=1.7176, avg_unseen_mae=1.7691]
    Epoch 19:  [avg_train_loss=3.5442, avg_seen_mae=1.7154, avg_unseen_mae=1.7677]
    Epoch 20:  [avg_train_loss=3.5419, avg_seen_mae=1.7136, avg_unseen_mae=1.7671]
    Epoch 21:  [avg_train_loss=3.5388, avg_seen_mae=1.7128, avg_unseen_mae=1.7669]
    Epoch 22:  [avg_train_loss=3.5375, avg_seen_mae=1.7127, avg_unseen_mae=1.7669]
    Epoch 23:  [avg_train_loss=3.5352, avg_seen_mae=1.7108, avg_unseen_mae=1.7647]
    Epoch 24:  [avg_train_loss=3.5339, avg_seen_mae=1.7097, avg_unseen_mae=1.7665]
    Epoch 25:  [avg_train_loss=3.5320, avg_seen_mae=1.7077, avg_unseen_mae=1.7648]
    Epoch 26:  [avg_train_loss=3.5296, avg_seen_mae=1.7079, avg_unseen_mae=1.7649]
    Epoch 27:  [avg_train_loss=3.5284, avg_seen_mae=1.7066, avg_unseen_mae=1.7645]
    Epoch 28:  [avg_train_loss=3.5271, avg_seen_mae=1.7057, avg_unseen_mae=1.7638]
    Epoch 29:  [avg_train_loss=3.5264, avg_seen_mae=1.7060, avg_unseen_mae=1.7652]
    Epoch 30:  [avg_train_loss=3.5249, avg_seen_mae=1.7036, avg_unseen_mae=1.7629]
    Epoch 31:  [avg_train_loss=3.5238, avg_seen_mae=1.7037, avg_unseen_mae=1.7630]
    Epoch 32:  [avg_train_loss=3.5235, avg_seen_mae=1.7027, avg_unseen_mae=1.7641]
    Epoch 33:  [avg_train_loss=3.5224, avg_seen_mae=1.7031, avg_unseen_mae=1.7634]
    Epoch 34:  [avg_train_loss=3.5214, avg_seen_mae=1.7020, avg_unseen_mae=1.7624]
    Epoch 35:  [avg_train_loss=3.5208, avg_seen_mae=1.7011, avg_unseen_mae=1.7614]
    Epoch 36:  [avg_train_loss=3.5189, avg_seen_mae=1.7009, avg_unseen_mae=1.7619]
    Epoch 37:  [avg_train_loss=3.5196, avg_seen_mae=1.7007, avg_unseen_mae=1.7625]
    Epoch 38:  [avg_train_loss=3.5185, avg_seen_mae=1.7008, avg_unseen_mae=1.7637]
    Epoch 39:  [avg_train_loss=3.5177, avg_seen_mae=1.7009, avg_unseen_mae=1.7637]
    Epoch 40:  [avg_train_loss=3.5160, avg_seen_mae=1.7012, avg_unseen_mae=1.7649]
    Epoch 41:  [avg_train_loss=3.5150, avg_seen_mae=1.7007, avg_unseen_mae=1.7658]
    Epoch 42:  [avg_train_loss=3.5146, avg_seen_mae=1.7008, avg_unseen_mae=1.7663]
    Epoch 43:  [avg_train_loss=3.5147, avg_seen_mae=1.7001, avg_unseen_mae=1.7648]
    Epoch 44:  [avg_train_loss=3.5140, avg_seen_mae=1.6990, avg_unseen_mae=1.7645]
    Epoch 45:  [avg_train_loss=3.5135, avg_seen_mae=1.6984, avg_unseen_mae=1.7643]
    Epoch 46:  [avg_train_loss=3.5135, avg_seen_mae=1.6988, avg_unseen_mae=1.7644]
    Epoch 47:  [avg_train_loss=3.5132, avg_seen_mae=1.6988, avg_unseen_mae=1.7645]
    Epoch 48:  [avg_train_loss=3.5122, avg_seen_mae=1.6980, avg_unseen_mae=1.7643]
    Epoch 49:  [avg_train_loss=3.5120, avg_seen_mae=1.6979, avg_unseen_mae=1.7639]
    Epoch 50:  [avg_train_loss=3.5117, avg_seen_mae=1.6979, avg_unseen_mae=1.7638]
    Epoch 51:  [avg_train_loss=3.5118, avg_seen_mae=1.6981, avg_unseen_mae=1.7642]
    Epoch 52:  [avg_train_loss=3.5108, avg_seen_mae=1.6980, avg_unseen_mae=1.7635]
    Epoch 53:  [avg_train_loss=3.5113, avg_seen_mae=1.6975, avg_unseen_mae=1.7632]
    Epoch 54:  [avg_train_loss=3.5106, avg_seen_mae=1.6976, avg_unseen_mae=1.7634]
    Epoch 55:  [avg_train_loss=3.5105, avg_seen_mae=1.6976, avg_unseen_mae=1.7634]
    Epoch 56:  [avg_train_loss=3.5103, avg_seen_mae=1.6982, avg_unseen_mae=1.7640]
    Epoch 57:  [avg_train_loss=3.5104, avg_seen_mae=1.6975, avg_unseen_mae=1.7635]
    Epoch 58:  [avg_train_loss=3.5095, avg_seen_mae=1.6976, avg_unseen_mae=1.7635]
    Epoch 59:  [avg_train_loss=3.5096, avg_seen_mae=1.6973, avg_unseen_mae=1.7635]
    Epoch 60:  [avg_train_loss=3.5092, avg_seen_mae=1.6966, avg_unseen_mae=1.7622]
    Epoch 61:  [avg_train_loss=3.5085, avg_seen_mae=1.6974, avg_unseen_mae=1.7632]
    Epoch 62:  [avg_train_loss=3.5086, avg_seen_mae=1.6965, avg_unseen_mae=1.7625]
    Epoch 63:  [avg_train_loss=3.5084, avg_seen_mae=1.6973, avg_unseen_mae=1.7629]
    Epoch 64:  [avg_train_loss=3.5080, avg_seen_mae=1.6966, avg_unseen_mae=1.7619]
    Epoch 65:  [avg_train_loss=3.5074, avg_seen_mae=1.6976, avg_unseen_mae=1.7630]
    Epoch 66:  [avg_train_loss=3.5077, avg_seen_mae=1.6970, avg_unseen_mae=1.7627]
    Epoch 67:  [avg_train_loss=3.5076, avg_seen_mae=1.6968, avg_unseen_mae=1.7624]
    Epoch 68:  [avg_train_loss=3.5070, avg_seen_mae=1.6968, avg_unseen_mae=1.7623]
    Epoch 69:  [avg_train_loss=3.5068, avg_seen_mae=1.6971, avg_unseen_mae=1.7623]
    Epoch 70:  [avg_train_loss=3.5066, avg_seen_mae=1.6964, avg_unseen_mae=1.7618]
    Epoch 71:  [avg_train_loss=3.5062, avg_seen_mae=1.6964, avg_unseen_mae=1.7621]
    Epoch 72:  [avg_train_loss=3.5062, avg_seen_mae=1.6969, avg_unseen_mae=1.7620]
    Epoch 73:  [avg_train_loss=3.5059, avg_seen_mae=1.6957, avg_unseen_mae=1.7612]
    Epoch 74:  [avg_train_loss=3.5059, avg_seen_mae=1.6959, avg_unseen_mae=1.7611]
    Epoch 75:  [avg_train_loss=3.5059, avg_seen_mae=1.6966, avg_unseen_mae=1.7618]
    Epoch 76:  [avg_train_loss=3.5056, avg_seen_mae=1.6963, avg_unseen_mae=1.7617]
    Epoch 77:  [avg_train_loss=3.5057, avg_seen_mae=1.6961, avg_unseen_mae=1.7610]
    Epoch 78:  [avg_train_loss=3.5054, avg_seen_mae=1.6963, avg_unseen_mae=1.7612]
    Epoch 79:  [avg_train_loss=3.5054, avg_seen_mae=1.6963, avg_unseen_mae=1.7615]
    Epoch 80:  [avg_train_loss=3.5054, avg_seen_mae=1.6954, avg_unseen_mae=1.7610]
    Epoch 81:  [avg_train_loss=3.5050, avg_seen_mae=1.6956, avg_unseen_mae=1.7609]
    Epoch 82:  [avg_train_loss=3.5051, avg_seen_mae=1.6957, avg_unseen_mae=1.7606]
    Epoch 83:  [avg_train_loss=3.5049, avg_seen_mae=1.6957, avg_unseen_mae=1.7607]
    Epoch 84:  [avg_train_loss=3.5048, avg_seen_mae=1.6956, avg_unseen_mae=1.7608]
    Epoch 85:  [avg_train_loss=3.5048, avg_seen_mae=1.6962, avg_unseen_mae=1.7612]
    Epoch 86:  [avg_train_loss=3.5049, avg_seen_mae=1.6954, avg_unseen_mae=1.7603]
    Epoch 87:  [avg_train_loss=3.5046, avg_seen_mae=1.6953, avg_unseen_mae=1.7600]
    Epoch 88:  [avg_train_loss=3.5044, avg_seen_mae=1.6951, avg_unseen_mae=1.7601]
    Epoch 89:  [avg_train_loss=3.5047, avg_seen_mae=1.6958, avg_unseen_mae=1.7605]
    Epoch 90:  [avg_train_loss=3.5042, avg_seen_mae=1.6955, avg_unseen_mae=1.7605]
    Epoch 91:  [avg_train_loss=3.5041, avg_seen_mae=1.6955, avg_unseen_mae=1.7603]
    Epoch 92:  [avg_train_loss=3.5042, avg_seen_mae=1.6953, avg_unseen_mae=1.7602]
    Epoch 93:  [avg_train_loss=3.5039, avg_seen_mae=1.6954, avg_unseen_mae=1.7602]
    Epoch 94:  [avg_train_loss=3.5042, avg_seen_mae=1.6953, avg_unseen_mae=1.7602]
    Epoch 95:  [avg_train_loss=3.5040, avg_seen_mae=1.6953, avg_unseen_mae=1.7602]
    Epoch 96:  [avg_train_loss=3.5040, avg_seen_mae=1.6948, avg_unseen_mae=1.7597]
    Epoch 97:  [avg_train_loss=3.5033, avg_seen_mae=1.6958, avg_unseen_mae=1.7603]
    Epoch 98:  [avg_train_loss=3.5041, avg_seen_mae=1.6945, avg_unseen_mae=1.7595]
    Epoch 99:  [avg_train_loss=3.5034, avg_seen_mae=1.6954, avg_unseen_mae=1.7603]
    Epoch 100:  [avg_train_loss=3.5035, avg_seen_mae=1.6946, avg_unseen_mae=1.7595]
    Epoch 101:  [avg_train_loss=3.5034, avg_seen_mae=1.6946, avg_unseen_mae=1.7595]
    Epoch 102:  [avg_train_loss=3.5034, avg_seen_mae=1.6947, avg_unseen_mae=1.7597]
    Epoch 103:  [avg_train_loss=3.5032, avg_seen_mae=1.6946, avg_unseen_mae=1.7595]
    Epoch 104:  [avg_train_loss=3.5030, avg_seen_mae=1.6947, avg_unseen_mae=1.7595]
    Epoch 105:  [avg_train_loss=3.5031, avg_seen_mae=1.6946, avg_unseen_mae=1.7595]
    Epoch 106:  [avg_train_loss=3.5028, avg_seen_mae=1.6958, avg_unseen_mae=1.7602]
    Epoch 107:  [avg_train_loss=3.5029, avg_seen_mae=1.6950, avg_unseen_mae=1.7598]
    Epoch 108:  [avg_train_loss=3.5028, avg_seen_mae=1.6936, avg_unseen_mae=1.7587]
    Epoch 109:  [avg_train_loss=3.5024, avg_seen_mae=1.6941, avg_unseen_mae=1.7585]
    Epoch 110:  [avg_train_loss=3.5025, avg_seen_mae=1.6949, avg_unseen_mae=1.7596]
    Epoch 111:  [avg_train_loss=3.5024, avg_seen_mae=1.6939, avg_unseen_mae=1.7588]
    Epoch 112:  [avg_train_loss=3.5028, avg_seen_mae=1.6939, avg_unseen_mae=1.7587]
    Epoch 113:  [avg_train_loss=3.5024, avg_seen_mae=1.6939, avg_unseen_mae=1.7586]
    Epoch 114:  [avg_train_loss=3.5021, avg_seen_mae=1.6942, avg_unseen_mae=1.7589]
    Epoch 115:  [avg_train_loss=3.5022, avg_seen_mae=1.6938, avg_unseen_mae=1.7586]
    Epoch 116:  [avg_train_loss=3.5020, avg_seen_mae=1.6937, avg_unseen_mae=1.7587]
    Epoch 117:  [avg_train_loss=3.5020, avg_seen_mae=1.6942, avg_unseen_mae=1.7589]
    Epoch 118:  [avg_train_loss=3.5015, avg_seen_mae=1.6940, avg_unseen_mae=1.7586]
    Epoch 119:  [avg_train_loss=3.5017, avg_seen_mae=1.6938, avg_unseen_mae=1.7586]
    Epoch 120:  [avg_train_loss=3.5017, avg_seen_mae=1.6938, avg_unseen_mae=1.7586]
    Epoch 121:  [avg_train_loss=3.5017, avg_seen_mae=1.6938, avg_unseen_mae=1.7586]
    Epoch 122:  [avg_train_loss=3.5017, avg_seen_mae=1.6938, avg_unseen_mae=1.7586]
    Epoch 123:  [avg_train_loss=3.5017, avg_seen_mae=1.6938, avg_unseen_mae=1.7586]
    Epoch 124:  [avg_train_loss=3.5017, avg_seen_mae=1.6938, avg_unseen_mae=1.7586]
    Epoch 125:  [avg_train_loss=3.5017, avg_seen_mae=1.6938, avg_unseen_mae=1.7586]
    Epoch 126:  [avg_train_loss=3.5017, avg_seen_mae=1.6938, avg_unseen_mae=1.7586]
    Epoch 127:  [avg_train_loss=3.5017, avg_seen_mae=1.6938, avg_unseen_mae=1.7586]
    Epoch 128:  [avg_train_loss=3.5017, avg_seen_mae=1.6938, avg_unseen_mae=1.7586]
    Epoch 129:  [avg_train_loss=3.5017, avg_seen_mae=1.6938, avg_unseen_mae=1.7586]
    Epoch 130:  [avg_train_loss=3.5017, avg_seen_mae=1.6938, avg_unseen_mae=1.7586]
    Epoch 131:  [avg_train_loss=3.5017, avg_seen_mae=1.6938, avg_unseen_mae=1.7586]
    Epoch 132:  [avg_train_loss=3.5017, avg_seen_mae=1.6938, avg_unseen_mae=1.7586]
    Epoch 133:  [avg_train_loss=3.5017, avg_seen_mae=1.6938, avg_unseen_mae=1.7586]
    Epoch 134:  [avg_train_loss=3.5017, avg_seen_mae=1.6938, avg_unseen_mae=1.7586]
    Epoch 135:  [avg_train_loss=3.5017, avg_seen_mae=1.6938, avg_unseen_mae=1.7586]
    Epoch 136:  [avg_train_loss=3.5017, avg_seen_mae=1.6938, avg_unseen_mae=1.7586]
    Epoch 137:  [avg_train_loss=3.5017, avg_seen_mae=1.6938, avg_unseen_mae=1.7586]
    Epoch 138:  [avg_train_loss=3.5017, avg_seen_mae=1.6938, avg_unseen_mae=1.7586]
    Epoch 139:  [avg_train_loss=3.5017, avg_seen_mae=1.6938, avg_unseen_mae=1.7586]
    Epoch 140:  [avg_train_loss=3.5017, avg_seen_mae=1.6938, avg_unseen_mae=1.7586]
    Epoch 141:  [avg_train_loss=3.5017, avg_seen_mae=1.6938, avg_unseen_mae=1.7586]
    Epoch 142:  [avg_train_loss=3.5017, avg_seen_mae=1.6938, avg_unseen_mae=1.7586]
    Epoch 143:  [avg_train_loss=3.5017, avg_seen_mae=1.6938, avg_unseen_mae=1.7586]
    Epoch 144:  [avg_train_loss=3.5017, avg_seen_mae=1.6938, avg_unseen_mae=1.7586]
    Epoch 145:  [avg_train_loss=3.5017, avg_seen_mae=1.6938, avg_unseen_mae=1.7586]
    Epoch 146:  [avg_train_loss=3.5017, avg_seen_mae=1.6938, avg_unseen_mae=1.7586]
    Epoch 147:  [avg_train_loss=3.5017, avg_seen_mae=1.6938, avg_unseen_mae=1.7586]
    Epoch 148:  [avg_train_loss=3.5017, avg_seen_mae=1.6938, avg_unseen_mae=1.7586]
    Epoch 149:  [avg_train_loss=3.5017, avg_seen_mae=1.6938, avg_unseen_mae=1.7586]
    Epoch 150:  [avg_train_loss=3.5017, avg_seen_mae=1.6938, avg_unseen_mae=1.7586]
    Epoch 151:  [avg_train_loss=3.5017, avg_seen_mae=1.6938, avg_unseen_mae=1.7586]
    Epoch 152:  [avg_train_loss=3.5017, avg_seen_mae=1.6938, avg_unseen_mae=1.7586]
    Epoch 153:  [avg_train_loss=3.5017, avg_seen_mae=1.6938, avg_unseen_mae=1.7586]
    Epoch 154:  [avg_train_loss=3.5017, avg_seen_mae=1.6938, avg_unseen_mae=1.7586]
    Epoch 155:  [avg_train_loss=3.5017, avg_seen_mae=1.6938, avg_unseen_mae=1.7586]
    Epoch 156:  [avg_train_loss=3.5017, avg_seen_mae=1.6938, avg_unseen_mae=1.7586]
    Epoch 157:  [avg_train_loss=3.5017, avg_seen_mae=1.6938, avg_unseen_mae=1.7586]
    Epoch 158:  [avg_train_loss=3.5017, avg_seen_mae=1.6938, avg_unseen_mae=1.7586]
    Epoch 159:  [avg_train_loss=3.5017, avg_seen_mae=1.6938, avg_unseen_mae=1.7586]
    Epoch 160:  [avg_train_loss=3.5017, avg_seen_mae=1.6938, avg_unseen_mae=1.7586]
    Epoch 161:  [avg_train_loss=3.5017, avg_seen_mae=1.6938, avg_unseen_mae=1.7586]
    Epoch 162:  [avg_train_loss=3.5017, avg_seen_mae=1.6938, avg_unseen_mae=1.7586]
    Epoch 163:  [avg_train_loss=3.5017, avg_seen_mae=1.6938, avg_unseen_mae=1.7586]
    Epoch 164:  [avg_train_loss=3.5017, avg_seen_mae=1.6938, avg_unseen_mae=1.7586]
    Epoch 165:  [avg_train_loss=3.5017, avg_seen_mae=1.6938, avg_unseen_mae=1.7586]
    Epoch 166:  [avg_train_loss=3.5017, avg_seen_mae=1.6938, avg_unseen_mae=1.7586]
    Epoch 167:  [avg_train_loss=3.5017, avg_seen_mae=1.6938, avg_unseen_mae=1.7586]
    Epoch 168:  [avg_train_loss=3.5017, avg_seen_mae=1.6938, avg_unseen_mae=1.7586]
    Epoch 169:  [avg_train_loss=3.5017, avg_seen_mae=1.6938, avg_unseen_mae=1.7586]
    Epoch 170:  [avg_train_loss=3.5017, avg_seen_mae=1.6938, avg_unseen_mae=1.7586]
    Epoch 171:  [avg_train_loss=3.5017, avg_seen_mae=1.6938, avg_unseen_mae=1.7586]
    Epoch 172:  [avg_train_loss=3.5017, avg_seen_mae=1.6938, avg_unseen_mae=1.7586]
    Epoch 173:  [avg_train_loss=3.5017, avg_seen_mae=1.6938, avg_unseen_mae=1.7586]
    Epoch 174:  [avg_train_loss=3.5017, avg_seen_mae=1.6938, avg_unseen_mae=1.7586]
    Epoch 175:  [avg_train_loss=3.5017, avg_seen_mae=1.6938, avg_unseen_mae=1.7586]
    Epoch 176:  [avg_train_loss=3.5017, avg_seen_mae=1.6938, avg_unseen_mae=1.7586]
    Epoch 177:  [avg_train_loss=3.5017, avg_seen_mae=1.6938, avg_unseen_mae=1.7586]
    Epoch 178:  [avg_train_loss=3.5017, avg_seen_mae=1.6938, avg_unseen_mae=1.7586]
    Epoch 179:  [avg_train_loss=3.5017, avg_seen_mae=1.6938, avg_unseen_mae=1.7586]
    Epoch 180:  [avg_train_loss=3.5017, avg_seen_mae=1.6938, avg_unseen_mae=1.7586]
    Epoch 181:  [avg_train_loss=3.5017, avg_seen_mae=1.6938, avg_unseen_mae=1.7586]
    Epoch 182:  [avg_train_loss=3.5017, avg_seen_mae=1.6938, avg_unseen_mae=1.7586]
    Epoch 183:  [avg_train_loss=3.5017, avg_seen_mae=1.6938, avg_unseen_mae=1.7586]
    Epoch 184:  [avg_train_loss=3.5017, avg_seen_mae=1.6938, avg_unseen_mae=1.7586]
    Epoch 185:  [avg_train_loss=3.5017, avg_seen_mae=1.6938, avg_unseen_mae=1.7586]
    Epoch 186:  [avg_train_loss=3.5017, avg_seen_mae=1.6938, avg_unseen_mae=1.7586]
    Epoch 187:  [avg_train_loss=3.5017, avg_seen_mae=1.6938, avg_unseen_mae=1.7586]
    Epoch 188:  [avg_train_loss=3.5017, avg_seen_mae=1.6938, avg_unseen_mae=1.7586]
    Epoch 189:  [avg_train_loss=3.5017, avg_seen_mae=1.6938, avg_unseen_mae=1.7586]
    Epoch 190:  [avg_train_loss=3.5017, avg_seen_mae=1.6938, avg_unseen_mae=1.7586]
    Epoch 191:  [avg_train_loss=3.5017, avg_seen_mae=1.6938, avg_unseen_mae=1.7586]
    Epoch 192:  [avg_train_loss=3.5017, avg_seen_mae=1.6938, avg_unseen_mae=1.7586]
    Epoch 193:  [avg_train_loss=3.5017, avg_seen_mae=1.6938, avg_unseen_mae=1.7586]
    Epoch 194:  [avg_train_loss=3.5017, avg_seen_mae=1.6938, avg_unseen_mae=1.7586]
    Epoch 195:  [avg_train_loss=3.5017, avg_seen_mae=1.6938, avg_unseen_mae=1.7586]
    Epoch 196:  [avg_train_loss=3.5017, avg_seen_mae=1.6938, avg_unseen_mae=1.7586]
    Epoch 197:  [avg_train_loss=3.5017, avg_seen_mae=1.6938, avg_unseen_mae=1.7586]
    Epoch 198:  [avg_train_loss=3.5017, avg_seen_mae=1.6938, avg_unseen_mae=1.7586]
    Epoch 199:  [avg_train_loss=3.5017, avg_seen_mae=1.6938, avg_unseen_mae=1.7586]
    Epoch 200:  [avg_train_loss=3.5017, avg_seen_mae=1.6938, avg_unseen_mae=1.7586]
    Epoch 201:  [avg_train_loss=3.5017, avg_seen_mae=1.6938, avg_unseen_mae=1.7586]
    Epoch 202:  [avg_train_loss=3.5017, avg_seen_mae=1.6938, avg_unseen_mae=1.7586]
    Epoch 203:  [avg_train_loss=3.5017, avg_seen_mae=1.6938, avg_unseen_mae=1.7586]
    Epoch 204:  [avg_train_loss=3.5017, avg_seen_mae=1.6938, avg_unseen_mae=1.7586]
    Epoch 205:  [avg_train_loss=3.5017, avg_seen_mae=1.6938, avg_unseen_mae=1.7586]
    Epoch 206:  [avg_train_loss=3.5017, avg_seen_mae=1.6938, avg_unseen_mae=1.7586]
    Epoch 207:  [avg_train_loss=3.5017, avg_seen_mae=1.6938, avg_unseen_mae=1.7586]
    Epoch 208:  [avg_train_loss=3.5017, avg_seen_mae=1.6938, avg_unseen_mae=1.7586]
    Epoch 209:  [avg_train_loss=3.5017, avg_seen_mae=1.6938, avg_unseen_mae=1.7586]
    Epoch 210:  [avg_train_loss=3.5017, avg_seen_mae=1.6938, avg_unseen_mae=1.7586]
    Epoch 211:  [avg_train_loss=3.5017, avg_seen_mae=1.6938, avg_unseen_mae=1.7586]
    Epoch 212:  [avg_train_loss=3.5017, avg_seen_mae=1.6938, avg_unseen_mae=1.7586]
    Epoch 213:  [avg_train_loss=3.5017, avg_seen_mae=1.6938, avg_unseen_mae=1.7586]
    Epoch 214:  [avg_train_loss=3.5017, avg_seen_mae=1.6938, avg_unseen_mae=1.7586]
    Epoch 215:  [avg_train_loss=3.5017, avg_seen_mae=1.6938, avg_unseen_mae=1.7586]
    Epoch 216:  [avg_train_loss=3.5017, avg_seen_mae=1.6938, avg_unseen_mae=1.7586]
    Epoch 217:  [avg_train_loss=3.5017, avg_seen_mae=1.6938, avg_unseen_mae=1.7586]
    Epoch 218:  [avg_train_loss=3.5017, avg_seen_mae=1.6938, avg_unseen_mae=1.7586]
    Epoch 219:  [avg_train_loss=3.5017, avg_seen_mae=1.6938, avg_unseen_mae=1.7586]
    Epoch 220:  [avg_train_loss=3.5017, avg_seen_mae=1.6938, avg_unseen_mae=1.7586]
    Epoch 221:  [avg_train_loss=3.5017, avg_seen_mae=1.6938, avg_unseen_mae=1.7586]
    Epoch 222:  [avg_train_loss=3.5017, avg_seen_mae=1.6938, avg_unseen_mae=1.7586]
    Epoch 223:  [avg_train_loss=3.5017, avg_seen_mae=1.6938, avg_unseen_mae=1.7586]
    Epoch 224:  [avg_train_loss=3.5017, avg_seen_mae=1.6938, avg_unseen_mae=1.7586]
    Epoch 225:  [avg_train_loss=3.5017, avg_seen_mae=1.6938, avg_unseen_mae=1.7586]
    Epoch 226:  [avg_train_loss=3.5017, avg_seen_mae=1.6938, avg_unseen_mae=1.7586]
    Epoch 227:  [avg_train_loss=3.5017, avg_seen_mae=1.6938, avg_unseen_mae=1.7586]
    Epoch 228:  [avg_train_loss=3.5017, avg_seen_mae=1.6938, avg_unseen_mae=1.7586]
    Epoch 229:  [avg_train_loss=3.5017, avg_seen_mae=1.6938, avg_unseen_mae=1.7586]
    Epoch 230:  [avg_train_loss=3.5017, avg_seen_mae=1.6938, avg_unseen_mae=1.7586]
    Epoch 231:  [avg_train_loss=3.5017, avg_seen_mae=1.6938, avg_unseen_mae=1.7586]
    Epoch 232:  [avg_train_loss=3.5017, avg_seen_mae=1.6938, avg_unseen_mae=1.7586]
    Epoch 233:  [avg_train_loss=3.5017, avg_seen_mae=1.6938, avg_unseen_mae=1.7586]
    Epoch 234:  [avg_train_loss=3.5017, avg_seen_mae=1.6938, avg_unseen_mae=1.7586]
    Epoch 235:  [avg_train_loss=3.5017, avg_seen_mae=1.6938, avg_unseen_mae=1.7586]
    Epoch 236:  [avg_train_loss=3.5017, avg_seen_mae=1.6938, avg_unseen_mae=1.7586]
    Epoch 237:  [avg_train_loss=3.5017, avg_seen_mae=1.6938, avg_unseen_mae=1.7586]
    Epoch 238:  [avg_train_loss=3.5017, avg_seen_mae=1.6938, avg_unseen_mae=1.7586]
    Epoch 239:  [avg_train_loss=3.5017, avg_seen_mae=1.6938, avg_unseen_mae=1.7586]
    Epoch 240:  [avg_train_loss=3.5017, avg_seen_mae=1.6938, avg_unseen_mae=1.7586]
    Epoch 241:  [avg_train_loss=3.5017, avg_seen_mae=1.6938, avg_unseen_mae=1.7586]
    Epoch 242:  [avg_train_loss=3.5017, avg_seen_mae=1.6938, avg_unseen_mae=1.7586]
    Epoch 243:  [avg_train_loss=3.5017, avg_seen_mae=1.6938, avg_unseen_mae=1.7586]
    Epoch 244:  [avg_train_loss=3.5017, avg_seen_mae=1.6938, avg_unseen_mae=1.7586]
    Epoch 245:  [avg_train_loss=3.5017, avg_seen_mae=1.6938, avg_unseen_mae=1.7586]
    Epoch 246:  [avg_train_loss=3.5017, avg_seen_mae=1.6938, avg_unseen_mae=1.7586]
    Epoch 247:  [avg_train_loss=3.5017, avg_seen_mae=1.6938, avg_unseen_mae=1.7586]
    Epoch 248:  [avg_train_loss=3.5017, avg_seen_mae=1.6938, avg_unseen_mae=1.7586]
    Epoch 249:  [avg_train_loss=3.5017, avg_seen_mae=1.6938, avg_unseen_mae=1.7586]
    Epoch 250:  [avg_train_loss=3.5017, avg_seen_mae=1.6938, avg_unseen_mae=1.7586]
    Epoch 251:  [avg_train_loss=3.5017, avg_seen_mae=1.6938, avg_unseen_mae=1.7586]
    Epoch 252:  [avg_train_loss=3.5017, avg_seen_mae=1.6938, avg_unseen_mae=1.7586]
    Epoch 253:  [avg_train_loss=3.5017, avg_seen_mae=1.6938, avg_unseen_mae=1.7586]
    Epoch 254:  [avg_train_loss=3.5017, avg_seen_mae=1.6938, avg_unseen_mae=1.7586]
    Epoch 255:  [avg_train_loss=3.5017, avg_seen_mae=1.6938, avg_unseen_mae=1.7586]
    Epoch 256:  [avg_train_loss=3.5017, avg_seen_mae=1.6938, avg_unseen_mae=1.7586]
    Epoch 257:  [avg_train_loss=3.5017, avg_seen_mae=1.6938, avg_unseen_mae=1.7586]
    Epoch 258:  [avg_train_loss=3.5017, avg_seen_mae=1.6938, avg_unseen_mae=1.7586]
    Epoch 259:  [avg_train_loss=3.5017, avg_seen_mae=1.6938, avg_unseen_mae=1.7586]
    Epoch 260:  [avg_train_loss=3.5017, avg_seen_mae=1.6938, avg_unseen_mae=1.7586]
    Epoch 261:  [avg_train_loss=3.5017, avg_seen_mae=1.6938, avg_unseen_mae=1.7586]
    Epoch 262:  [avg_train_loss=3.5017, avg_seen_mae=1.6938, avg_unseen_mae=1.7586]
    Epoch 263:  [avg_train_loss=3.5017, avg_seen_mae=1.6938, avg_unseen_mae=1.7586]
    Epoch 264:  [avg_train_loss=3.5017, avg_seen_mae=1.6938, avg_unseen_mae=1.7586]
    Epoch 265:  [avg_train_loss=3.5017, avg_seen_mae=1.6938, avg_unseen_mae=1.7586]
    Epoch 266:  [avg_train_loss=3.5017, avg_seen_mae=1.6938, avg_unseen_mae=1.7586]
    Epoch 267:  [avg_train_loss=3.5017, avg_seen_mae=1.6938, avg_unseen_mae=1.7586]
    Epoch 268:  [avg_train_loss=3.5017, avg_seen_mae=1.6938, avg_unseen_mae=1.7586]
    Epoch 269:  [avg_train_loss=3.5017, avg_seen_mae=1.6938, avg_unseen_mae=1.7586]
    Epoch 270:  [avg_train_loss=3.5017, avg_seen_mae=1.6938, avg_unseen_mae=1.7586]
    Epoch 271:  [avg_train_loss=3.5017, avg_seen_mae=1.6938, avg_unseen_mae=1.7586]
    Epoch 272:  [avg_train_loss=3.5017, avg_seen_mae=1.6938, avg_unseen_mae=1.7586]
    Epoch 273:  [avg_train_loss=3.5017, avg_seen_mae=1.6938, avg_unseen_mae=1.7586]
    Epoch 274:  [avg_train_loss=3.5017, avg_seen_mae=1.6938, avg_unseen_mae=1.7586]
    Epoch 275:  [avg_train_loss=3.5017, avg_seen_mae=1.6938, avg_unseen_mae=1.7586]
    Epoch 276:  [avg_train_loss=3.5017, avg_seen_mae=1.6938, avg_unseen_mae=1.7586]
    Epoch 277:  [avg_train_loss=3.5017, avg_seen_mae=1.6938, avg_unseen_mae=1.7586]
    Epoch 278:  [avg_train_loss=3.5017, avg_seen_mae=1.6938, avg_unseen_mae=1.7586]
    Epoch 279:  [avg_train_loss=3.5017, avg_seen_mae=1.6938, avg_unseen_mae=1.7586]
    Epoch 280:  [avg_train_loss=3.5017, avg_seen_mae=1.6938, avg_unseen_mae=1.7586]
    Epoch 281:  [avg_train_loss=3.5017, avg_seen_mae=1.6938, avg_unseen_mae=1.7586]
    Epoch 282:  [avg_train_loss=3.5017, avg_seen_mae=1.6938, avg_unseen_mae=1.7586]
    Epoch 283:  [avg_train_loss=3.5017, avg_seen_mae=1.6938, avg_unseen_mae=1.7586]
    Epoch 284:  [avg_train_loss=3.5017, avg_seen_mae=1.6938, avg_unseen_mae=1.7586]
    Epoch 285:  [avg_train_loss=3.5017, avg_seen_mae=1.6938, avg_unseen_mae=1.7586]
    Epoch 286:  [avg_train_loss=3.5017, avg_seen_mae=1.6938, avg_unseen_mae=1.7586]
    Epoch 287:  [avg_train_loss=3.5017, avg_seen_mae=1.6938, avg_unseen_mae=1.7586]
    Epoch 288:  [avg_train_loss=3.5017, avg_seen_mae=1.6938, avg_unseen_mae=1.7586]
    Epoch 289:  [avg_train_loss=3.5017, avg_seen_mae=1.6938, avg_unseen_mae=1.7586]
    Epoch 290:  [avg_train_loss=3.5017, avg_seen_mae=1.6938, avg_unseen_mae=1.7586]
    Epoch 291:  [avg_train_loss=3.5017, avg_seen_mae=1.6938, avg_unseen_mae=1.7586]
    Epoch 292:  [avg_train_loss=3.5017, avg_seen_mae=1.6938, avg_unseen_mae=1.7586]
    Epoch 293:  [avg_train_loss=3.5017, avg_seen_mae=1.6938, avg_unseen_mae=1.7586]
    Epoch 294:  [avg_train_loss=3.5017, avg_seen_mae=1.6938, avg_unseen_mae=1.7586]
    Epoch 295:  [avg_train_loss=3.5017, avg_seen_mae=1.6938, avg_unseen_mae=1.7586]
    Epoch 296:  [avg_train_loss=3.5017, avg_seen_mae=1.6938, avg_unseen_mae=1.7586]
    Epoch 297:  [avg_train_loss=3.5017, avg_seen_mae=1.6938, avg_unseen_mae=1.7586]
    Epoch 298:  [avg_train_loss=3.5017, avg_seen_mae=1.6938, avg_unseen_mae=1.7586]
    Epoch 299:  [avg_train_loss=3.5017, avg_seen_mae=1.6938, avg_unseen_mae=1.7586]
    Epoch 300:  [avg_train_loss=3.5017, avg_seen_mae=1.6938, avg_unseen_mae=1.7586]
    Epoch 301:  [avg_train_loss=3.5017, avg_seen_mae=1.6938, avg_unseen_mae=1.7586]
    Epoch 302:  [avg_train_loss=3.5017, avg_seen_mae=1.6938, avg_unseen_mae=1.7586]
    Epoch 303:  [avg_train_loss=3.5017, avg_seen_mae=1.6938, avg_unseen_mae=1.7586]
    Epoch 304:  [avg_train_loss=3.5017, avg_seen_mae=1.6938, avg_unseen_mae=1.7586]
    Epoch 305:  [avg_train_loss=3.5017, avg_seen_mae=1.6938, avg_unseen_mae=1.7586]
    Epoch 306:  [avg_train_loss=3.5017, avg_seen_mae=1.6938, avg_unseen_mae=1.7586]
    Epoch 307:  [avg_train_loss=3.5017, avg_seen_mae=1.6938, avg_unseen_mae=1.7586]
    Epoch 308:  [avg_train_loss=3.5017, avg_seen_mae=1.6938, avg_unseen_mae=1.7586]
    Epoch 309:  [avg_train_loss=3.5017, avg_seen_mae=1.6938, avg_unseen_mae=1.7586]
    Epoch 310:  [avg_train_loss=3.5017, avg_seen_mae=1.6938, avg_unseen_mae=1.7586]
    Epoch 311:  [avg_train_loss=3.5017, avg_seen_mae=1.6938, avg_unseen_mae=1.7586]
    Epoch 312:  [avg_train_loss=3.5017, avg_seen_mae=1.6938, avg_unseen_mae=1.7586]
    Epoch 313:  [avg_train_loss=3.5017, avg_seen_mae=1.6938, avg_unseen_mae=1.7586]
    Epoch 314:  [avg_train_loss=3.5017, avg_seen_mae=1.6938, avg_unseen_mae=1.7586]
    Epoch 315:  [avg_train_loss=3.5017, avg_seen_mae=1.6938, avg_unseen_mae=1.7586]
    Epoch 316:  [avg_train_loss=3.5017, avg_seen_mae=1.6938, avg_unseen_mae=1.7586]
    Epoch 317:  [avg_train_loss=3.5017, avg_seen_mae=1.6938, avg_unseen_mae=1.7586]
    Epoch 318:  [avg_train_loss=3.5017, avg_seen_mae=1.6938, avg_unseen_mae=1.7586]
    Epoch 319:  [avg_train_loss=3.5017, avg_seen_mae=1.6938, avg_unseen_mae=1.7586]
    Epoch 320:  [avg_train_loss=3.5017, avg_seen_mae=1.6938, avg_unseen_mae=1.7586]
    Epoch 321:  [avg_train_loss=3.5017, avg_seen_mae=1.6938, avg_unseen_mae=1.7586]
    Epoch 322:  [avg_train_loss=3.5017, avg_seen_mae=1.6938, avg_unseen_mae=1.7586]
    Epoch 323:  [avg_train_loss=3.5017, avg_seen_mae=1.6938, avg_unseen_mae=1.7586]
    Epoch 324:  [avg_train_loss=3.5017, avg_seen_mae=1.6938, avg_unseen_mae=1.7586]
    Epoch 325:  [avg_train_loss=3.5017, avg_seen_mae=1.6938, avg_unseen_mae=1.7586]
    Epoch 326:  [avg_train_loss=3.5017, avg_seen_mae=1.6938, avg_unseen_mae=1.7586]
    Epoch 327:  [avg_train_loss=3.5017, avg_seen_mae=1.6938, avg_unseen_mae=1.7586]
    Epoch 328:  [avg_train_loss=3.5017, avg_seen_mae=1.6938, avg_unseen_mae=1.7586]
    Epoch 329:  [avg_train_loss=3.5017, avg_seen_mae=1.6938, avg_unseen_mae=1.7586]
    Epoch 330:  [avg_train_loss=3.5017, avg_seen_mae=1.6938, avg_unseen_mae=1.7586]
    Epoch 331:  [avg_train_loss=3.5017, avg_seen_mae=1.6938, avg_unseen_mae=1.7586]
    Epoch 332:  [avg_train_loss=3.5017, avg_seen_mae=1.6938, avg_unseen_mae=1.7586]
    Epoch 333:  [avg_train_loss=3.5017, avg_seen_mae=1.6938, avg_unseen_mae=1.7586]
    Epoch 334:  [avg_train_loss=3.5017, avg_seen_mae=1.6938, avg_unseen_mae=1.7586]
    Epoch 335:  [avg_train_loss=3.5017, avg_seen_mae=1.6938, avg_unseen_mae=1.7586]
    Epoch 336:  [avg_train_loss=3.5017, avg_seen_mae=1.6938, avg_unseen_mae=1.7586]
    Epoch 337:  [avg_train_loss=3.5017, avg_seen_mae=1.6938, avg_unseen_mae=1.7586]
    Epoch 338:  [avg_train_loss=3.5017, avg_seen_mae=1.6938, avg_unseen_mae=1.7586]
    Epoch 339:  [avg_train_loss=3.5017, avg_seen_mae=1.6938, avg_unseen_mae=1.7586]
    Epoch 340:  [avg_train_loss=3.5017, avg_seen_mae=1.6938, avg_unseen_mae=1.7586]
    Epoch 341:  [avg_train_loss=3.5017, avg_seen_mae=1.6938, avg_unseen_mae=1.7586]
    Epoch 342:  [avg_train_loss=3.5017, avg_seen_mae=1.6938, avg_unseen_mae=1.7586]
    Epoch 343:  [avg_train_loss=3.5017, avg_seen_mae=1.6938, avg_unseen_mae=1.7586]
    Epoch 344:  [avg_train_loss=3.5017, avg_seen_mae=1.6938, avg_unseen_mae=1.7586]
    Epoch 345:  [avg_train_loss=3.5017, avg_seen_mae=1.6938, avg_unseen_mae=1.7586]
    Epoch 346:  [avg_train_loss=3.5017, avg_seen_mae=1.6938, avg_unseen_mae=1.7586]
    Epoch 347:  [avg_train_loss=3.5017, avg_seen_mae=1.6938, avg_unseen_mae=1.7586]
    Epoch 348:  [avg_train_loss=3.5017, avg_seen_mae=1.6938, avg_unseen_mae=1.7586]
    Epoch 349:  [avg_train_loss=3.5017, avg_seen_mae=1.6938, avg_unseen_mae=1.7586]
    Epoch 350:  [avg_train_loss=3.5017, avg_seen_mae=1.6938, avg_unseen_mae=1.7586]
    Epoch 351:  [avg_train_loss=3.5017, avg_seen_mae=1.6938, avg_unseen_mae=1.7586]
    Epoch 352:  [avg_train_loss=3.5017, avg_seen_mae=1.6938, avg_unseen_mae=1.7586]
    Epoch 353:  [avg_train_loss=3.5017, avg_seen_mae=1.6938, avg_unseen_mae=1.7586]
    Epoch 354:  [avg_train_loss=3.5017, avg_seen_mae=1.6938, avg_unseen_mae=1.7586]
    Epoch 355:  [avg_train_loss=3.5017, avg_seen_mae=1.6938, avg_unseen_mae=1.7586]
    Epoch 356:  [avg_train_loss=3.5017, avg_seen_mae=1.6938, avg_unseen_mae=1.7586]
    Epoch 357:  [avg_train_loss=3.5017, avg_seen_mae=1.6938, avg_unseen_mae=1.7586]
    Epoch 358:  [avg_train_loss=3.5017, avg_seen_mae=1.6938, avg_unseen_mae=1.7586]
    Epoch 359:  [avg_train_loss=3.5017, avg_seen_mae=1.6938, avg_unseen_mae=1.7586]
    Epoch 360:  [avg_train_loss=3.5017, avg_seen_mae=1.6938, avg_unseen_mae=1.7586]
    Epoch 361:  [avg_train_loss=3.5017, avg_seen_mae=1.6938, avg_unseen_mae=1.7586]
    Epoch 362:  [avg_train_loss=3.5017, avg_seen_mae=1.6938, avg_unseen_mae=1.7586]
    Epoch 363:  [avg_train_loss=3.5017, avg_seen_mae=1.6938, avg_unseen_mae=1.7586]
    Epoch 364:  [avg_train_loss=3.5017, avg_seen_mae=1.6938, avg_unseen_mae=1.7586]
    Epoch 365:  [avg_train_loss=3.5017, avg_seen_mae=1.6938, avg_unseen_mae=1.7586]
    Epoch 366:  [avg_train_loss=3.5017, avg_seen_mae=1.6938, avg_unseen_mae=1.7586]
    Epoch 367:  [avg_train_loss=3.5017, avg_seen_mae=1.6938, avg_unseen_mae=1.7586]
    Epoch 368:  [avg_train_loss=3.5017, avg_seen_mae=1.6938, avg_unseen_mae=1.7586]
    Epoch 369:  [avg_train_loss=3.5017, avg_seen_mae=1.6938, avg_unseen_mae=1.7586]
    Epoch 370:  [avg_train_loss=3.5017, avg_seen_mae=1.6938, avg_unseen_mae=1.7586]
    Epoch 371:  [avg_train_loss=3.5017, avg_seen_mae=1.6938, avg_unseen_mae=1.7586]
    Epoch 372:  [avg_train_loss=3.5017, avg_seen_mae=1.6938, avg_unseen_mae=1.7586]
    Epoch 373:  [avg_train_loss=3.5017, avg_seen_mae=1.6938, avg_unseen_mae=1.7586]
    Epoch 374:  [avg_train_loss=3.5017, avg_seen_mae=1.6938, avg_unseen_mae=1.7586]
    Epoch 375:  [avg_train_loss=3.5017, avg_seen_mae=1.6938, avg_unseen_mae=1.7586]
    Epoch 376:  [avg_train_loss=3.5017, avg_seen_mae=1.6938, avg_unseen_mae=1.7586]
    Epoch 377:  [avg_train_loss=3.5017, avg_seen_mae=1.6938, avg_unseen_mae=1.7586]
    Epoch 378:  [avg_train_loss=3.5017, avg_seen_mae=1.6938, avg_unseen_mae=1.7586]
    Epoch 379:  [avg_train_loss=3.5017, avg_seen_mae=1.6938, avg_unseen_mae=1.7586]
    Epoch 380:  [avg_train_loss=3.5017, avg_seen_mae=1.6938, avg_unseen_mae=1.7586]
    Epoch 381:  [avg_train_loss=3.5017, avg_seen_mae=1.6938, avg_unseen_mae=1.7586]
    Epoch 382:  [avg_train_loss=3.5017, avg_seen_mae=1.6938, avg_unseen_mae=1.7586]
    Epoch 383:  [avg_train_loss=3.5017, avg_seen_mae=1.6938, avg_unseen_mae=1.7586]
    Epoch 384:  [avg_train_loss=3.5017, avg_seen_mae=1.6938, avg_unseen_mae=1.7586]
    Epoch 385:  [avg_train_loss=3.5017, avg_seen_mae=1.6938, avg_unseen_mae=1.7586]
    Epoch 386:  [avg_train_loss=3.5017, avg_seen_mae=1.6938, avg_unseen_mae=1.7586]
    Epoch 387:  [avg_train_loss=3.5017, avg_seen_mae=1.6938, avg_unseen_mae=1.7586]
    Epoch 388:  [avg_train_loss=3.5017, avg_seen_mae=1.6938, avg_unseen_mae=1.7586]
    Epoch 389:  [avg_train_loss=3.5017, avg_seen_mae=1.6938, avg_unseen_mae=1.7586]
    Epoch 390:  [avg_train_loss=3.5017, avg_seen_mae=1.6938, avg_unseen_mae=1.7586]
    Epoch 391:  [avg_train_loss=3.5017, avg_seen_mae=1.6938, avg_unseen_mae=1.7586]
    Epoch 392:  [avg_train_loss=3.5017, avg_seen_mae=1.6938, avg_unseen_mae=1.7586]
    Epoch 393:  [avg_train_loss=3.5017, avg_seen_mae=1.6938, avg_unseen_mae=1.7586]
    Epoch 394:  [avg_train_loss=3.5017, avg_seen_mae=1.6938, avg_unseen_mae=1.7586]
    Epoch 395:  [avg_train_loss=3.5017, avg_seen_mae=1.6938, avg_unseen_mae=1.7586]
    Epoch 396:  [avg_train_loss=3.5017, avg_seen_mae=1.6938, avg_unseen_mae=1.7586]
    Epoch 397:  [avg_train_loss=3.5017, avg_seen_mae=1.6938, avg_unseen_mae=1.7586]
    Epoch 398:  [avg_train_loss=3.5017, avg_seen_mae=1.6938, avg_unseen_mae=1.7586]
    Epoch 399:  [avg_train_loss=3.5017, avg_seen_mae=1.6938, avg_unseen_mae=1.7586]
    Epoch 400:  [avg_train_loss=3.5017, avg_seen_mae=1.6938, avg_unseen_mae=1.7586]
    Epoch 401:  [avg_train_loss=3.5017, avg_seen_mae=1.6938, avg_unseen_mae=1.7586]
    Epoch 402:  [avg_train_loss=3.5017, avg_seen_mae=1.6938, avg_unseen_mae=1.7586]
    Epoch 403:  [avg_train_loss=3.5017, avg_seen_mae=1.6938, avg_unseen_mae=1.7586]
    Epoch 404:  [avg_train_loss=3.5017, avg_seen_mae=1.6938, avg_unseen_mae=1.7586]
    Epoch 405:  [avg_train_loss=3.5017, avg_seen_mae=1.6938, avg_unseen_mae=1.7586]
    Epoch 406:  [avg_train_loss=3.5017, avg_seen_mae=1.6938, avg_unseen_mae=1.7586]
    Epoch 407:  [avg_train_loss=3.5017, avg_seen_mae=1.6938, avg_unseen_mae=1.7586]
    Epoch 408:  [avg_train_loss=3.5017, avg_seen_mae=1.6938, avg_unseen_mae=1.7586]
    Epoch 409:  [avg_train_loss=3.5017, avg_seen_mae=1.6938, avg_unseen_mae=1.7586]
    Epoch 410:  [avg_train_loss=3.5017, avg_seen_mae=1.6938, avg_unseen_mae=1.7586]
    Epoch 411:  [avg_train_loss=3.5017, avg_seen_mae=1.6938, avg_unseen_mae=1.7586]
    Epoch 412:  [avg_train_loss=3.5017, avg_seen_mae=1.6938, avg_unseen_mae=1.7586]
    Epoch 413:  [avg_train_loss=3.5017, avg_seen_mae=1.6938, avg_unseen_mae=1.7586]
    Epoch 414:  [avg_train_loss=3.5017, avg_seen_mae=1.6938, avg_unseen_mae=1.7586]
    Epoch 415:  [avg_train_loss=3.5017, avg_seen_mae=1.6938, avg_unseen_mae=1.7586]
    Epoch 416:  [avg_train_loss=3.5017, avg_seen_mae=1.6938, avg_unseen_mae=1.7586]
    Epoch 417:  [avg_train_loss=3.5017, avg_seen_mae=1.6938, avg_unseen_mae=1.7586]
    Epoch 418:  [avg_train_loss=3.5017, avg_seen_mae=1.6938, avg_unseen_mae=1.7586]
    Epoch 419:  [avg_train_loss=3.5017, avg_seen_mae=1.6938, avg_unseen_mae=1.7586]
    Epoch 420:  [avg_train_loss=3.5017, avg_seen_mae=1.6938, avg_unseen_mae=1.7586]
    Epoch 421:  [avg_train_loss=3.5017, avg_seen_mae=1.6938, avg_unseen_mae=1.7586]
    Epoch 422:  [avg_train_loss=3.5017, avg_seen_mae=1.6938, avg_unseen_mae=1.7586]
    Epoch 423:  [avg_train_loss=3.5017, avg_seen_mae=1.6938, avg_unseen_mae=1.7586]
    Epoch 424:  [avg_train_loss=3.5017, avg_seen_mae=1.6938, avg_unseen_mae=1.7586]
    Epoch 425:  [avg_train_loss=3.5017, avg_seen_mae=1.6938, avg_unseen_mae=1.7586]
    Epoch 426:  [avg_train_loss=3.5017, avg_seen_mae=1.6938, avg_unseen_mae=1.7586]
    Epoch 427:  [avg_train_loss=3.5017, avg_seen_mae=1.6938, avg_unseen_mae=1.7586]
    Epoch 428:  [avg_train_loss=3.5017, avg_seen_mae=1.6938, avg_unseen_mae=1.7586]
    Epoch 429:  [avg_train_loss=3.5017, avg_seen_mae=1.6938, avg_unseen_mae=1.7586]
    Epoch 430:  [avg_train_loss=3.5017, avg_seen_mae=1.6938, avg_unseen_mae=1.7586]
    Epoch 431:  [avg_train_loss=3.5017, avg_seen_mae=1.6938, avg_unseen_mae=1.7586]
    Epoch 432:  [avg_train_loss=3.5017, avg_seen_mae=1.6938, avg_unseen_mae=1.7586]
    Epoch 433:  [avg_train_loss=3.5017, avg_seen_mae=1.6938, avg_unseen_mae=1.7586]
    Epoch 434:  [avg_train_loss=3.5017, avg_seen_mae=1.6938, avg_unseen_mae=1.7586]
    Epoch 435:  [avg_train_loss=3.5017, avg_seen_mae=1.6938, avg_unseen_mae=1.7586]
    Epoch 436:  [avg_train_loss=3.5017, avg_seen_mae=1.6938, avg_unseen_mae=1.7586]
    Epoch 437:  [avg_train_loss=3.5017, avg_seen_mae=1.6938, avg_unseen_mae=1.7586]
    Epoch 438:  [avg_train_loss=3.5017, avg_seen_mae=1.6938, avg_unseen_mae=1.7586]
    Epoch 439:  [avg_train_loss=3.5017, avg_seen_mae=1.6938, avg_unseen_mae=1.7586]
    Epoch 440:  [avg_train_loss=3.5017, avg_seen_mae=1.6938, avg_unseen_mae=1.7586]
    Epoch 441:  [avg_train_loss=3.5017, avg_seen_mae=1.6938, avg_unseen_mae=1.7586]
    Epoch 442:  [avg_train_loss=3.5017, avg_seen_mae=1.6938, avg_unseen_mae=1.7586]
    Epoch 443:  [avg_train_loss=3.5017, avg_seen_mae=1.6938, avg_unseen_mae=1.7586]
    Epoch 444:  [avg_train_loss=3.5017, avg_seen_mae=1.6938, avg_unseen_mae=1.7586]
    Epoch 445:  [avg_train_loss=3.5017, avg_seen_mae=1.6938, avg_unseen_mae=1.7586]
    Epoch 446:  [avg_train_loss=3.5017, avg_seen_mae=1.6938, avg_unseen_mae=1.7586]
    Epoch 447:  [avg_train_loss=3.5017, avg_seen_mae=1.6938, avg_unseen_mae=1.7586]
    Epoch 448:  [avg_train_loss=3.5017, avg_seen_mae=1.6938, avg_unseen_mae=1.7586]
    Epoch 449:  [avg_train_loss=3.5017, avg_seen_mae=1.6938, avg_unseen_mae=1.7586]
    Epoch 450:  [avg_train_loss=3.5017, avg_seen_mae=1.6938, avg_unseen_mae=1.7586]
    Epoch 451:  [avg_train_loss=3.5017, avg_seen_mae=1.6938, avg_unseen_mae=1.7586]
    Epoch 452:  [avg_train_loss=3.5017, avg_seen_mae=1.6938, avg_unseen_mae=1.7586]
    Epoch 453:  [avg_train_loss=3.5017, avg_seen_mae=1.6938, avg_unseen_mae=1.7586]
    Epoch 454:  [avg_train_loss=3.5017, avg_seen_mae=1.6938, avg_unseen_mae=1.7586]
    Epoch 455:  [avg_train_loss=3.5017, avg_seen_mae=1.6938, avg_unseen_mae=1.7586]
    Epoch 456:  [avg_train_loss=3.5017, avg_seen_mae=1.6938, avg_unseen_mae=1.7586]
    Epoch 457:  [avg_train_loss=3.5017, avg_seen_mae=1.6938, avg_unseen_mae=1.7586]
    Epoch 458:  [avg_train_loss=3.5017, avg_seen_mae=1.6938, avg_unseen_mae=1.7586]
    Epoch 459:  [avg_train_loss=3.5017, avg_seen_mae=1.6938, avg_unseen_mae=1.7586]
    Epoch 460:  [avg_train_loss=3.5017, avg_seen_mae=1.6938, avg_unseen_mae=1.7586]
    Epoch 461:  [avg_train_loss=3.5017, avg_seen_mae=1.6938, avg_unseen_mae=1.7586]
    Epoch 462:  [avg_train_loss=3.5017, avg_seen_mae=1.6938, avg_unseen_mae=1.7586]
    Epoch 463:  [avg_train_loss=3.5017, avg_seen_mae=1.6938, avg_unseen_mae=1.7586]
    Epoch 464:  [avg_train_loss=3.5017, avg_seen_mae=1.6938, avg_unseen_mae=1.7586]
    Epoch 465:  [avg_train_loss=3.5017, avg_seen_mae=1.6938, avg_unseen_mae=1.7586]
    Epoch 466:  [avg_train_loss=3.5017, avg_seen_mae=1.6938, avg_unseen_mae=1.7586]
    Epoch 467:  [avg_train_loss=3.5017, avg_seen_mae=1.6938, avg_unseen_mae=1.7586]
    Epoch 468:  [avg_train_loss=3.5017, avg_seen_mae=1.6938, avg_unseen_mae=1.7586]
    Epoch 469:  [avg_train_loss=3.5017, avg_seen_mae=1.6938, avg_unseen_mae=1.7586]
    Epoch 470:  [avg_train_loss=3.5017, avg_seen_mae=1.6938, avg_unseen_mae=1.7586]
    Epoch 471:  [avg_train_loss=3.5017, avg_seen_mae=1.6938, avg_unseen_mae=1.7586]
    Epoch 472:  [avg_train_loss=3.5017, avg_seen_mae=1.6938, avg_unseen_mae=1.7586]
    Epoch 473:  [avg_train_loss=3.5017, avg_seen_mae=1.6938, avg_unseen_mae=1.7586]
    Epoch 474:  [avg_train_loss=3.5017, avg_seen_mae=1.6938, avg_unseen_mae=1.7586]
    Epoch 475:  [avg_train_loss=3.5017, avg_seen_mae=1.6938, avg_unseen_mae=1.7586]
    Epoch 476:  [avg_train_loss=3.5017, avg_seen_mae=1.6938, avg_unseen_mae=1.7586]
    Epoch 477:  [avg_train_loss=3.5017, avg_seen_mae=1.6938, avg_unseen_mae=1.7586]
    Epoch 478:  [avg_train_loss=3.5017, avg_seen_mae=1.6938, avg_unseen_mae=1.7586]
    Epoch 479:  [avg_train_loss=3.5017, avg_seen_mae=1.6938, avg_unseen_mae=1.7586]
    Epoch 480:  [avg_train_loss=3.5017, avg_seen_mae=1.6938, avg_unseen_mae=1.7586]
    Epoch 481:  [avg_train_loss=3.5017, avg_seen_mae=1.6938, avg_unseen_mae=1.7586]
    Epoch 482:  [avg_train_loss=3.5017, avg_seen_mae=1.6938, avg_unseen_mae=1.7586]
    Epoch 483:  [avg_train_loss=3.5017, avg_seen_mae=1.6938, avg_unseen_mae=1.7586]
    Epoch 484:  [avg_train_loss=3.5017, avg_seen_mae=1.6938, avg_unseen_mae=1.7586]
    Epoch 485:  [avg_train_loss=3.5017, avg_seen_mae=1.6938, avg_unseen_mae=1.7586]
    Epoch 486:  [avg_train_loss=3.5017, avg_seen_mae=1.6938, avg_unseen_mae=1.7586]
    Epoch 487:  [avg_train_loss=3.5017, avg_seen_mae=1.6938, avg_unseen_mae=1.7586]
    Epoch 488:  [avg_train_loss=3.5017, avg_seen_mae=1.6938, avg_unseen_mae=1.7586]
    Epoch 489:  [avg_train_loss=3.5017, avg_seen_mae=1.6938, avg_unseen_mae=1.7586]
    Epoch 490:  [avg_train_loss=3.5017, avg_seen_mae=1.6938, avg_unseen_mae=1.7586]
    Epoch 491:  [avg_train_loss=3.5017, avg_seen_mae=1.6938, avg_unseen_mae=1.7586]
    Epoch 492:  [avg_train_loss=3.5017, avg_seen_mae=1.6938, avg_unseen_mae=1.7586]
    Epoch 493:  [avg_train_loss=3.5017, avg_seen_mae=1.6938, avg_unseen_mae=1.7586]
    Epoch 494:  [avg_train_loss=3.5017, avg_seen_mae=1.6938, avg_unseen_mae=1.7586]
    Epoch 495:  [avg_train_loss=3.5017, avg_seen_mae=1.6938, avg_unseen_mae=1.7586]
    Epoch 496:  [avg_train_loss=3.5017, avg_seen_mae=1.6938, avg_unseen_mae=1.7586]
    Epoch 497:  [avg_train_loss=3.5017, avg_seen_mae=1.6938, avg_unseen_mae=1.7586]
    Epoch 498:  [avg_train_loss=3.5017, avg_seen_mae=1.6938, avg_unseen_mae=1.7586]
    Epoch 499:  [avg_train_loss=3.5017, avg_seen_mae=1.6938, avg_unseen_mae=1.7586]
    Epoch 500:  [avg_train_loss=3.5017, avg_seen_mae=1.6938, avg_unseen_mae=1.7586]
    Epoch 501:  [avg_train_loss=3.5017, avg_seen_mae=1.6938, avg_unseen_mae=1.7586]
    Epoch 502:  [avg_train_loss=3.5017, avg_seen_mae=1.6938, avg_unseen_mae=1.7586]
    Epoch 503:  [avg_train_loss=3.5017, avg_seen_mae=1.6938, avg_unseen_mae=1.7586]
    Epoch 504:  [avg_train_loss=3.5017, avg_seen_mae=1.6938, avg_unseen_mae=1.7586]
    Epoch 505:  [avg_train_loss=3.5017, avg_seen_mae=1.6938, avg_unseen_mae=1.7586]
    Epoch 506:  [avg_train_loss=3.5017, avg_seen_mae=1.6938, avg_unseen_mae=1.7586]
    Epoch 507:  [avg_train_loss=3.5017, avg_seen_mae=1.6938, avg_unseen_mae=1.7586]
    Epoch 508:  [avg_train_loss=3.5017, avg_seen_mae=1.6938, avg_unseen_mae=1.7586]
    Epoch 509:  [avg_train_loss=3.5017, avg_seen_mae=1.6938, avg_unseen_mae=1.7586]
    Epoch 510:  [avg_train_loss=3.5017, avg_seen_mae=1.6938, avg_unseen_mae=1.7586]
    Epoch 511:  [avg_train_loss=3.5017, avg_seen_mae=1.6938, avg_unseen_mae=1.7586]
    Epoch 512:  [avg_train_loss=3.5017, avg_seen_mae=1.6938, avg_unseen_mae=1.7586]
    Epoch 513:  [avg_train_loss=3.5017, avg_seen_mae=1.6938, avg_unseen_mae=1.7586]
    Epoch 514:  [avg_train_loss=3.5017, avg_seen_mae=1.6938, avg_unseen_mae=1.7586]
    Epoch 515:  [avg_train_loss=3.5017, avg_seen_mae=1.6938, avg_unseen_mae=1.7586]
    Epoch 516:  [avg_train_loss=3.5017, avg_seen_mae=1.6938, avg_unseen_mae=1.7586]
    Epoch 517:  [avg_train_loss=3.5017, avg_seen_mae=1.6938, avg_unseen_mae=1.7586]
    Epoch 518:  [avg_train_loss=3.5017, avg_seen_mae=1.6938, avg_unseen_mae=1.7586]
    Epoch 519:  [avg_train_loss=3.5017, avg_seen_mae=1.6938, avg_unseen_mae=1.7586]
    Epoch 520:  [avg_train_loss=3.5017, avg_seen_mae=1.6938, avg_unseen_mae=1.7586]
    Epoch 521:  [avg_train_loss=3.5017, avg_seen_mae=1.6938, avg_unseen_mae=1.7586]
    Epoch 522:  [avg_train_loss=3.5017, avg_seen_mae=1.6938, avg_unseen_mae=1.7586]
    Epoch 523:  [avg_train_loss=3.5017, avg_seen_mae=1.6938, avg_unseen_mae=1.7586]
    Epoch 524:  [avg_train_loss=3.5017, avg_seen_mae=1.6938, avg_unseen_mae=1.7586]
    Epoch 525:  [avg_train_loss=3.5017, avg_seen_mae=1.6938, avg_unseen_mae=1.7586]
    Epoch 526:  [avg_train_loss=3.5017, avg_seen_mae=1.6938, avg_unseen_mae=1.7586]
    Epoch 527:  [avg_train_loss=3.5017, avg_seen_mae=1.6938, avg_unseen_mae=1.7586]
    Epoch 528:  [avg_train_loss=3.5017, avg_seen_mae=1.6938, avg_unseen_mae=1.7586]
    Epoch 529:  [avg_train_loss=3.5017, avg_seen_mae=1.6938, avg_unseen_mae=1.7586]
    Epoch 530:  [avg_train_loss=3.5017, avg_seen_mae=1.6938, avg_unseen_mae=1.7586]
    Epoch 531:  [avg_train_loss=3.5017, avg_seen_mae=1.6938, avg_unseen_mae=1.7586]
    Epoch 532:  [avg_train_loss=3.5017, avg_seen_mae=1.6938, avg_unseen_mae=1.7586]
    Epoch 533:  [avg_train_loss=3.5017, avg_seen_mae=1.6938, avg_unseen_mae=1.7586]
    Epoch 534:  [avg_train_loss=3.5017, avg_seen_mae=1.6938, avg_unseen_mae=1.7586]
    Epoch 535:  [avg_train_loss=3.5017, avg_seen_mae=1.6938, avg_unseen_mae=1.7586]
    Epoch 536:  [avg_train_loss=3.5017, avg_seen_mae=1.6938, avg_unseen_mae=1.7586]
    Epoch 537:  [avg_train_loss=3.5017, avg_seen_mae=1.6938, avg_unseen_mae=1.7586]
    Epoch 538:  [avg_train_loss=3.5017, avg_seen_mae=1.6938, avg_unseen_mae=1.7586]
    Epoch 539:  [avg_train_loss=3.5017, avg_seen_mae=1.6938, avg_unseen_mae=1.7586]
    Epoch 540:  [avg_train_loss=3.5017, avg_seen_mae=1.6938, avg_unseen_mae=1.7586]
    Epoch 541:  [avg_train_loss=3.5017, avg_seen_mae=1.6938, avg_unseen_mae=1.7586]
    Epoch 542:  [avg_train_loss=3.5017, avg_seen_mae=1.6938, avg_unseen_mae=1.7586]
    Epoch 543:  [avg_train_loss=3.5017, avg_seen_mae=1.6938, avg_unseen_mae=1.7586]
    Epoch 544:  [avg_train_loss=3.5017, avg_seen_mae=1.6938, avg_unseen_mae=1.7586]
    Epoch 545:  [avg_train_loss=3.5017, avg_seen_mae=1.6938, avg_unseen_mae=1.7586]
    Epoch 546:  [avg_train_loss=3.5017, avg_seen_mae=1.6938, avg_unseen_mae=1.7586]
    Epoch 547:  [avg_train_loss=3.5017, avg_seen_mae=1.6938, avg_unseen_mae=1.7586]
    Epoch 548:  [avg_train_loss=3.5017, avg_seen_mae=1.6938, avg_unseen_mae=1.7586]
    Epoch 549:  [avg_train_loss=3.5017, avg_seen_mae=1.6938, avg_unseen_mae=1.7586]
    Epoch 550:  [avg_train_loss=3.5017, avg_seen_mae=1.6938, avg_unseen_mae=1.7586]
    Epoch 551:  [avg_train_loss=3.5017, avg_seen_mae=1.6938, avg_unseen_mae=1.7586]
    Epoch 552:  [avg_train_loss=3.5017, avg_seen_mae=1.6938, avg_unseen_mae=1.7586]
    Epoch 553:  [avg_train_loss=3.5017, avg_seen_mae=1.6938, avg_unseen_mae=1.7586]
    Epoch 554:  [avg_train_loss=3.5017, avg_seen_mae=1.6938, avg_unseen_mae=1.7586]
    Epoch 555:  [avg_train_loss=3.5017, avg_seen_mae=1.6938, avg_unseen_mae=1.7586]
    Epoch 556:  [avg_train_loss=3.5017, avg_seen_mae=1.6938, avg_unseen_mae=1.7586]
    Epoch 557:  [avg_train_loss=3.5017, avg_seen_mae=1.6938, avg_unseen_mae=1.7586]
    Epoch 558:  [avg_train_loss=3.5017, avg_seen_mae=1.6938, avg_unseen_mae=1.7586]
    Epoch 559:  [avg_train_loss=3.5017, avg_seen_mae=1.6938, avg_unseen_mae=1.7586]
    Epoch 560:  [avg_train_loss=3.5017, avg_seen_mae=1.6938, avg_unseen_mae=1.7586]
    Epoch 561:  [avg_train_loss=3.5017, avg_seen_mae=1.6938, avg_unseen_mae=1.7586]
    Epoch 562:  [avg_train_loss=3.5017, avg_seen_mae=1.6938, avg_unseen_mae=1.7586]
    Epoch 563:  [avg_train_loss=3.5017, avg_seen_mae=1.6938, avg_unseen_mae=1.7586]
    Epoch 564:  [avg_train_loss=3.5017, avg_seen_mae=1.6938, avg_unseen_mae=1.7586]
    Epoch 565:  [avg_train_loss=3.5017, avg_seen_mae=1.6938, avg_unseen_mae=1.7586]
    Epoch 566:  [avg_train_loss=3.5017, avg_seen_mae=1.6938, avg_unseen_mae=1.7586]
    Epoch 567:  [avg_train_loss=3.5017, avg_seen_mae=1.6938, avg_unseen_mae=1.7586]
    Epoch 568:  [avg_train_loss=3.5017, avg_seen_mae=1.6938, avg_unseen_mae=1.7586]
    Epoch 569:  [avg_train_loss=3.5017, avg_seen_mae=1.6938, avg_unseen_mae=1.7586]
    Epoch 570:  [avg_train_loss=3.5017, avg_seen_mae=1.6938, avg_unseen_mae=1.7586]
    Epoch 571:  [avg_train_loss=3.5017, avg_seen_mae=1.6938, avg_unseen_mae=1.7586]
    Epoch 572:  [avg_train_loss=3.5017, avg_seen_mae=1.6938, avg_unseen_mae=1.7586]
    Epoch 573:  [avg_train_loss=3.5017, avg_seen_mae=1.6938, avg_unseen_mae=1.7586]
    Epoch 574:  [avg_train_loss=3.5017, avg_seen_mae=1.6938, avg_unseen_mae=1.7586]
    Epoch 575:  [avg_train_loss=3.5017, avg_seen_mae=1.6938, avg_unseen_mae=1.7586]
    Epoch 576:  [avg_train_loss=3.5017, avg_seen_mae=1.6938, avg_unseen_mae=1.7586]
    Epoch 577:  [avg_train_loss=3.5017, avg_seen_mae=1.6938, avg_unseen_mae=1.7586]
    Epoch 578:  [avg_train_loss=3.5017, avg_seen_mae=1.6938, avg_unseen_mae=1.7586]
    Epoch 579:  [avg_train_loss=3.5017, avg_seen_mae=1.6938, avg_unseen_mae=1.7586]
    Epoch 580:  [avg_train_loss=3.5017, avg_seen_mae=1.6938, avg_unseen_mae=1.7586]
    Epoch 581:  [avg_train_loss=3.5017, avg_seen_mae=1.6938, avg_unseen_mae=1.7586]
    Epoch 582:  [avg_train_loss=3.5017, avg_seen_mae=1.6938, avg_unseen_mae=1.7586]
    Epoch 583:  [avg_train_loss=3.5017, avg_seen_mae=1.6938, avg_unseen_mae=1.7586]
    Epoch 584:  [avg_train_loss=3.5017, avg_seen_mae=1.6938, avg_unseen_mae=1.7586]
    Epoch 585:  [avg_train_loss=3.5017, avg_seen_mae=1.6938, avg_unseen_mae=1.7586]
    Epoch 586:  [avg_train_loss=3.5017, avg_seen_mae=1.6938, avg_unseen_mae=1.7586]
    Epoch 587:  [avg_train_loss=3.5017, avg_seen_mae=1.6938, avg_unseen_mae=1.7586]
    Epoch 588:  [avg_train_loss=3.5017, avg_seen_mae=1.6938, avg_unseen_mae=1.7586]
    Epoch 589:  [avg_train_loss=3.5017, avg_seen_mae=1.6938, avg_unseen_mae=1.7586]
    Epoch 590:  [avg_train_loss=3.5017, avg_seen_mae=1.6938, avg_unseen_mae=1.7586]
    Epoch 591:  [avg_train_loss=3.5017, avg_seen_mae=1.6938, avg_unseen_mae=1.7586]
    Epoch 592:  [avg_train_loss=3.5017, avg_seen_mae=1.6938, avg_unseen_mae=1.7586]
    Epoch 593:  [avg_train_loss=3.5017, avg_seen_mae=1.6938, avg_unseen_mae=1.7586]
    Epoch 594:  [avg_train_loss=3.5017, avg_seen_mae=1.6938, avg_unseen_mae=1.7586]
    Epoch 595:  [avg_train_loss=3.5017, avg_seen_mae=1.6938, avg_unseen_mae=1.7586]
    Epoch 596:  [avg_train_loss=3.5017, avg_seen_mae=1.6938, avg_unseen_mae=1.7586]
    Epoch 597:  [avg_train_loss=3.5017, avg_seen_mae=1.6938, avg_unseen_mae=1.7586]
    Epoch 598:  [avg_train_loss=3.5017, avg_seen_mae=1.6938, avg_unseen_mae=1.7586]
    Epoch 599:  [avg_train_loss=3.5017, avg_seen_mae=1.6938, avg_unseen_mae=1.7586]
    Epoch 600:  [avg_train_loss=3.5017, avg_seen_mae=1.6938, avg_unseen_mae=1.7586]
    Epoch 601:  [avg_train_loss=3.5017, avg_seen_mae=1.6938, avg_unseen_mae=1.7586]
    Epoch 602:  [avg_train_loss=3.5017, avg_seen_mae=1.6938, avg_unseen_mae=1.7586]
    Epoch 603:  [avg_train_loss=3.5017, avg_seen_mae=1.6938, avg_unseen_mae=1.7586]
    Epoch 604:  [avg_train_loss=3.5017, avg_seen_mae=1.6938, avg_unseen_mae=1.7586]
    Epoch 605:  [avg_train_loss=3.5017, avg_seen_mae=1.6938, avg_unseen_mae=1.7586]
    Epoch 606:  [avg_train_loss=3.5017, avg_seen_mae=1.6938, avg_unseen_mae=1.7586]
    Epoch 607:  [avg_train_loss=3.5017, avg_seen_mae=1.6938, avg_unseen_mae=1.7586]
    Epoch 608:  [avg_train_loss=3.5017, avg_seen_mae=1.6938, avg_unseen_mae=1.7586]
    Epoch 609:  [avg_train_loss=3.5017, avg_seen_mae=1.6938, avg_unseen_mae=1.7586]
    Epoch 610:  [avg_train_loss=3.5017, avg_seen_mae=1.6938, avg_unseen_mae=1.7586]
    Epoch 611:  [avg_train_loss=3.5017, avg_seen_mae=1.6938, avg_unseen_mae=1.7586]
    Epoch 612:  [avg_train_loss=3.5017, avg_seen_mae=1.6938, avg_unseen_mae=1.7586]
    Epoch 613:  [avg_train_loss=3.5017, avg_seen_mae=1.6938, avg_unseen_mae=1.7586]
    Epoch 614:  [avg_train_loss=3.5017, avg_seen_mae=1.6938, avg_unseen_mae=1.7586]
    Epoch 615:  [avg_train_loss=3.5017, avg_seen_mae=1.6938, avg_unseen_mae=1.7586]
    Epoch 616:  [avg_train_loss=3.5017, avg_seen_mae=1.6938, avg_unseen_mae=1.7586]
    Epoch 617:  [avg_train_loss=3.5017, avg_seen_mae=1.6938, avg_unseen_mae=1.7586]
    Epoch 618:  [avg_train_loss=3.5017, avg_seen_mae=1.6938, avg_unseen_mae=1.7586]
    Epoch 619:  [avg_train_loss=3.5017, avg_seen_mae=1.6938, avg_unseen_mae=1.7586]
    Epoch 620:  [avg_train_loss=3.5017, avg_seen_mae=1.6938, avg_unseen_mae=1.7586]
    Epoch 621:  [avg_train_loss=3.5017, avg_seen_mae=1.6938, avg_unseen_mae=1.7586]
    Epoch 622:  [avg_train_loss=3.5017, avg_seen_mae=1.6938, avg_unseen_mae=1.7586]
    Epoch 623:  [avg_train_loss=3.5017, avg_seen_mae=1.6938, avg_unseen_mae=1.7586]
    Epoch 624:  [avg_train_loss=3.5017, avg_seen_mae=1.6938, avg_unseen_mae=1.7586]
    Epoch 625:  [avg_train_loss=3.5017, avg_seen_mae=1.6938, avg_unseen_mae=1.7586]
    Epoch 626:  [avg_train_loss=3.5017, avg_seen_mae=1.6938, avg_unseen_mae=1.7586]
    Epoch 627:  [avg_train_loss=3.5017, avg_seen_mae=1.6938, avg_unseen_mae=1.7586]
    Epoch 628:  [avg_train_loss=3.5017, avg_seen_mae=1.6938, avg_unseen_mae=1.7586]
    Epoch 629:  [avg_train_loss=3.5017, avg_seen_mae=1.6938, avg_unseen_mae=1.7586]
    Epoch 630:  [avg_train_loss=3.5017, avg_seen_mae=1.6938, avg_unseen_mae=1.7586]
    Epoch 631:  [avg_train_loss=3.5017, avg_seen_mae=1.6938, avg_unseen_mae=1.7586]
    Epoch 632:  [avg_train_loss=3.5017, avg_seen_mae=1.6938, avg_unseen_mae=1.7586]
    Epoch 633:  [avg_train_loss=3.5017, avg_seen_mae=1.6938, avg_unseen_mae=1.7586]
    Epoch 634:  [avg_train_loss=3.5017, avg_seen_mae=1.6938, avg_unseen_mae=1.7586]
    Epoch 635:  [avg_train_loss=3.5017, avg_seen_mae=1.6938, avg_unseen_mae=1.7586]
    Epoch 636:  [avg_train_loss=3.5017, avg_seen_mae=1.6938, avg_unseen_mae=1.7586]
    Epoch 637:  [avg_train_loss=3.5017, avg_seen_mae=1.6938, avg_unseen_mae=1.7586]
    Epoch 638:  [avg_train_loss=3.5017, avg_seen_mae=1.6938, avg_unseen_mae=1.7586]
    Epoch 639:  [avg_train_loss=3.5017, avg_seen_mae=1.6938, avg_unseen_mae=1.7586]
    Epoch 640:  [avg_train_loss=3.5017, avg_seen_mae=1.6938, avg_unseen_mae=1.7586]
    Epoch 641:  [avg_train_loss=3.5017, avg_seen_mae=1.6938, avg_unseen_mae=1.7586]
    Epoch 642:  [avg_train_loss=3.5017, avg_seen_mae=1.6938, avg_unseen_mae=1.7586]
    Epoch 643:  [avg_train_loss=3.5017, avg_seen_mae=1.6938, avg_unseen_mae=1.7586]
    Epoch 644:  [avg_train_loss=3.5017, avg_seen_mae=1.6938, avg_unseen_mae=1.7586]
    Epoch 645:  [avg_train_loss=3.5017, avg_seen_mae=1.6938, avg_unseen_mae=1.7586]
    Epoch 646:  [avg_train_loss=3.5017, avg_seen_mae=1.6938, avg_unseen_mae=1.7586]
    Epoch 647:  [avg_train_loss=3.5017, avg_seen_mae=1.6938, avg_unseen_mae=1.7586]
    Epoch 648:  [avg_train_loss=3.5017, avg_seen_mae=1.6938, avg_unseen_mae=1.7586]
    Epoch 649:  [avg_train_loss=3.5017, avg_seen_mae=1.6938, avg_unseen_mae=1.7586]
    Epoch 650:  [avg_train_loss=3.5017, avg_seen_mae=1.6938, avg_unseen_mae=1.7586]
    Epoch 651:  [avg_train_loss=3.5017, avg_seen_mae=1.6938, avg_unseen_mae=1.7586]
    Epoch 652:  [avg_train_loss=3.5017, avg_seen_mae=1.6938, avg_unseen_mae=1.7586]
    Epoch 653:  [avg_train_loss=3.5017, avg_seen_mae=1.6938, avg_unseen_mae=1.7586]
    Epoch 654:  [avg_train_loss=3.5017, avg_seen_mae=1.6938, avg_unseen_mae=1.7586]
    Epoch 655:  [avg_train_loss=3.5017, avg_seen_mae=1.6938, avg_unseen_mae=1.7586]
    Epoch 656:  [avg_train_loss=3.5017, avg_seen_mae=1.6938, avg_unseen_mae=1.7586]
    Epoch 657:  [avg_train_loss=3.5017, avg_seen_mae=1.6938, avg_unseen_mae=1.7586]
    Epoch 658:  [avg_train_loss=3.5017, avg_seen_mae=1.6938, avg_unseen_mae=1.7586]
    Epoch 659:  [avg_train_loss=3.5017, avg_seen_mae=1.6938, avg_unseen_mae=1.7586]
    Epoch 660:  [avg_train_loss=3.5017, avg_seen_mae=1.6938, avg_unseen_mae=1.7586]
    Epoch 661:  [avg_train_loss=3.5017, avg_seen_mae=1.6938, avg_unseen_mae=1.7586]
    Epoch 662:  [avg_train_loss=3.5017, avg_seen_mae=1.6938, avg_unseen_mae=1.7586]
    Epoch 663:  [avg_train_loss=3.5017, avg_seen_mae=1.6938, avg_unseen_mae=1.7586]
    Epoch 664:  [avg_train_loss=3.5017, avg_seen_mae=1.6938, avg_unseen_mae=1.7586]
    Epoch 665:  [avg_train_loss=3.5017, avg_seen_mae=1.6938, avg_unseen_mae=1.7586]
    Epoch 666:  [avg_train_loss=3.5017, avg_seen_mae=1.6938, avg_unseen_mae=1.7586]
    Epoch 667:  [avg_train_loss=3.5017, avg_seen_mae=1.6938, avg_unseen_mae=1.7586]
    Epoch 668:  [avg_train_loss=3.5017, avg_seen_mae=1.6938, avg_unseen_mae=1.7586]
    Epoch 669:  [avg_train_loss=3.5017, avg_seen_mae=1.6938, avg_unseen_mae=1.7586]
    Epoch 670:  [avg_train_loss=3.5017, avg_seen_mae=1.6938, avg_unseen_mae=1.7586]
    Epoch 671:  [avg_train_loss=3.5017, avg_seen_mae=1.6938, avg_unseen_mae=1.7586]
    Epoch 672:  [avg_train_loss=3.5017, avg_seen_mae=1.6938, avg_unseen_mae=1.7586]
    Epoch 673:  [avg_train_loss=3.5017, avg_seen_mae=1.6938, avg_unseen_mae=1.7586]
    Epoch 674:  [avg_train_loss=3.5017, avg_seen_mae=1.6938, avg_unseen_mae=1.7586]
    Epoch 675:  [avg_train_loss=3.5017, avg_seen_mae=1.6938, avg_unseen_mae=1.7586]
    Epoch 676:  [avg_train_loss=3.5017, avg_seen_mae=1.6938, avg_unseen_mae=1.7586]
    Epoch 677:  [avg_train_loss=3.5017, avg_seen_mae=1.6938, avg_unseen_mae=1.7586]
    Epoch 678:  [avg_train_loss=3.5017, avg_seen_mae=1.6938, avg_unseen_mae=1.7586]
    Epoch 679:  [avg_train_loss=3.5017, avg_seen_mae=1.6938, avg_unseen_mae=1.7586]
    Epoch 680:  [avg_train_loss=3.5017, avg_seen_mae=1.6938, avg_unseen_mae=1.7586]
    Epoch 681:  [avg_train_loss=3.5017, avg_seen_mae=1.6938, avg_unseen_mae=1.7586]
    Epoch 682:  [avg_train_loss=3.5017, avg_seen_mae=1.6938, avg_unseen_mae=1.7586]
    Epoch 683:  [avg_train_loss=3.5017, avg_seen_mae=1.6938, avg_unseen_mae=1.7586]
    Epoch 684:  [avg_train_loss=3.5017, avg_seen_mae=1.6938, avg_unseen_mae=1.7586]
    Epoch 685:  [avg_train_loss=3.5017, avg_seen_mae=1.6938, avg_unseen_mae=1.7586]
    Epoch 686:  [avg_train_loss=3.5017, avg_seen_mae=1.6938, avg_unseen_mae=1.7586]
    Epoch 687:  [avg_train_loss=3.5017, avg_seen_mae=1.6938, avg_unseen_mae=1.7586]
    Epoch 688:  [avg_train_loss=3.5017, avg_seen_mae=1.6938, avg_unseen_mae=1.7586]
    Epoch 689:  [avg_train_loss=3.5017, avg_seen_mae=1.6938, avg_unseen_mae=1.7586]
    Epoch 690:  [avg_train_loss=3.5017, avg_seen_mae=1.6938, avg_unseen_mae=1.7586]
    Epoch 691:  [avg_train_loss=3.5017, avg_seen_mae=1.6938, avg_unseen_mae=1.7586]
    Epoch 692:  [avg_train_loss=3.5017, avg_seen_mae=1.6938, avg_unseen_mae=1.7586]
    Epoch 693:  [avg_train_loss=3.5017, avg_seen_mae=1.6938, avg_unseen_mae=1.7586]
    Epoch 694:  [avg_train_loss=3.5017, avg_seen_mae=1.6938, avg_unseen_mae=1.7586]
    Epoch 695:  [avg_train_loss=3.5017, avg_seen_mae=1.6938, avg_unseen_mae=1.7586]
    Epoch 696:  [avg_train_loss=3.5017, avg_seen_mae=1.6938, avg_unseen_mae=1.7586]
    Epoch 697:  [avg_train_loss=3.5017, avg_seen_mae=1.6938, avg_unseen_mae=1.7586]
    Epoch 698:  [avg_train_loss=3.5017, avg_seen_mae=1.6938, avg_unseen_mae=1.7586]
    Epoch 699:  [avg_train_loss=3.5017, avg_seen_mae=1.6938, avg_unseen_mae=1.7586]
    Epoch 700:  [avg_train_loss=3.5017, avg_seen_mae=1.6938, avg_unseen_mae=1.7586]
    Epoch 701:  [avg_train_loss=3.5017, avg_seen_mae=1.6938, avg_unseen_mae=1.7586]
    Epoch 702:  [avg_train_loss=3.5017, avg_seen_mae=1.6938, avg_unseen_mae=1.7586]
    Epoch 703:  [avg_train_loss=3.5017, avg_seen_mae=1.6938, avg_unseen_mae=1.7586]
    Epoch 704:  [avg_train_loss=3.5017, avg_seen_mae=1.6938, avg_unseen_mae=1.7586]
    Epoch 705:  [avg_train_loss=3.5017, avg_seen_mae=1.6938, avg_unseen_mae=1.7586]
    Epoch 706:  [avg_train_loss=3.5017, avg_seen_mae=1.6938, avg_unseen_mae=1.7586]
    Epoch 707:  [avg_train_loss=3.5017, avg_seen_mae=1.6938, avg_unseen_mae=1.7586]
    Epoch 708:  [avg_train_loss=3.5017, avg_seen_mae=1.6938, avg_unseen_mae=1.7586]
    Epoch 709:  [avg_train_loss=3.5017, avg_seen_mae=1.6938, avg_unseen_mae=1.7586]
    Epoch 710:  [avg_train_loss=3.5017, avg_seen_mae=1.6938, avg_unseen_mae=1.7586]
    Epoch 711:  [avg_train_loss=3.5017, avg_seen_mae=1.6938, avg_unseen_mae=1.7586]
    Epoch 712:  [avg_train_loss=3.5017, avg_seen_mae=1.6938, avg_unseen_mae=1.7586]
    Epoch 713:  [avg_train_loss=3.5017, avg_seen_mae=1.6938, avg_unseen_mae=1.7586]
    Epoch 714:  [avg_train_loss=3.5017, avg_seen_mae=1.6938, avg_unseen_mae=1.7586]
    Epoch 715:  [avg_train_loss=3.5017, avg_seen_mae=1.6938, avg_unseen_mae=1.7586]
    Epoch 716:  [avg_train_loss=3.5017, avg_seen_mae=1.6938, avg_unseen_mae=1.7586]
    Epoch 717:  [avg_train_loss=3.5017, avg_seen_mae=1.6938, avg_unseen_mae=1.7586]
    Epoch 718:  [avg_train_loss=3.5017, avg_seen_mae=1.6938, avg_unseen_mae=1.7586]
    Epoch 719:  [avg_train_loss=3.5017, avg_seen_mae=1.6938, avg_unseen_mae=1.7586]
    Epoch 720:  [avg_train_loss=3.5017, avg_seen_mae=1.6938, avg_unseen_mae=1.7586]
    Epoch 721:  [avg_train_loss=3.5017, avg_seen_mae=1.6938, avg_unseen_mae=1.7586]
    Epoch 722:  [avg_train_loss=3.5017, avg_seen_mae=1.6938, avg_unseen_mae=1.7586]
    Epoch 723:  [avg_train_loss=3.5017, avg_seen_mae=1.6938, avg_unseen_mae=1.7586]
    Epoch 724:  [avg_train_loss=3.5017, avg_seen_mae=1.6938, avg_unseen_mae=1.7586]
    Epoch 725:  [avg_train_loss=3.5017, avg_seen_mae=1.6938, avg_unseen_mae=1.7586]
    Epoch 726:  [avg_train_loss=3.5017, avg_seen_mae=1.6938, avg_unseen_mae=1.7586]
    Epoch 727:  [avg_train_loss=3.5017, avg_seen_mae=1.6938, avg_unseen_mae=1.7586]
    Epoch 728:  [avg_train_loss=3.5017, avg_seen_mae=1.6938, avg_unseen_mae=1.7586]
    Epoch 729:  [avg_train_loss=3.5017, avg_seen_mae=1.6938, avg_unseen_mae=1.7586]
    Epoch 730:  [avg_train_loss=3.5017, avg_seen_mae=1.6938, avg_unseen_mae=1.7586]
    Epoch 731:  [avg_train_loss=3.5017, avg_seen_mae=1.6938, avg_unseen_mae=1.7586]
    Epoch 732:  [avg_train_loss=3.5017, avg_seen_mae=1.6938, avg_unseen_mae=1.7586]
    Epoch 733:  [avg_train_loss=3.5017, avg_seen_mae=1.6938, avg_unseen_mae=1.7586]
    Epoch 734:  [avg_train_loss=3.5017, avg_seen_mae=1.6938, avg_unseen_mae=1.7586]
    Epoch 735:  [avg_train_loss=3.5017, avg_seen_mae=1.6938, avg_unseen_mae=1.7586]
    Epoch 736:  [avg_train_loss=3.5017, avg_seen_mae=1.6938, avg_unseen_mae=1.7586]
    Epoch 737:  [avg_train_loss=3.5017, avg_seen_mae=1.6938, avg_unseen_mae=1.7586]
    Epoch 738:  [avg_train_loss=3.5017, avg_seen_mae=1.6938, avg_unseen_mae=1.7586]
    Epoch 739:  [avg_train_loss=3.5017, avg_seen_mae=1.6938, avg_unseen_mae=1.7586]
    Epoch 740:  [avg_train_loss=3.5017, avg_seen_mae=1.6938, avg_unseen_mae=1.7586]
    Epoch 741:  [avg_train_loss=3.5017, avg_seen_mae=1.6938, avg_unseen_mae=1.7586]
    Epoch 742:  [avg_train_loss=3.5017, avg_seen_mae=1.6938, avg_unseen_mae=1.7586]
    Epoch 743:  [avg_train_loss=3.5017, avg_seen_mae=1.6938, avg_unseen_mae=1.7586]
    Epoch 744:  [avg_train_loss=3.5017, avg_seen_mae=1.6938, avg_unseen_mae=1.7586]
    Epoch 745:  [avg_train_loss=3.5017, avg_seen_mae=1.6938, avg_unseen_mae=1.7586]
    Epoch 746:  [avg_train_loss=3.5017, avg_seen_mae=1.6938, avg_unseen_mae=1.7586]
    Epoch 747:  [avg_train_loss=3.5017, avg_seen_mae=1.6938, avg_unseen_mae=1.7586]
    Epoch 748:  [avg_train_loss=3.5017, avg_seen_mae=1.6938, avg_unseen_mae=1.7586]
    Epoch 749:  [avg_train_loss=3.5017, avg_seen_mae=1.6938, avg_unseen_mae=1.7586]
    Epoch 750:  [avg_train_loss=3.5017, avg_seen_mae=1.6938, avg_unseen_mae=1.7586]
    Epoch 751:  [avg_train_loss=3.5017, avg_seen_mae=1.6938, avg_unseen_mae=1.7586]
    Epoch 752:  [avg_train_loss=3.5017, avg_seen_mae=1.6938, avg_unseen_mae=1.7586]
    Epoch 753:  [avg_train_loss=3.5017, avg_seen_mae=1.6938, avg_unseen_mae=1.7586]
    Epoch 754:  [avg_train_loss=3.5017, avg_seen_mae=1.6938, avg_unseen_mae=1.7586]
    Epoch 755:  [avg_train_loss=3.5017, avg_seen_mae=1.6938, avg_unseen_mae=1.7586]
    Epoch 756:  [avg_train_loss=3.5017, avg_seen_mae=1.6938, avg_unseen_mae=1.7586]
    Epoch 757:  [avg_train_loss=3.5017, avg_seen_mae=1.6938, avg_unseen_mae=1.7586]
    Epoch 758:  [avg_train_loss=3.5017, avg_seen_mae=1.6938, avg_unseen_mae=1.7586]
    Epoch 759:  [avg_train_loss=3.5017, avg_seen_mae=1.6938, avg_unseen_mae=1.7586]
    Epoch 760:  [avg_train_loss=3.5017, avg_seen_mae=1.6938, avg_unseen_mae=1.7586]
    Epoch 761:  [avg_train_loss=3.5017, avg_seen_mae=1.6938, avg_unseen_mae=1.7586]
    Epoch 762:  [avg_train_loss=3.5017, avg_seen_mae=1.6938, avg_unseen_mae=1.7586]
    Epoch 763:  [avg_train_loss=3.5017, avg_seen_mae=1.6938, avg_unseen_mae=1.7586]
    Epoch 764:  [avg_train_loss=3.5017, avg_seen_mae=1.6938, avg_unseen_mae=1.7586]
    Epoch 765:  [avg_train_loss=3.5017, avg_seen_mae=1.6938, avg_unseen_mae=1.7586]
    Epoch 766:  [avg_train_loss=3.5017, avg_seen_mae=1.6938, avg_unseen_mae=1.7586]
    Epoch 767:  [avg_train_loss=3.5017, avg_seen_mae=1.6938, avg_unseen_mae=1.7586]
    Epoch 768:  [avg_train_loss=3.5017, avg_seen_mae=1.6938, avg_unseen_mae=1.7586]
    Epoch 769:  [avg_train_loss=3.5017, avg_seen_mae=1.6938, avg_unseen_mae=1.7586]
    Epoch 770:  [avg_train_loss=3.5017, avg_seen_mae=1.6938, avg_unseen_mae=1.7586]
    Epoch 771:  [avg_train_loss=3.5017, avg_seen_mae=1.6938, avg_unseen_mae=1.7586]
    Epoch 772:  [avg_train_loss=3.5017, avg_seen_mae=1.6938, avg_unseen_mae=1.7586]
    Epoch 773:  [avg_train_loss=3.5017, avg_seen_mae=1.6938, avg_unseen_mae=1.7586]
    Epoch 774:  [avg_train_loss=3.5017, avg_seen_mae=1.6938, avg_unseen_mae=1.7586]
    Epoch 775:  [avg_train_loss=3.5017, avg_seen_mae=1.6938, avg_unseen_mae=1.7586]
    Epoch 776:  [avg_train_loss=3.5017, avg_seen_mae=1.6938, avg_unseen_mae=1.7586]
    Epoch 777:  [avg_train_loss=3.5017, avg_seen_mae=1.6938, avg_unseen_mae=1.7586]
    Epoch 778:  [avg_train_loss=3.5017, avg_seen_mae=1.6938, avg_unseen_mae=1.7586]
    Epoch 779:  [avg_train_loss=3.5017, avg_seen_mae=1.6938, avg_unseen_mae=1.7586]
    Epoch 780:  [avg_train_loss=3.5017, avg_seen_mae=1.6938, avg_unseen_mae=1.7586]
    Epoch 781:  [avg_train_loss=3.5017, avg_seen_mae=1.6938, avg_unseen_mae=1.7586]
    Epoch 782:  [avg_train_loss=3.5017, avg_seen_mae=1.6938, avg_unseen_mae=1.7586]
    Epoch 783:  [avg_train_loss=3.5017, avg_seen_mae=1.6938, avg_unseen_mae=1.7586]
    Epoch 784:  [avg_train_loss=3.5017, avg_seen_mae=1.6938, avg_unseen_mae=1.7586]
    Epoch 785:  [avg_train_loss=3.5017, avg_seen_mae=1.6938, avg_unseen_mae=1.7586]
    Epoch 786:  [avg_train_loss=3.5017, avg_seen_mae=1.6938, avg_unseen_mae=1.7586]
    Epoch 787:  [avg_train_loss=3.5017, avg_seen_mae=1.6938, avg_unseen_mae=1.7586]
    Epoch 788:  [avg_train_loss=3.5017, avg_seen_mae=1.6938, avg_unseen_mae=1.7586]
    Epoch 789:  [avg_train_loss=3.5017, avg_seen_mae=1.6938, avg_unseen_mae=1.7586]
    Epoch 790:  [avg_train_loss=3.5017, avg_seen_mae=1.6938, avg_unseen_mae=1.7586]
    Epoch 791:  [avg_train_loss=3.5017, avg_seen_mae=1.6938, avg_unseen_mae=1.7586]
    Epoch 792:  [avg_train_loss=3.5017, avg_seen_mae=1.6938, avg_unseen_mae=1.7586]
    Epoch 793:  [avg_train_loss=3.5017, avg_seen_mae=1.6938, avg_unseen_mae=1.7586]
    Epoch 794:  [avg_train_loss=3.5017, avg_seen_mae=1.6938, avg_unseen_mae=1.7586]
    Epoch 795:  [avg_train_loss=3.5017, avg_seen_mae=1.6938, avg_unseen_mae=1.7586]
    Epoch 796:  [avg_train_loss=3.5017, avg_seen_mae=1.6938, avg_unseen_mae=1.7586]
    Epoch 797:  [avg_train_loss=3.5017, avg_seen_mae=1.6938, avg_unseen_mae=1.7586]
    Epoch 798:  [avg_train_loss=3.5017, avg_seen_mae=1.6938, avg_unseen_mae=1.7586]
    Epoch 799:  [avg_train_loss=3.5017, avg_seen_mae=1.6938, avg_unseen_mae=1.7586]
    Epoch 800:  [avg_train_loss=3.5017, avg_seen_mae=1.6938, avg_unseen_mae=1.7586]
    Epoch 801:  [avg_train_loss=3.5017, avg_seen_mae=1.6938, avg_unseen_mae=1.7586]
    Epoch 802:  [avg_train_loss=3.5017, avg_seen_mae=1.6938, avg_unseen_mae=1.7586]
    Epoch 803:  [avg_train_loss=3.5017, avg_seen_mae=1.6938, avg_unseen_mae=1.7586]
    Epoch 804:  [avg_train_loss=3.5017, avg_seen_mae=1.6938, avg_unseen_mae=1.7586]
    Epoch 805:  [avg_train_loss=3.5017, avg_seen_mae=1.6938, avg_unseen_mae=1.7586]
    Epoch 806:  [avg_train_loss=3.5017, avg_seen_mae=1.6938, avg_unseen_mae=1.7586]
    Epoch 807:  [avg_train_loss=3.5017, avg_seen_mae=1.6938, avg_unseen_mae=1.7586]
    Epoch 808:  [avg_train_loss=3.5017, avg_seen_mae=1.6938, avg_unseen_mae=1.7586]
    Epoch 809:  [avg_train_loss=3.5017, avg_seen_mae=1.6938, avg_unseen_mae=1.7586]
    Epoch 810:  [avg_train_loss=3.5017, avg_seen_mae=1.6938, avg_unseen_mae=1.7586]
    Epoch 811:  [avg_train_loss=3.5017, avg_seen_mae=1.6938, avg_unseen_mae=1.7586]
    Epoch 812:  [avg_train_loss=3.5017, avg_seen_mae=1.6938, avg_unseen_mae=1.7586]
    Epoch 813:  [avg_train_loss=3.5017, avg_seen_mae=1.6938, avg_unseen_mae=1.7586]
    Epoch 814:  [avg_train_loss=3.5017, avg_seen_mae=1.6938, avg_unseen_mae=1.7586]
    Epoch 815:  [avg_train_loss=3.5017, avg_seen_mae=1.6938, avg_unseen_mae=1.7586]
    Epoch 816:  [avg_train_loss=3.5017, avg_seen_mae=1.6938, avg_unseen_mae=1.7586]
    Epoch 817:  [avg_train_loss=3.5017, avg_seen_mae=1.6938, avg_unseen_mae=1.7586]
    Epoch 818:  [avg_train_loss=3.5017, avg_seen_mae=1.6938, avg_unseen_mae=1.7586]
    Epoch 819:  [avg_train_loss=3.5017, avg_seen_mae=1.6938, avg_unseen_mae=1.7586]
    Epoch 820:  [avg_train_loss=3.5017, avg_seen_mae=1.6938, avg_unseen_mae=1.7586]
    Epoch 821:  [avg_train_loss=3.5017, avg_seen_mae=1.6938, avg_unseen_mae=1.7586]
    Epoch 822:  [avg_train_loss=3.5017, avg_seen_mae=1.6938, avg_unseen_mae=1.7586]
    Epoch 823:  [avg_train_loss=3.5017, avg_seen_mae=1.6938, avg_unseen_mae=1.7586]
    Epoch 824:  [avg_train_loss=3.5017, avg_seen_mae=1.6938, avg_unseen_mae=1.7586]
    Epoch 825:  [avg_train_loss=3.5017, avg_seen_mae=1.6938, avg_unseen_mae=1.7586]
    Epoch 826:  [avg_train_loss=3.5017, avg_seen_mae=1.6938, avg_unseen_mae=1.7586]
    Epoch 827:  [avg_train_loss=3.5017, avg_seen_mae=1.6938, avg_unseen_mae=1.7586]
    Epoch 828:  [avg_train_loss=3.5017, avg_seen_mae=1.6938, avg_unseen_mae=1.7586]
    Epoch 829:  [avg_train_loss=3.5017, avg_seen_mae=1.6938, avg_unseen_mae=1.7586]
    Epoch 830:  [avg_train_loss=3.5017, avg_seen_mae=1.6938, avg_unseen_mae=1.7586]
    Epoch 831:  [avg_train_loss=3.5017, avg_seen_mae=1.6938, avg_unseen_mae=1.7586]
    Epoch 832:  [avg_train_loss=3.5017, avg_seen_mae=1.6938, avg_unseen_mae=1.7586]
    Epoch 833:  [avg_train_loss=3.5017, avg_seen_mae=1.6938, avg_unseen_mae=1.7586]
    Epoch 834:  [avg_train_loss=3.5017, avg_seen_mae=1.6938, avg_unseen_mae=1.7586]
    Epoch 835:  [avg_train_loss=3.5017, avg_seen_mae=1.6938, avg_unseen_mae=1.7586]
    Epoch 836:  [avg_train_loss=3.5017, avg_seen_mae=1.6938, avg_unseen_mae=1.7586]
    Epoch 837:  [avg_train_loss=3.5017, avg_seen_mae=1.6938, avg_unseen_mae=1.7586]
    Epoch 838:  [avg_train_loss=3.5017, avg_seen_mae=1.6938, avg_unseen_mae=1.7586]
    Epoch 839:  [avg_train_loss=3.5017, avg_seen_mae=1.6938, avg_unseen_mae=1.7586]
    Epoch 840:  [avg_train_loss=3.5017, avg_seen_mae=1.6938, avg_unseen_mae=1.7586]
    Epoch 841:  [avg_train_loss=3.5017, avg_seen_mae=1.6938, avg_unseen_mae=1.7586]
    Epoch 842:  [avg_train_loss=3.5017, avg_seen_mae=1.6938, avg_unseen_mae=1.7586]
    Epoch 843:  [avg_train_loss=3.5017, avg_seen_mae=1.6938, avg_unseen_mae=1.7586]
    Epoch 844:  [avg_train_loss=3.5017, avg_seen_mae=1.6938, avg_unseen_mae=1.7586]
    Epoch 845:  [avg_train_loss=3.5017, avg_seen_mae=1.6938, avg_unseen_mae=1.7586]
    Epoch 846:  [avg_train_loss=3.5017, avg_seen_mae=1.6938, avg_unseen_mae=1.7586]
    Epoch 847:  [avg_train_loss=3.5017, avg_seen_mae=1.6938, avg_unseen_mae=1.7586]
    Epoch 848:  [avg_train_loss=3.5017, avg_seen_mae=1.6938, avg_unseen_mae=1.7586]
    Epoch 849:  [avg_train_loss=3.5017, avg_seen_mae=1.6938, avg_unseen_mae=1.7586]
    Epoch 850:  [avg_train_loss=3.5017, avg_seen_mae=1.6938, avg_unseen_mae=1.7586]
    Epoch 851:  [avg_train_loss=3.5017, avg_seen_mae=1.6938, avg_unseen_mae=1.7586]
    Epoch 852:  [avg_train_loss=3.5017, avg_seen_mae=1.6938, avg_unseen_mae=1.7586]
    Epoch 853:  [avg_train_loss=3.5017, avg_seen_mae=1.6938, avg_unseen_mae=1.7586]
    Epoch 854:  [avg_train_loss=3.5017, avg_seen_mae=1.6938, avg_unseen_mae=1.7586]
    Epoch 855:  [avg_train_loss=3.5017, avg_seen_mae=1.6938, avg_unseen_mae=1.7586]
    Epoch 856:  [avg_train_loss=3.5017, avg_seen_mae=1.6938, avg_unseen_mae=1.7586]
    Epoch 857:  [avg_train_loss=3.5017, avg_seen_mae=1.6938, avg_unseen_mae=1.7586]
    Epoch 858:  [avg_train_loss=3.5017, avg_seen_mae=1.6938, avg_unseen_mae=1.7586]
    Epoch 859:  [avg_train_loss=3.5017, avg_seen_mae=1.6938, avg_unseen_mae=1.7586]
    Epoch 860:  [avg_train_loss=3.5017, avg_seen_mae=1.6938, avg_unseen_mae=1.7586]
    Epoch 861:  [avg_train_loss=3.5017, avg_seen_mae=1.6938, avg_unseen_mae=1.7586]
    Epoch 862:  [avg_train_loss=3.5017, avg_seen_mae=1.6938, avg_unseen_mae=1.7586]
    Epoch 863:  [avg_train_loss=3.5017, avg_seen_mae=1.6938, avg_unseen_mae=1.7586]
    Epoch 864:  [avg_train_loss=3.5017, avg_seen_mae=1.6938, avg_unseen_mae=1.7586]
    Epoch 865:  [avg_train_loss=3.5017, avg_seen_mae=1.6938, avg_unseen_mae=1.7586]
    Epoch 866:  [avg_train_loss=3.5017, avg_seen_mae=1.6938, avg_unseen_mae=1.7586]
    Epoch 867:  [avg_train_loss=3.5017, avg_seen_mae=1.6938, avg_unseen_mae=1.7586]
    Epoch 868:  [avg_train_loss=3.5017, avg_seen_mae=1.6938, avg_unseen_mae=1.7586]
    Epoch 869:  [avg_train_loss=3.5017, avg_seen_mae=1.6938, avg_unseen_mae=1.7586]
    Epoch 870:  [avg_train_loss=3.5017, avg_seen_mae=1.6938, avg_unseen_mae=1.7586]
    Epoch 871:  [avg_train_loss=3.5017, avg_seen_mae=1.6938, avg_unseen_mae=1.7586]
    Epoch 872:  [avg_train_loss=3.5017, avg_seen_mae=1.6938, avg_unseen_mae=1.7586]
    Epoch 873:  [avg_train_loss=3.5017, avg_seen_mae=1.6938, avg_unseen_mae=1.7586]
    Epoch 874:  [avg_train_loss=3.5017, avg_seen_mae=1.6938, avg_unseen_mae=1.7586]
    Epoch 875:  [avg_train_loss=3.5017, avg_seen_mae=1.6938, avg_unseen_mae=1.7586]
    Epoch 876:  [avg_train_loss=3.5017, avg_seen_mae=1.6938, avg_unseen_mae=1.7586]
    Epoch 877:  [avg_train_loss=3.5017, avg_seen_mae=1.6938, avg_unseen_mae=1.7586]
    Epoch 878:  [avg_train_loss=3.5017, avg_seen_mae=1.6938, avg_unseen_mae=1.7586]
    Epoch 879:  [avg_train_loss=3.5017, avg_seen_mae=1.6938, avg_unseen_mae=1.7586]
    Epoch 880:  [avg_train_loss=3.5017, avg_seen_mae=1.6938, avg_unseen_mae=1.7586]
    Epoch 881:  [avg_train_loss=3.5017, avg_seen_mae=1.6938, avg_unseen_mae=1.7586]
    Epoch 882:  [avg_train_loss=3.5017, avg_seen_mae=1.6938, avg_unseen_mae=1.7586]
    Epoch 883:  [avg_train_loss=3.5017, avg_seen_mae=1.6938, avg_unseen_mae=1.7586]
    Epoch 884:  [avg_train_loss=3.5017, avg_seen_mae=1.6938, avg_unseen_mae=1.7586]
    Epoch 885:  [avg_train_loss=3.5017, avg_seen_mae=1.6938, avg_unseen_mae=1.7586]
    Epoch 886:  [avg_train_loss=3.5017, avg_seen_mae=1.6938, avg_unseen_mae=1.7586]
    Epoch 887:  [avg_train_loss=3.5017, avg_seen_mae=1.6938, avg_unseen_mae=1.7586]
    Epoch 888:  [avg_train_loss=3.5017, avg_seen_mae=1.6938, avg_unseen_mae=1.7586]
    Epoch 889:  [avg_train_loss=3.5017, avg_seen_mae=1.6938, avg_unseen_mae=1.7586]
    Epoch 890:  [avg_train_loss=3.5017, avg_seen_mae=1.6938, avg_unseen_mae=1.7586]
    Epoch 891:  [avg_train_loss=3.5017, avg_seen_mae=1.6938, avg_unseen_mae=1.7586]
    Epoch 892:  [avg_train_loss=3.5017, avg_seen_mae=1.6938, avg_unseen_mae=1.7586]
    Epoch 893:  [avg_train_loss=3.5017, avg_seen_mae=1.6938, avg_unseen_mae=1.7586]
    Epoch 894:  [avg_train_loss=3.5017, avg_seen_mae=1.6938, avg_unseen_mae=1.7586]
    Epoch 895:  [avg_train_loss=3.5017, avg_seen_mae=1.6938, avg_unseen_mae=1.7586]
    Epoch 896:  [avg_train_loss=3.5017, avg_seen_mae=1.6938, avg_unseen_mae=1.7586]
    Epoch 897:  [avg_train_loss=3.5017, avg_seen_mae=1.6938, avg_unseen_mae=1.7586]
    Epoch 898:  [avg_train_loss=3.5017, avg_seen_mae=1.6938, avg_unseen_mae=1.7586]
    Epoch 899:  [avg_train_loss=3.5017, avg_seen_mae=1.6938, avg_unseen_mae=1.7586]
    Epoch 900:  [avg_train_loss=3.5017, avg_seen_mae=1.6938, avg_unseen_mae=1.7586]
    Epoch 901:  [avg_train_loss=3.5017, avg_seen_mae=1.6938, avg_unseen_mae=1.7586]
    Epoch 902:  [avg_train_loss=3.5017, avg_seen_mae=1.6938, avg_unseen_mae=1.7586]
    Epoch 903:  [avg_train_loss=3.5017, avg_seen_mae=1.6938, avg_unseen_mae=1.7586]
    Epoch 904:  [avg_train_loss=3.5017, avg_seen_mae=1.6938, avg_unseen_mae=1.7586]
    Epoch 905:  [avg_train_loss=3.5017, avg_seen_mae=1.6938, avg_unseen_mae=1.7586]
    Epoch 906:  [avg_train_loss=3.5017, avg_seen_mae=1.6938, avg_unseen_mae=1.7586]
    Epoch 907:  [avg_train_loss=3.5017, avg_seen_mae=1.6938, avg_unseen_mae=1.7586]
    Epoch 908:  [avg_train_loss=3.5017, avg_seen_mae=1.6938, avg_unseen_mae=1.7586]
    Epoch 909:  [avg_train_loss=3.5017, avg_seen_mae=1.6938, avg_unseen_mae=1.7586]
    Epoch 910:  [avg_train_loss=3.5017, avg_seen_mae=1.6938, avg_unseen_mae=1.7586]
    Epoch 911:  [avg_train_loss=3.5017, avg_seen_mae=1.6938, avg_unseen_mae=1.7586]
    Epoch 912:  [avg_train_loss=3.5017, avg_seen_mae=1.6938, avg_unseen_mae=1.7586]
    Epoch 913:  [avg_train_loss=3.5017, avg_seen_mae=1.6938, avg_unseen_mae=1.7586]
    Epoch 914:  [avg_train_loss=3.5017, avg_seen_mae=1.6938, avg_unseen_mae=1.7586]
    Epoch 915:  [avg_train_loss=3.5017, avg_seen_mae=1.6938, avg_unseen_mae=1.7586]
    Epoch 916:  [avg_train_loss=3.5017, avg_seen_mae=1.6938, avg_unseen_mae=1.7586]
    Epoch 917:  [avg_train_loss=3.5017, avg_seen_mae=1.6938, avg_unseen_mae=1.7586]
    Epoch 918:  [avg_train_loss=3.5017, avg_seen_mae=1.6938, avg_unseen_mae=1.7586]
    Epoch 919:  [avg_train_loss=3.5017, avg_seen_mae=1.6938, avg_unseen_mae=1.7586]
    Epoch 920:  [avg_train_loss=3.5017, avg_seen_mae=1.6938, avg_unseen_mae=1.7586]
    Epoch 921:  [avg_train_loss=3.5017, avg_seen_mae=1.6938, avg_unseen_mae=1.7586]
    Epoch 922:  [avg_train_loss=3.5017, avg_seen_mae=1.6938, avg_unseen_mae=1.7586]
    Epoch 923:  [avg_train_loss=3.5017, avg_seen_mae=1.6938, avg_unseen_mae=1.7586]
    Epoch 924:  [avg_train_loss=3.5017, avg_seen_mae=1.6938, avg_unseen_mae=1.7586]
    Epoch 925:  [avg_train_loss=3.5017, avg_seen_mae=1.6938, avg_unseen_mae=1.7586]
    Epoch 926:  [avg_train_loss=3.5017, avg_seen_mae=1.6938, avg_unseen_mae=1.7586]
    Epoch 927:  [avg_train_loss=3.5017, avg_seen_mae=1.6938, avg_unseen_mae=1.7586]
    Epoch 928:  [avg_train_loss=3.5017, avg_seen_mae=1.6938, avg_unseen_mae=1.7586]
    Epoch 929:  [avg_train_loss=3.5017, avg_seen_mae=1.6938, avg_unseen_mae=1.7586]
    Epoch 930:  [avg_train_loss=3.5017, avg_seen_mae=1.6938, avg_unseen_mae=1.7586]
    Epoch 931:  [avg_train_loss=3.5017, avg_seen_mae=1.6938, avg_unseen_mae=1.7586]
    Epoch 932:  [avg_train_loss=3.5017, avg_seen_mae=1.6938, avg_unseen_mae=1.7586]
    Epoch 933:  [avg_train_loss=3.5017, avg_seen_mae=1.6938, avg_unseen_mae=1.7586]
    Epoch 934:  [avg_train_loss=3.5017, avg_seen_mae=1.6938, avg_unseen_mae=1.7586]
    Epoch 935:  [avg_train_loss=3.5017, avg_seen_mae=1.6938, avg_unseen_mae=1.7586]
    Epoch 936:  [avg_train_loss=3.5017, avg_seen_mae=1.6938, avg_unseen_mae=1.7586]
    Epoch 937:  [avg_train_loss=3.5017, avg_seen_mae=1.6938, avg_unseen_mae=1.7586]
    Epoch 938:  [avg_train_loss=3.5017, avg_seen_mae=1.6938, avg_unseen_mae=1.7586]
    Epoch 939:  [avg_train_loss=3.5017, avg_seen_mae=1.6938, avg_unseen_mae=1.7586]
    Epoch 940:  [avg_train_loss=3.5017, avg_seen_mae=1.6938, avg_unseen_mae=1.7586]
    Epoch 941:  [avg_train_loss=3.5017, avg_seen_mae=1.6938, avg_unseen_mae=1.7586]
    Epoch 942:  [avg_train_loss=3.5017, avg_seen_mae=1.6938, avg_unseen_mae=1.7586]
    Epoch 943:  [avg_train_loss=3.5017, avg_seen_mae=1.6938, avg_unseen_mae=1.7586]
    Epoch 944:  [avg_train_loss=3.5017, avg_seen_mae=1.6938, avg_unseen_mae=1.7586]
    Epoch 945:  [avg_train_loss=3.5017, avg_seen_mae=1.6938, avg_unseen_mae=1.7586]
    Epoch 946:  [avg_train_loss=3.5017, avg_seen_mae=1.6938, avg_unseen_mae=1.7586]
    Epoch 947:  [avg_train_loss=3.5017, avg_seen_mae=1.6938, avg_unseen_mae=1.7586]
    Epoch 948:  [avg_train_loss=3.5017, avg_seen_mae=1.6938, avg_unseen_mae=1.7586]
    Epoch 949:  [avg_train_loss=3.5017, avg_seen_mae=1.6938, avg_unseen_mae=1.7586]
    Epoch 950:  [avg_train_loss=3.5017, avg_seen_mae=1.6938, avg_unseen_mae=1.7586]
    Epoch 951:  [avg_train_loss=3.5017, avg_seen_mae=1.6938, avg_unseen_mae=1.7586]
    Epoch 952:  [avg_train_loss=3.5017, avg_seen_mae=1.6938, avg_unseen_mae=1.7586]
    Epoch 953:  [avg_train_loss=3.5017, avg_seen_mae=1.6938, avg_unseen_mae=1.7586]
    Epoch 954:  [avg_train_loss=3.5017, avg_seen_mae=1.6938, avg_unseen_mae=1.7586]
    Epoch 955:  [avg_train_loss=3.5017, avg_seen_mae=1.6938, avg_unseen_mae=1.7586]
    Epoch 956:  [avg_train_loss=3.5017, avg_seen_mae=1.6938, avg_unseen_mae=1.7586]
    Epoch 957:  [avg_train_loss=3.5017, avg_seen_mae=1.6938, avg_unseen_mae=1.7586]
    Epoch 958:  [avg_train_loss=3.5017, avg_seen_mae=1.6938, avg_unseen_mae=1.7586]
    Epoch 959:  [avg_train_loss=3.5017, avg_seen_mae=1.6938, avg_unseen_mae=1.7586]
    Epoch 960:  [avg_train_loss=3.5017, avg_seen_mae=1.6938, avg_unseen_mae=1.7586]
    Epoch 961:  [avg_train_loss=3.5017, avg_seen_mae=1.6938, avg_unseen_mae=1.7586]
    Epoch 962:  [avg_train_loss=3.5017, avg_seen_mae=1.6938, avg_unseen_mae=1.7586]
    Epoch 963:  [avg_train_loss=3.5017, avg_seen_mae=1.6938, avg_unseen_mae=1.7586]
    Epoch 964:  [avg_train_loss=3.5017, avg_seen_mae=1.6938, avg_unseen_mae=1.7586]
    Epoch 965:  [avg_train_loss=3.5017, avg_seen_mae=1.6938, avg_unseen_mae=1.7586]
    Epoch 966:  [avg_train_loss=3.5017, avg_seen_mae=1.6938, avg_unseen_mae=1.7586]
    Epoch 967:  [avg_train_loss=3.5017, avg_seen_mae=1.6938, avg_unseen_mae=1.7586]
    Epoch 968:  [avg_train_loss=3.5017, avg_seen_mae=1.6938, avg_unseen_mae=1.7586]
    Epoch 969:  [avg_train_loss=3.5017, avg_seen_mae=1.6938, avg_unseen_mae=1.7586]
    Epoch 970:  [avg_train_loss=3.5017, avg_seen_mae=1.6938, avg_unseen_mae=1.7586]
    Epoch 971:  [avg_train_loss=3.5017, avg_seen_mae=1.6938, avg_unseen_mae=1.7586]
    Epoch 972:  [avg_train_loss=3.5017, avg_seen_mae=1.6938, avg_unseen_mae=1.7586]
    Epoch 973:  [avg_train_loss=3.5017, avg_seen_mae=1.6938, avg_unseen_mae=1.7586]
    Epoch 974:  [avg_train_loss=3.5017, avg_seen_mae=1.6938, avg_unseen_mae=1.7586]
    Epoch 975:  [avg_train_loss=3.5017, avg_seen_mae=1.6938, avg_unseen_mae=1.7586]
    Epoch 976:  [avg_train_loss=3.5017, avg_seen_mae=1.6938, avg_unseen_mae=1.7586]
    Epoch 977:  [avg_train_loss=3.5017, avg_seen_mae=1.6938, avg_unseen_mae=1.7586]
    Epoch 978:  [avg_train_loss=3.5017, avg_seen_mae=1.6938, avg_unseen_mae=1.7586]
    Epoch 979:  [avg_train_loss=3.5017, avg_seen_mae=1.6938, avg_unseen_mae=1.7586]
    Epoch 980:  [avg_train_loss=3.5017, avg_seen_mae=1.6938, avg_unseen_mae=1.7586]
    Epoch 981:  [avg_train_loss=3.5017, avg_seen_mae=1.6938, avg_unseen_mae=1.7586]
    Epoch 982:  [avg_train_loss=3.5017, avg_seen_mae=1.6938, avg_unseen_mae=1.7586]
    Epoch 983:  [avg_train_loss=3.5017, avg_seen_mae=1.6938, avg_unseen_mae=1.7586]
    Epoch 984:  [avg_train_loss=3.5017, avg_seen_mae=1.6938, avg_unseen_mae=1.7586]
    Epoch 985:  [avg_train_loss=3.5017, avg_seen_mae=1.6938, avg_unseen_mae=1.7586]
    Epoch 986:  [avg_train_loss=3.5017, avg_seen_mae=1.6938, avg_unseen_mae=1.7586]
    Epoch 987:  [avg_train_loss=3.5017, avg_seen_mae=1.6938, avg_unseen_mae=1.7586]
    Epoch 988:  [avg_train_loss=3.5017, avg_seen_mae=1.6938, avg_unseen_mae=1.7586]
    Epoch 989:  [avg_train_loss=3.5017, avg_seen_mae=1.6938, avg_unseen_mae=1.7586]
    Epoch 990:  [avg_train_loss=3.5017, avg_seen_mae=1.6938, avg_unseen_mae=1.7586]
    Epoch 991:  [avg_train_loss=3.5017, avg_seen_mae=1.6938, avg_unseen_mae=1.7586]
    Epoch 992:  [avg_train_loss=3.5017, avg_seen_mae=1.6938, avg_unseen_mae=1.7586]
    Epoch 993:  [avg_train_loss=3.5017, avg_seen_mae=1.6938, avg_unseen_mae=1.7586]
    Epoch 994:  [avg_train_loss=3.5017, avg_seen_mae=1.6938, avg_unseen_mae=1.7586]
    Epoch 995:  [avg_train_loss=3.5017, avg_seen_mae=1.6938, avg_unseen_mae=1.7586]
    Epoch 996:  [avg_train_loss=3.5017, avg_seen_mae=1.6938, avg_unseen_mae=1.7586]
    Epoch 997:  [avg_train_loss=3.5017, avg_seen_mae=1.6938, avg_unseen_mae=1.7586]
    Epoch 998:  [avg_train_loss=3.5017, avg_seen_mae=1.6938, avg_unseen_mae=1.7586]
    Epoch 999:  [avg_train_loss=3.5017, avg_seen_mae=1.6938, avg_unseen_mae=1.7586]
    Epoch 1000:  [avg_train_loss=3.5017, avg_seen_mae=1.6938, avg_unseen_mae=1.7586]
  [AGGREGATED_CURVES_END]


==================================================
  Experiment: Withholding m=5 stations
==================================================
  Running 10 iterations for m=5...

  --- Iteration 1/10 ---
  Unseen stations (5): ['0-20000-0-06240', '0-20000-0-06269', '0-20000-0-06270', '0-20000-0-06275', '0-20000-0-06344']
  [Time Est] ~20.5s/epoch. ETA for m=5: ~68.3 mins.
    Epoch   10/1000 | Loss: 3.5917 | Monitor MAE: 1.6975 | Patience: 2/10
    Epoch   20/1000 | Loss: 3.5523 | Monitor MAE: 1.6770 | Patience: 0/10
    Epoch   30/1000 | Loss: 3.5186 | Monitor MAE: 1.6551 | Patience: 1/10
    Epoch   40/1000 | Loss: 3.4982 | Monitor MAE: 1.6441 | Patience: 0/10
    Epoch   50/1000 | Loss: 3.4803 | Monitor MAE: 1.6403 | Patience: 0/10
    Epoch   60/1000 | Loss: 3.4609 | Monitor MAE: 1.6321 | Patience: 0/10
    Epoch   70/1000 | Loss: 3.4526 | Monitor MAE: 1.6291 | Patience: 7/10
    Epoch   80/1000 | Loss: 3.4388 | Monitor MAE: 1.6300 | Patience: 6/10
    Early stopping triggered after 83 epochs.
    Iter 1 Results -> Seen MAE: 1.6551 | Unseen MAE: 1.6264

  --- Iteration 2/10 ---
  Unseen stations (5): ['0-20000-0-06235', '0-20000-0-06275', '0-20000-0-06286', '0-20000-0-06320', '0-20000-0-06350']
    Epoch   10/1000 | Loss: 3.6009 | Monitor MAE: 1.7844 | Patience: 3/10
    Early stopping triggered after 16 epochs.
    Iter 2 Results -> Seen MAE: 1.7541 | Unseen MAE: 1.7792

  --- Iteration 3/10 ---
  Unseen stations (5): ['0-20000-0-06278', '0-20000-0-06283', '0-20000-0-06310', '0-20000-0-06375', '0-20000-0-06380']
    Epoch   10/1000 | Loss: 3.5382 | Monitor MAE: 1.8718 | Patience: 6/10
    Early stopping triggered after 13 epochs.
    Iter 3 Results -> Seen MAE: 1.7350 | Unseen MAE: 1.8639

  --- Iteration 4/10 ---
  Unseen stations (5): ['0-20000-0-06235', '0-20000-0-06269', '0-20000-0-06270', '0-20000-0-06278', '0-20000-0-06320']
    Epoch   10/1000 | Loss: 3.6363 | Monitor MAE: 1.7368 | Patience: 8/10
    Early stopping triggered after 11 epochs.
    Iter 4 Results -> Seen MAE: 1.8359 | Unseen MAE: 1.7071

  --- Iteration 5/10 ---
  Unseen stations (5): ['0-20000-0-06240', '0-20000-0-06275', '0-20000-0-06278', '0-20000-0-06290', '0-20000-0-06348']
    Epoch   10/1000 | Loss: 3.5380 | Monitor MAE: 1.7717 | Patience: 0/10
    Epoch   20/1000 | Loss: 3.4991 | Monitor MAE: 1.7492 | Patience: 2/10
    Epoch   30/1000 | Loss: 3.4795 | Monitor MAE: 1.7335 | Patience: 0/10
    Epoch   40/1000 | Loss: 3.4616 | Monitor MAE: 1.7225 | Patience: 0/10
    Epoch   50/1000 | Loss: 3.4413 | Monitor MAE: 1.7228 | Patience: 1/10
    Epoch   60/1000 | Loss: 3.4290 | Monitor MAE: 1.7119 | Patience: 0/10
    Epoch   70/1000 | Loss: 3.4196 | Monitor MAE: 1.7048 | Patience: 1/10
    Epoch   80/1000 | Loss: 3.4061 | Monitor MAE: 1.7032 | Patience: 1/10
    Epoch   90/1000 | Loss: 3.4008 | Monitor MAE: 1.6929 | Patience: 1/10
    Epoch  100/1000 | Loss: 3.3924 | Monitor MAE: 1.6804 | Patience: 3/10
    Epoch  110/1000 | Loss: 3.3799 | Monitor MAE: 1.6775 | Patience: 0/10
    Epoch  120/1000 | Loss: 3.3740 | Monitor MAE: 1.6709 | Patience: 5/10
    Epoch  130/1000 | Loss: 3.3681 | Monitor MAE: 1.6684 | Patience: 5/10
    Epoch  140/1000 | Loss: 3.3626 | Monitor MAE: 1.6588 | Patience: 0/10
    Epoch  150/1000 | Loss: 3.3590 | Monitor MAE: 1.6555 | Patience: 0/10
    Epoch  160/1000 | Loss: 3.3503 | Monitor MAE: 1.6533 | Patience: 6/10
    Epoch  170/1000 | Loss: 3.3434 | Monitor MAE: 1.6444 | Patience: 0/10
    Epoch  180/1000 | Loss: 3.3386 | Monitor MAE: 1.6446 | Patience: 5/10
    Epoch  190/1000 | Loss: 3.3351 | Monitor MAE: 1.6362 | Patience: 5/10
    Epoch  200/1000 | Loss: 3.3321 | Monitor MAE: 1.6365 | Patience: 6/10
    Early stopping triggered after 203 epochs.
    Iter 5 Results -> Seen MAE: 1.5923 | Unseen MAE: 1.6302

  --- Iteration 6/10 ---
  Unseen stations (5): ['0-20000-0-06275', '0-20000-0-06286', '0-20000-0-06344', '0-20000-0-06350', '0-20000-0-06380']
    Epoch   10/1000 | Loss: 3.5237 | Monitor MAE: 1.8752 | Patience: 2/10
    Epoch   20/1000 | Loss: 3.4864 | Monitor MAE: 1.8520 | Patience: 2/10
    Epoch   30/1000 | Loss: 3.4586 | Monitor MAE: 1.8491 | Patience: 0/10
    Epoch   40/1000 | Loss: 3.4414 | Monitor MAE: 1.8425 | Patience: 0/10
    Epoch   50/1000 | Loss: 3.4233 | Monitor MAE: 1.8221 | Patience: 0/10
    Epoch   60/1000 | Loss: 3.4120 | Monitor MAE: 1.8294 | Patience: 0/10
    Early stopping triggered after 69 epochs.
    Iter 6 Results -> Seen MAE: 1.6355 | Unseen MAE: 1.8128

  --- Iteration 7/10 ---
  Unseen stations (5): ['0-20000-0-06235', '0-20000-0-06280', '0-20000-0-06286', '0-20000-0-06320', '0-20000-0-06356']
    Epoch   10/1000 | Loss: 3.6089 | Monitor MAE: 1.7634 | Patience: 5/10
    Early stopping triggered after 14 epochs.
    Iter 7 Results -> Seen MAE: 1.7759 | Unseen MAE: 1.7384

  --- Iteration 8/10 ---
  Unseen stations (5): ['0-20000-0-06240', '0-20000-0-06273', '0-20000-0-06278', '0-20000-0-06280', '0-20000-0-06310']
    Epoch   10/1000 | Loss: 3.6051 | Monitor MAE: 1.7185 | Patience: 0/10
    Epoch   20/1000 | Loss: 3.5622 | Monitor MAE: 1.6955 | Patience: 0/10
    Epoch   30/1000 | Loss: 3.5372 | Monitor MAE: 1.6858 | Patience: 5/10
    Epoch   40/1000 | Loss: 3.5159 | Monitor MAE: 1.6941 | Patience: 8/10
    Early stopping triggered after 41 epochs.
    Iter 8 Results -> Seen MAE: 1.7030 | Unseen MAE: 1.6850

  --- Iteration 9/10 ---
  Unseen stations (5): ['0-20000-0-06260', '0-20000-0-06269', '0-20000-0-06290', '0-20000-0-06320', '0-20000-0-06350']
    Epoch   10/1000 | Loss: 3.5753 | Monitor MAE: 1.7986 | Patience: 0/10
    Epoch   20/1000 | Loss: 3.5399 | Monitor MAE: 1.7834 | Patience: 3/10
    Epoch   30/1000 | Loss: 3.5187 | Monitor MAE: 1.7898 | Patience: 7/10
    Epoch   40/1000 | Loss: 3.5053 | Monitor MAE: 1.7763 | Patience: 7/10
    Epoch   50/1000 | Loss: 3.4885 | Monitor MAE: 1.7648 | Patience: 1/10
    Epoch   60/1000 | Loss: 3.4765 | Monitor MAE: 1.7463 | Patience: 4/10
    Early stopping triggered after 65 epochs.
    Iter 9 Results -> Seen MAE: 1.6818 | Unseen MAE: 1.7438

  --- Iteration 10/10 ---
  Unseen stations (5): ['0-20000-0-06260', '0-20000-0-06269', '0-20000-0-06270', '0-20000-0-06273', '0-20000-0-06380']
    Epoch   10/1000 | Loss: 3.5633 | Monitor MAE: 1.7421 | Patience: 0/10
    Epoch   20/1000 | Loss: 3.5370 | Monitor MAE: 1.7248 | Patience: 1/10
    Epoch   30/1000 | Loss: 3.5101 | Monitor MAE: 1.7127 | Patience: 3/10
    Epoch   40/1000 | Loss: 3.4893 | Monitor MAE: 1.6980 | Patience: 0/10
    Epoch   50/1000 | Loss: 3.4802 | Monitor MAE: 1.6901 | Patience: 2/10
    Epoch   60/1000 | Loss: 3.4657 | Monitor MAE: 1.6883 | Patience: 0/10
    Epoch   70/1000 | Loss: 3.4533 | Monitor MAE: 1.6760 | Patience: 8/10
    Epoch   80/1000 | Loss: 3.4417 | Monitor MAE: 1.6876 | Patience: 4/10
    Early stopping triggered after 85 epochs.
    Iter 10 Results -> Seen MAE: 1.6516 | Unseen MAE: 1.6737

  ========================================
  AGGREGATED RESULTS (Across all iterations)
  SEEN   mean MAE Tmax: 1.7020
  UNSEEN mean MAE Tmax: 1.7260 ± 0.0733
  Degradation: 0.0240 °C
  ========================================

  [AGGREGATED_CURVES_START]
    Epoch 1:  [avg_train_loss=3.7687, avg_seen_mae=1.8151, avg_unseen_mae=1.8118]
    Epoch 2:  [avg_train_loss=3.6756, avg_seen_mae=1.7832, avg_unseen_mae=1.7928]
    Epoch 3:  [avg_train_loss=3.6448, avg_seen_mae=1.7709, avg_unseen_mae=1.7846]
    Epoch 4:  [avg_train_loss=3.6272, avg_seen_mae=1.7625, avg_unseen_mae=1.7776]
    Epoch 5:  [avg_train_loss=3.6138, avg_seen_mae=1.7587, avg_unseen_mae=1.7779]
    Epoch 6:  [avg_train_loss=3.6061, avg_seen_mae=1.7549, avg_unseen_mae=1.7778]
    Epoch 7:  [avg_train_loss=3.5968, avg_seen_mae=1.7505, avg_unseen_mae=1.7760]
    Epoch 8:  [avg_train_loss=3.5905, avg_seen_mae=1.7467, avg_unseen_mae=1.7771]
    Epoch 9:  [avg_train_loss=3.5839, avg_seen_mae=1.7424, avg_unseen_mae=1.7756]
    Epoch 10:  [avg_train_loss=3.5781, avg_seen_mae=1.7396, avg_unseen_mae=1.7760]
    Epoch 11:  [avg_train_loss=3.5738, avg_seen_mae=1.7364, avg_unseen_mae=1.7750]
    Epoch 12:  [avg_train_loss=3.5699, avg_seen_mae=1.7332, avg_unseen_mae=1.7724]
    Epoch 13:  [avg_train_loss=3.5653, avg_seen_mae=1.7302, avg_unseen_mae=1.7740]
    Epoch 14:  [avg_train_loss=3.5627, avg_seen_mae=1.7293, avg_unseen_mae=1.7716]
    Epoch 15:  [avg_train_loss=3.5604, avg_seen_mae=1.7274, avg_unseen_mae=1.7703]
    Epoch 16:  [avg_train_loss=3.5581, avg_seen_mae=1.7262, avg_unseen_mae=1.7679]
    Epoch 17:  [avg_train_loss=3.5560, avg_seen_mae=1.7254, avg_unseen_mae=1.7672]
    Epoch 18:  [avg_train_loss=3.5538, avg_seen_mae=1.7237, avg_unseen_mae=1.7670]
    Epoch 19:  [avg_train_loss=3.5523, avg_seen_mae=1.7223, avg_unseen_mae=1.7653]
    Epoch 20:  [avg_train_loss=3.5503, avg_seen_mae=1.7213, avg_unseen_mae=1.7640]
    Epoch 21:  [avg_train_loss=3.5494, avg_seen_mae=1.7205, avg_unseen_mae=1.7648]
    Epoch 22:  [avg_train_loss=3.5482, avg_seen_mae=1.7196, avg_unseen_mae=1.7624]
    Epoch 23:  [avg_train_loss=3.5458, avg_seen_mae=1.7175, avg_unseen_mae=1.7610]
    Epoch 24:  [avg_train_loss=3.5444, avg_seen_mae=1.7164, avg_unseen_mae=1.7593]
    Epoch 25:  [avg_train_loss=3.5421, avg_seen_mae=1.7163, avg_unseen_mae=1.7610]
    Epoch 26:  [avg_train_loss=3.5410, avg_seen_mae=1.7147, avg_unseen_mae=1.7586]
    Epoch 27:  [avg_train_loss=3.5394, avg_seen_mae=1.7134, avg_unseen_mae=1.7609]
    Epoch 28:  [avg_train_loss=3.5385, avg_seen_mae=1.7125, avg_unseen_mae=1.7588]
    Epoch 29:  [avg_train_loss=3.5363, avg_seen_mae=1.7124, avg_unseen_mae=1.7585]
    Epoch 30:  [avg_train_loss=3.5349, avg_seen_mae=1.7108, avg_unseen_mae=1.7584]
    Epoch 31:  [avg_train_loss=3.5341, avg_seen_mae=1.7097, avg_unseen_mae=1.7556]
    Epoch 32:  [avg_train_loss=3.5322, avg_seen_mae=1.7093, avg_unseen_mae=1.7556]
    Epoch 33:  [avg_train_loss=3.5318, avg_seen_mae=1.7077, avg_unseen_mae=1.7549]
    Epoch 34:  [avg_train_loss=3.5294, avg_seen_mae=1.7074, avg_unseen_mae=1.7552]
    Epoch 35:  [avg_train_loss=3.5280, avg_seen_mae=1.7067, avg_unseen_mae=1.7551]
    Epoch 36:  [avg_train_loss=3.5277, avg_seen_mae=1.7066, avg_unseen_mae=1.7538]
    Epoch 37:  [avg_train_loss=3.5268, avg_seen_mae=1.7050, avg_unseen_mae=1.7529]
    Epoch 38:  [avg_train_loss=3.5251, avg_seen_mae=1.7053, avg_unseen_mae=1.7534]
    Epoch 39:  [avg_train_loss=3.5242, avg_seen_mae=1.7044, avg_unseen_mae=1.7529]
    Epoch 40:  [avg_train_loss=3.5238, avg_seen_mae=1.7044, avg_unseen_mae=1.7536]
    Epoch 41:  [avg_train_loss=3.5218, avg_seen_mae=1.7038, avg_unseen_mae=1.7517]
    Epoch 42:  [avg_train_loss=3.5219, avg_seen_mae=1.7040, avg_unseen_mae=1.7512]
    Epoch 43:  [avg_train_loss=3.5209, avg_seen_mae=1.7034, avg_unseen_mae=1.7507]
    Epoch 44:  [avg_train_loss=3.5206, avg_seen_mae=1.7021, avg_unseen_mae=1.7509]
    Epoch 45:  [avg_train_loss=3.5183, avg_seen_mae=1.7026, avg_unseen_mae=1.7509]
    Epoch 46:  [avg_train_loss=3.5177, avg_seen_mae=1.7018, avg_unseen_mae=1.7510]
    Epoch 47:  [avg_train_loss=3.5179, avg_seen_mae=1.7012, avg_unseen_mae=1.7483]
    Epoch 48:  [avg_train_loss=3.5173, avg_seen_mae=1.7000, avg_unseen_mae=1.7482]
    Epoch 49:  [avg_train_loss=3.5151, avg_seen_mae=1.7009, avg_unseen_mae=1.7484]
    Epoch 50:  [avg_train_loss=3.5154, avg_seen_mae=1.6997, avg_unseen_mae=1.7490]
    Epoch 51:  [avg_train_loss=3.5143, avg_seen_mae=1.6999, avg_unseen_mae=1.7473]
    Epoch 52:  [avg_train_loss=3.5137, avg_seen_mae=1.7002, avg_unseen_mae=1.7486]
    Epoch 53:  [avg_train_loss=3.5131, avg_seen_mae=1.6983, avg_unseen_mae=1.7481]
    Epoch 54:  [avg_train_loss=3.5128, avg_seen_mae=1.6992, avg_unseen_mae=1.7468]
    Epoch 55:  [avg_train_loss=3.5122, avg_seen_mae=1.6979, avg_unseen_mae=1.7449]
    Epoch 56:  [avg_train_loss=3.5112, avg_seen_mae=1.6981, avg_unseen_mae=1.7472]
    Epoch 57:  [avg_train_loss=3.5104, avg_seen_mae=1.6975, avg_unseen_mae=1.7466]
    Epoch 58:  [avg_train_loss=3.5099, avg_seen_mae=1.6963, avg_unseen_mae=1.7457]
    Epoch 59:  [avg_train_loss=3.5097, avg_seen_mae=1.6959, avg_unseen_mae=1.7452]
    Epoch 60:  [avg_train_loss=3.5084, avg_seen_mae=1.6950, avg_unseen_mae=1.7458]
    Epoch 61:  [avg_train_loss=3.5086, avg_seen_mae=1.6947, avg_unseen_mae=1.7449]
    Epoch 62:  [avg_train_loss=3.5068, avg_seen_mae=1.6957, avg_unseen_mae=1.7462]
    Epoch 63:  [avg_train_loss=3.5077, avg_seen_mae=1.6941, avg_unseen_mae=1.7465]
    Epoch 64:  [avg_train_loss=3.5068, avg_seen_mae=1.6949, avg_unseen_mae=1.7468]
    Epoch 65:  [avg_train_loss=3.5052, avg_seen_mae=1.6939, avg_unseen_mae=1.7449]
    Epoch 66:  [avg_train_loss=3.5052, avg_seen_mae=1.6932, avg_unseen_mae=1.7454]
    Epoch 67:  [avg_train_loss=3.5046, avg_seen_mae=1.6937, avg_unseen_mae=1.7455]
    Epoch 68:  [avg_train_loss=3.5049, avg_seen_mae=1.6933, avg_unseen_mae=1.7453]
    Epoch 69:  [avg_train_loss=3.5040, avg_seen_mae=1.6930, avg_unseen_mae=1.7471]
    Epoch 70:  [avg_train_loss=3.5037, avg_seen_mae=1.6920, avg_unseen_mae=1.7458]
    Epoch 71:  [avg_train_loss=3.5034, avg_seen_mae=1.6920, avg_unseen_mae=1.7469]
    Epoch 72:  [avg_train_loss=3.5022, avg_seen_mae=1.6923, avg_unseen_mae=1.7470]
    Epoch 73:  [avg_train_loss=3.5024, avg_seen_mae=1.6912, avg_unseen_mae=1.7460]
    Epoch 74:  [avg_train_loss=3.5024, avg_seen_mae=1.6915, avg_unseen_mae=1.7461]
    Epoch 75:  [avg_train_loss=3.5015, avg_seen_mae=1.6914, avg_unseen_mae=1.7453]
    Epoch 76:  [avg_train_loss=3.5016, avg_seen_mae=1.6916, avg_unseen_mae=1.7463]
    Epoch 77:  [avg_train_loss=3.5009, avg_seen_mae=1.6910, avg_unseen_mae=1.7460]
    Epoch 78:  [avg_train_loss=3.5002, avg_seen_mae=1.6901, avg_unseen_mae=1.7455]
    Epoch 79:  [avg_train_loss=3.4996, avg_seen_mae=1.6904, avg_unseen_mae=1.7454]
    Epoch 80:  [avg_train_loss=3.4998, avg_seen_mae=1.6907, avg_unseen_mae=1.7469]
    Epoch 81:  [avg_train_loss=3.4998, avg_seen_mae=1.6909, avg_unseen_mae=1.7462]
    Epoch 82:  [avg_train_loss=3.4996, avg_seen_mae=1.6904, avg_unseen_mae=1.7460]
    Epoch 83:  [avg_train_loss=3.4991, avg_seen_mae=1.6901, avg_unseen_mae=1.7470]
    Epoch 84:  [avg_train_loss=3.4986, avg_seen_mae=1.6896, avg_unseen_mae=1.7458]
    Epoch 85:  [avg_train_loss=3.4984, avg_seen_mae=1.6893, avg_unseen_mae=1.7453]
    Epoch 86:  [avg_train_loss=3.4984, avg_seen_mae=1.6889, avg_unseen_mae=1.7451]
    Epoch 87:  [avg_train_loss=3.4982, avg_seen_mae=1.6890, avg_unseen_mae=1.7449]
    Epoch 88:  [avg_train_loss=3.4977, avg_seen_mae=1.6888, avg_unseen_mae=1.7448]
    Epoch 89:  [avg_train_loss=3.4981, avg_seen_mae=1.6892, avg_unseen_mae=1.7454]
    Epoch 90:  [avg_train_loss=3.4984, avg_seen_mae=1.6893, avg_unseen_mae=1.7451]
    Epoch 91:  [avg_train_loss=3.4979, avg_seen_mae=1.6886, avg_unseen_mae=1.7447]
    Epoch 92:  [avg_train_loss=3.4976, avg_seen_mae=1.6889, avg_unseen_mae=1.7449]
    Epoch 93:  [avg_train_loss=3.4977, avg_seen_mae=1.6889, avg_unseen_mae=1.7450]
    Epoch 94:  [avg_train_loss=3.4979, avg_seen_mae=1.6886, avg_unseen_mae=1.7445]
    Epoch 95:  [avg_train_loss=3.4976, avg_seen_mae=1.6884, avg_unseen_mae=1.7444]
    Epoch 96:  [avg_train_loss=3.4972, avg_seen_mae=1.6882, avg_unseen_mae=1.7441]
    Epoch 97:  [avg_train_loss=3.4975, avg_seen_mae=1.6880, avg_unseen_mae=1.7441]
    Epoch 98:  [avg_train_loss=3.4976, avg_seen_mae=1.6883, avg_unseen_mae=1.7442]
    Epoch 99:  [avg_train_loss=3.4969, avg_seen_mae=1.6887, avg_unseen_mae=1.7448]
    Epoch 100:  [avg_train_loss=3.4975, avg_seen_mae=1.6882, avg_unseen_mae=1.7438]
    Epoch 101:  [avg_train_loss=3.4971, avg_seen_mae=1.6883, avg_unseen_mae=1.7440]
    Epoch 102:  [avg_train_loss=3.4963, avg_seen_mae=1.6882, avg_unseen_mae=1.7439]
    Epoch 103:  [avg_train_loss=3.4965, avg_seen_mae=1.6878, avg_unseen_mae=1.7433]
    Epoch 104:  [avg_train_loss=3.4970, avg_seen_mae=1.6882, avg_unseen_mae=1.7442]
    Epoch 105:  [avg_train_loss=3.4962, avg_seen_mae=1.6880, avg_unseen_mae=1.7435]
    Epoch 106:  [avg_train_loss=3.4969, avg_seen_mae=1.6878, avg_unseen_mae=1.7434]
    Epoch 107:  [avg_train_loss=3.4965, avg_seen_mae=1.6880, avg_unseen_mae=1.7435]
    Epoch 108:  [avg_train_loss=3.4966, avg_seen_mae=1.6878, avg_unseen_mae=1.7433]
    Epoch 109:  [avg_train_loss=3.4966, avg_seen_mae=1.6873, avg_unseen_mae=1.7429]
    Epoch 110:  [avg_train_loss=3.4963, avg_seen_mae=1.6880, avg_unseen_mae=1.7435]
    Epoch 111:  [avg_train_loss=3.4962, avg_seen_mae=1.6876, avg_unseen_mae=1.7433]
    Epoch 112:  [avg_train_loss=3.4960, avg_seen_mae=1.6876, avg_unseen_mae=1.7430]
    Epoch 113:  [avg_train_loss=3.4959, avg_seen_mae=1.6874, avg_unseen_mae=1.7434]
    Epoch 114:  [avg_train_loss=3.4964, avg_seen_mae=1.6868, avg_unseen_mae=1.7426]
    Epoch 115:  [avg_train_loss=3.4958, avg_seen_mae=1.6872, avg_unseen_mae=1.7432]
    Epoch 116:  [avg_train_loss=3.4958, avg_seen_mae=1.6876, avg_unseen_mae=1.7432]
    Epoch 117:  [avg_train_loss=3.4956, avg_seen_mae=1.6877, avg_unseen_mae=1.7437]
    Epoch 118:  [avg_train_loss=3.4957, avg_seen_mae=1.6875, avg_unseen_mae=1.7435]
    Epoch 119:  [avg_train_loss=3.4958, avg_seen_mae=1.6870, avg_unseen_mae=1.7431]
    Epoch 120:  [avg_train_loss=3.4957, avg_seen_mae=1.6875, avg_unseen_mae=1.7429]
    Epoch 121:  [avg_train_loss=3.4960, avg_seen_mae=1.6872, avg_unseen_mae=1.7430]
    Epoch 122:  [avg_train_loss=3.4953, avg_seen_mae=1.6868, avg_unseen_mae=1.7430]
    Epoch 123:  [avg_train_loss=3.4951, avg_seen_mae=1.6873, avg_unseen_mae=1.7434]
    Epoch 124:  [avg_train_loss=3.4956, avg_seen_mae=1.6866, avg_unseen_mae=1.7424]
    Epoch 125:  [avg_train_loss=3.4951, avg_seen_mae=1.6870, avg_unseen_mae=1.7426]
    Epoch 126:  [avg_train_loss=3.4950, avg_seen_mae=1.6866, avg_unseen_mae=1.7424]
    Epoch 127:  [avg_train_loss=3.4953, avg_seen_mae=1.6869, avg_unseen_mae=1.7428]
    Epoch 128:  [avg_train_loss=3.4952, avg_seen_mae=1.6869, avg_unseen_mae=1.7425]
    Epoch 129:  [avg_train_loss=3.4947, avg_seen_mae=1.6875, avg_unseen_mae=1.7428]
    Epoch 130:  [avg_train_loss=3.4951, avg_seen_mae=1.6869, avg_unseen_mae=1.7426]
    Epoch 131:  [avg_train_loss=3.4950, avg_seen_mae=1.6868, avg_unseen_mae=1.7426]
    Epoch 132:  [avg_train_loss=3.4948, avg_seen_mae=1.6869, avg_unseen_mae=1.7428]
    Epoch 133:  [avg_train_loss=3.4949, avg_seen_mae=1.6871, avg_unseen_mae=1.7430]
    Epoch 134:  [avg_train_loss=3.4948, avg_seen_mae=1.6866, avg_unseen_mae=1.7423]
    Epoch 135:  [avg_train_loss=3.4947, avg_seen_mae=1.6868, avg_unseen_mae=1.7419]
    Epoch 136:  [avg_train_loss=3.4945, avg_seen_mae=1.6872, avg_unseen_mae=1.7427]
    Epoch 137:  [avg_train_loss=3.4944, avg_seen_mae=1.6863, avg_unseen_mae=1.7419]
    Epoch 138:  [avg_train_loss=3.4946, avg_seen_mae=1.6861, avg_unseen_mae=1.7418]
    Epoch 139:  [avg_train_loss=3.4944, avg_seen_mae=1.6862, avg_unseen_mae=1.7416]
    Epoch 140:  [avg_train_loss=3.4946, avg_seen_mae=1.6863, avg_unseen_mae=1.7417]
    Epoch 141:  [avg_train_loss=3.4947, avg_seen_mae=1.6863, avg_unseen_mae=1.7417]
    Epoch 142:  [avg_train_loss=3.4937, avg_seen_mae=1.6862, avg_unseen_mae=1.7418]
    Epoch 143:  [avg_train_loss=3.4941, avg_seen_mae=1.6860, avg_unseen_mae=1.7416]
    Epoch 144:  [avg_train_loss=3.4945, avg_seen_mae=1.6864, avg_unseen_mae=1.7422]
    Epoch 145:  [avg_train_loss=3.4941, avg_seen_mae=1.6864, avg_unseen_mae=1.7419]
    Epoch 146:  [avg_train_loss=3.4943, avg_seen_mae=1.6862, avg_unseen_mae=1.7421]
    Epoch 147:  [avg_train_loss=3.4940, avg_seen_mae=1.6864, avg_unseen_mae=1.7418]
    Epoch 148:  [avg_train_loss=3.4939, avg_seen_mae=1.6859, avg_unseen_mae=1.7416]
    Epoch 149:  [avg_train_loss=3.4938, avg_seen_mae=1.6862, avg_unseen_mae=1.7416]
    Epoch 150:  [avg_train_loss=3.4942, avg_seen_mae=1.6858, avg_unseen_mae=1.7413]
    Epoch 151:  [avg_train_loss=3.4939, avg_seen_mae=1.6861, avg_unseen_mae=1.7420]
    Epoch 152:  [avg_train_loss=3.4938, avg_seen_mae=1.6859, avg_unseen_mae=1.7413]
    Epoch 153:  [avg_train_loss=3.4935, avg_seen_mae=1.6856, avg_unseen_mae=1.7411]
    Epoch 154:  [avg_train_loss=3.4940, avg_seen_mae=1.6860, avg_unseen_mae=1.7414]
    Epoch 155:  [avg_train_loss=3.4933, avg_seen_mae=1.6854, avg_unseen_mae=1.7413]
    Epoch 156:  [avg_train_loss=3.4932, avg_seen_mae=1.6860, avg_unseen_mae=1.7416]
    Epoch 157:  [avg_train_loss=3.4940, avg_seen_mae=1.6857, avg_unseen_mae=1.7413]
    Epoch 158:  [avg_train_loss=3.4932, avg_seen_mae=1.6861, avg_unseen_mae=1.7420]
    Epoch 159:  [avg_train_loss=3.4926, avg_seen_mae=1.6858, avg_unseen_mae=1.7414]
    Epoch 160:  [avg_train_loss=3.4933, avg_seen_mae=1.6855, avg_unseen_mae=1.7411]
    Epoch 161:  [avg_train_loss=3.4928, avg_seen_mae=1.6851, avg_unseen_mae=1.7407]
    Epoch 162:  [avg_train_loss=3.4932, avg_seen_mae=1.6853, avg_unseen_mae=1.7408]
    Epoch 163:  [avg_train_loss=3.4935, avg_seen_mae=1.6855, avg_unseen_mae=1.7409]
    Epoch 164:  [avg_train_loss=3.4937, avg_seen_mae=1.6853, avg_unseen_mae=1.7407]
    Epoch 165:  [avg_train_loss=3.4929, avg_seen_mae=1.6851, avg_unseen_mae=1.7406]
    Epoch 166:  [avg_train_loss=3.4933, avg_seen_mae=1.6852, avg_unseen_mae=1.7408]
    Epoch 167:  [avg_train_loss=3.4931, avg_seen_mae=1.6854, avg_unseen_mae=1.7414]
    Epoch 168:  [avg_train_loss=3.4928, avg_seen_mae=1.6851, avg_unseen_mae=1.7405]
    Epoch 169:  [avg_train_loss=3.4928, avg_seen_mae=1.6846, avg_unseen_mae=1.7404]
    Epoch 170:  [avg_train_loss=3.4926, avg_seen_mae=1.6846, avg_unseen_mae=1.7402]
    Epoch 171:  [avg_train_loss=3.4927, avg_seen_mae=1.6844, avg_unseen_mae=1.7399]
    Epoch 172:  [avg_train_loss=3.4927, avg_seen_mae=1.6844, avg_unseen_mae=1.7399]
    Epoch 173:  [avg_train_loss=3.4927, avg_seen_mae=1.6846, avg_unseen_mae=1.7402]
    Epoch 174:  [avg_train_loss=3.4923, avg_seen_mae=1.6841, avg_unseen_mae=1.7394]
    Epoch 175:  [avg_train_loss=3.4931, avg_seen_mae=1.6848, avg_unseen_mae=1.7403]
    Epoch 176:  [avg_train_loss=3.4928, avg_seen_mae=1.6848, avg_unseen_mae=1.7405]
    Epoch 177:  [avg_train_loss=3.4926, avg_seen_mae=1.6841, avg_unseen_mae=1.7397]
    Epoch 178:  [avg_train_loss=3.4920, avg_seen_mae=1.6847, avg_unseen_mae=1.7402]
    Epoch 179:  [avg_train_loss=3.4924, avg_seen_mae=1.6844, avg_unseen_mae=1.7398]
    Epoch 180:  [avg_train_loss=3.4922, avg_seen_mae=1.6847, avg_unseen_mae=1.7402]
    Epoch 181:  [avg_train_loss=3.4926, avg_seen_mae=1.6847, avg_unseen_mae=1.7404]
    Epoch 182:  [avg_train_loss=3.4926, avg_seen_mae=1.6844, avg_unseen_mae=1.7398]
    Epoch 183:  [avg_train_loss=3.4922, avg_seen_mae=1.6847, avg_unseen_mae=1.7405]
    Epoch 184:  [avg_train_loss=3.4918, avg_seen_mae=1.6837, avg_unseen_mae=1.7390]
    Epoch 185:  [avg_train_loss=3.4923, avg_seen_mae=1.6840, avg_unseen_mae=1.7395]
    Epoch 186:  [avg_train_loss=3.4922, avg_seen_mae=1.6841, avg_unseen_mae=1.7391]
    Epoch 187:  [avg_train_loss=3.4920, avg_seen_mae=1.6842, avg_unseen_mae=1.7399]
    Epoch 188:  [avg_train_loss=3.4921, avg_seen_mae=1.6843, avg_unseen_mae=1.7395]
    Epoch 189:  [avg_train_loss=3.4918, avg_seen_mae=1.6842, avg_unseen_mae=1.7397]
    Epoch 190:  [avg_train_loss=3.4918, avg_seen_mae=1.6840, avg_unseen_mae=1.7394]
    Epoch 191:  [avg_train_loss=3.4912, avg_seen_mae=1.6841, avg_unseen_mae=1.7393]
    Epoch 192:  [avg_train_loss=3.4916, avg_seen_mae=1.6843, avg_unseen_mae=1.7398]
    Epoch 193:  [avg_train_loss=3.4911, avg_seen_mae=1.6836, avg_unseen_mae=1.7388]
    Epoch 194:  [avg_train_loss=3.4918, avg_seen_mae=1.6835, avg_unseen_mae=1.7388]
    Epoch 195:  [avg_train_loss=3.4911, avg_seen_mae=1.6843, avg_unseen_mae=1.7398]
    Epoch 196:  [avg_train_loss=3.4920, avg_seen_mae=1.6843, avg_unseen_mae=1.7398]
    Epoch 197:  [avg_train_loss=3.4917, avg_seen_mae=1.6840, avg_unseen_mae=1.7389]
    Epoch 198:  [avg_train_loss=3.4915, avg_seen_mae=1.6838, avg_unseen_mae=1.7393]
    Epoch 199:  [avg_train_loss=3.4918, avg_seen_mae=1.6835, avg_unseen_mae=1.7391]
    Epoch 200:  [avg_train_loss=3.4915, avg_seen_mae=1.6842, avg_unseen_mae=1.7394]
    Epoch 201:  [avg_train_loss=3.4913, avg_seen_mae=1.6838, avg_unseen_mae=1.7392]
    Epoch 202:  [avg_train_loss=3.4915, avg_seen_mae=1.6840, avg_unseen_mae=1.7391]
    Epoch 203:  [avg_train_loss=3.4910, avg_seen_mae=1.6839, avg_unseen_mae=1.7389]
    Epoch 204:  [avg_train_loss=3.4910, avg_seen_mae=1.6839, avg_unseen_mae=1.7389]
    Epoch 205:  [avg_train_loss=3.4910, avg_seen_mae=1.6839, avg_unseen_mae=1.7389]
    Epoch 206:  [avg_train_loss=3.4910, avg_seen_mae=1.6839, avg_unseen_mae=1.7389]
    Epoch 207:  [avg_train_loss=3.4910, avg_seen_mae=1.6839, avg_unseen_mae=1.7389]
    Epoch 208:  [avg_train_loss=3.4910, avg_seen_mae=1.6839, avg_unseen_mae=1.7389]
    Epoch 209:  [avg_train_loss=3.4910, avg_seen_mae=1.6839, avg_unseen_mae=1.7389]
    Epoch 210:  [avg_train_loss=3.4910, avg_seen_mae=1.6839, avg_unseen_mae=1.7389]
    Epoch 211:  [avg_train_loss=3.4910, avg_seen_mae=1.6839, avg_unseen_mae=1.7389]
    Epoch 212:  [avg_train_loss=3.4910, avg_seen_mae=1.6839, avg_unseen_mae=1.7389]
    Epoch 213:  [avg_train_loss=3.4910, avg_seen_mae=1.6839, avg_unseen_mae=1.7389]
    Epoch 214:  [avg_train_loss=3.4910, avg_seen_mae=1.6839, avg_unseen_mae=1.7389]
    Epoch 215:  [avg_train_loss=3.4910, avg_seen_mae=1.6839, avg_unseen_mae=1.7389]
    Epoch 216:  [avg_train_loss=3.4910, avg_seen_mae=1.6839, avg_unseen_mae=1.7389]
    Epoch 217:  [avg_train_loss=3.4910, avg_seen_mae=1.6839, avg_unseen_mae=1.7389]
    Epoch 218:  [avg_train_loss=3.4910, avg_seen_mae=1.6839, avg_unseen_mae=1.7389]
    Epoch 219:  [avg_train_loss=3.4910, avg_seen_mae=1.6839, avg_unseen_mae=1.7389]
    Epoch 220:  [avg_train_loss=3.4910, avg_seen_mae=1.6839, avg_unseen_mae=1.7389]
    Epoch 221:  [avg_train_loss=3.4910, avg_seen_mae=1.6839, avg_unseen_mae=1.7389]
    Epoch 222:  [avg_train_loss=3.4910, avg_seen_mae=1.6839, avg_unseen_mae=1.7389]
    Epoch 223:  [avg_train_loss=3.4910, avg_seen_mae=1.6839, avg_unseen_mae=1.7389]
    Epoch 224:  [avg_train_loss=3.4910, avg_seen_mae=1.6839, avg_unseen_mae=1.7389]
    Epoch 225:  [avg_train_loss=3.4910, avg_seen_mae=1.6839, avg_unseen_mae=1.7389]
    Epoch 226:  [avg_train_loss=3.4910, avg_seen_mae=1.6839, avg_unseen_mae=1.7389]
    Epoch 227:  [avg_train_loss=3.4910, avg_seen_mae=1.6839, avg_unseen_mae=1.7389]
    Epoch 228:  [avg_train_loss=3.4910, avg_seen_mae=1.6839, avg_unseen_mae=1.7389]
    Epoch 229:  [avg_train_loss=3.4910, avg_seen_mae=1.6839, avg_unseen_mae=1.7389]
    Epoch 230:  [avg_train_loss=3.4910, avg_seen_mae=1.6839, avg_unseen_mae=1.7389]
    Epoch 231:  [avg_train_loss=3.4910, avg_seen_mae=1.6839, avg_unseen_mae=1.7389]
    Epoch 232:  [avg_train_loss=3.4910, avg_seen_mae=1.6839, avg_unseen_mae=1.7389]
    Epoch 233:  [avg_train_loss=3.4910, avg_seen_mae=1.6839, avg_unseen_mae=1.7389]
    Epoch 234:  [avg_train_loss=3.4910, avg_seen_mae=1.6839, avg_unseen_mae=1.7389]
    Epoch 235:  [avg_train_loss=3.4910, avg_seen_mae=1.6839, avg_unseen_mae=1.7389]
    Epoch 236:  [avg_train_loss=3.4910, avg_seen_mae=1.6839, avg_unseen_mae=1.7389]
    Epoch 237:  [avg_train_loss=3.4910, avg_seen_mae=1.6839, avg_unseen_mae=1.7389]
    Epoch 238:  [avg_train_loss=3.4910, avg_seen_mae=1.6839, avg_unseen_mae=1.7389]
    Epoch 239:  [avg_train_loss=3.4910, avg_seen_mae=1.6839, avg_unseen_mae=1.7389]
    Epoch 240:  [avg_train_loss=3.4910, avg_seen_mae=1.6839, avg_unseen_mae=1.7389]
    Epoch 241:  [avg_train_loss=3.4910, avg_seen_mae=1.6839, avg_unseen_mae=1.7389]
    Epoch 242:  [avg_train_loss=3.4910, avg_seen_mae=1.6839, avg_unseen_mae=1.7389]
    Epoch 243:  [avg_train_loss=3.4910, avg_seen_mae=1.6839, avg_unseen_mae=1.7389]
    Epoch 244:  [avg_train_loss=3.4910, avg_seen_mae=1.6839, avg_unseen_mae=1.7389]
    Epoch 245:  [avg_train_loss=3.4910, avg_seen_mae=1.6839, avg_unseen_mae=1.7389]
    Epoch 246:  [avg_train_loss=3.4910, avg_seen_mae=1.6839, avg_unseen_mae=1.7389]
    Epoch 247:  [avg_train_loss=3.4910, avg_seen_mae=1.6839, avg_unseen_mae=1.7389]
    Epoch 248:  [avg_train_loss=3.4910, avg_seen_mae=1.6839, avg_unseen_mae=1.7389]
    Epoch 249:  [avg_train_loss=3.4910, avg_seen_mae=1.6839, avg_unseen_mae=1.7389]
    Epoch 250:  [avg_train_loss=3.4910, avg_seen_mae=1.6839, avg_unseen_mae=1.7389]
    Epoch 251:  [avg_train_loss=3.4910, avg_seen_mae=1.6839, avg_unseen_mae=1.7389]
    Epoch 252:  [avg_train_loss=3.4910, avg_seen_mae=1.6839, avg_unseen_mae=1.7389]
    Epoch 253:  [avg_train_loss=3.4910, avg_seen_mae=1.6839, avg_unseen_mae=1.7389]
    Epoch 254:  [avg_train_loss=3.4910, avg_seen_mae=1.6839, avg_unseen_mae=1.7389]
    Epoch 255:  [avg_train_loss=3.4910, avg_seen_mae=1.6839, avg_unseen_mae=1.7389]
    Epoch 256:  [avg_train_loss=3.4910, avg_seen_mae=1.6839, avg_unseen_mae=1.7389]
    Epoch 257:  [avg_train_loss=3.4910, avg_seen_mae=1.6839, avg_unseen_mae=1.7389]
    Epoch 258:  [avg_train_loss=3.4910, avg_seen_mae=1.6839, avg_unseen_mae=1.7389]
    Epoch 259:  [avg_train_loss=3.4910, avg_seen_mae=1.6839, avg_unseen_mae=1.7389]
    Epoch 260:  [avg_train_loss=3.4910, avg_seen_mae=1.6839, avg_unseen_mae=1.7389]
    Epoch 261:  [avg_train_loss=3.4910, avg_seen_mae=1.6839, avg_unseen_mae=1.7389]
    Epoch 262:  [avg_train_loss=3.4910, avg_seen_mae=1.6839, avg_unseen_mae=1.7389]
    Epoch 263:  [avg_train_loss=3.4910, avg_seen_mae=1.6839, avg_unseen_mae=1.7389]
    Epoch 264:  [avg_train_loss=3.4910, avg_seen_mae=1.6839, avg_unseen_mae=1.7389]
    Epoch 265:  [avg_train_loss=3.4910, avg_seen_mae=1.6839, avg_unseen_mae=1.7389]
    Epoch 266:  [avg_train_loss=3.4910, avg_seen_mae=1.6839, avg_unseen_mae=1.7389]
    Epoch 267:  [avg_train_loss=3.4910, avg_seen_mae=1.6839, avg_unseen_mae=1.7389]
    Epoch 268:  [avg_train_loss=3.4910, avg_seen_mae=1.6839, avg_unseen_mae=1.7389]
    Epoch 269:  [avg_train_loss=3.4910, avg_seen_mae=1.6839, avg_unseen_mae=1.7389]
    Epoch 270:  [avg_train_loss=3.4910, avg_seen_mae=1.6839, avg_unseen_mae=1.7389]
    Epoch 271:  [avg_train_loss=3.4910, avg_seen_mae=1.6839, avg_unseen_mae=1.7389]
    Epoch 272:  [avg_train_loss=3.4910, avg_seen_mae=1.6839, avg_unseen_mae=1.7389]
    Epoch 273:  [avg_train_loss=3.4910, avg_seen_mae=1.6839, avg_unseen_mae=1.7389]
    Epoch 274:  [avg_train_loss=3.4910, avg_seen_mae=1.6839, avg_unseen_mae=1.7389]
    Epoch 275:  [avg_train_loss=3.4910, avg_seen_mae=1.6839, avg_unseen_mae=1.7389]
    Epoch 276:  [avg_train_loss=3.4910, avg_seen_mae=1.6839, avg_unseen_mae=1.7389]
    Epoch 277:  [avg_train_loss=3.4910, avg_seen_mae=1.6839, avg_unseen_mae=1.7389]
    Epoch 278:  [avg_train_loss=3.4910, avg_seen_mae=1.6839, avg_unseen_mae=1.7389]
    Epoch 279:  [avg_train_loss=3.4910, avg_seen_mae=1.6839, avg_unseen_mae=1.7389]
    Epoch 280:  [avg_train_loss=3.4910, avg_seen_mae=1.6839, avg_unseen_mae=1.7389]
    Epoch 281:  [avg_train_loss=3.4910, avg_seen_mae=1.6839, avg_unseen_mae=1.7389]
    Epoch 282:  [avg_train_loss=3.4910, avg_seen_mae=1.6839, avg_unseen_mae=1.7389]
    Epoch 283:  [avg_train_loss=3.4910, avg_seen_mae=1.6839, avg_unseen_mae=1.7389]
    Epoch 284:  [avg_train_loss=3.4910, avg_seen_mae=1.6839, avg_unseen_mae=1.7389]
    Epoch 285:  [avg_train_loss=3.4910, avg_seen_mae=1.6839, avg_unseen_mae=1.7389]
    Epoch 286:  [avg_train_loss=3.4910, avg_seen_mae=1.6839, avg_unseen_mae=1.7389]
    Epoch 287:  [avg_train_loss=3.4910, avg_seen_mae=1.6839, avg_unseen_mae=1.7389]
    Epoch 288:  [avg_train_loss=3.4910, avg_seen_mae=1.6839, avg_unseen_mae=1.7389]
    Epoch 289:  [avg_train_loss=3.4910, avg_seen_mae=1.6839, avg_unseen_mae=1.7389]
    Epoch 290:  [avg_train_loss=3.4910, avg_seen_mae=1.6839, avg_unseen_mae=1.7389]
    Epoch 291:  [avg_train_loss=3.4910, avg_seen_mae=1.6839, avg_unseen_mae=1.7389]
    Epoch 292:  [avg_train_loss=3.4910, avg_seen_mae=1.6839, avg_unseen_mae=1.7389]
    Epoch 293:  [avg_train_loss=3.4910, avg_seen_mae=1.6839, avg_unseen_mae=1.7389]
    Epoch 294:  [avg_train_loss=3.4910, avg_seen_mae=1.6839, avg_unseen_mae=1.7389]
    Epoch 295:  [avg_train_loss=3.4910, avg_seen_mae=1.6839, avg_unseen_mae=1.7389]
    Epoch 296:  [avg_train_loss=3.4910, avg_seen_mae=1.6839, avg_unseen_mae=1.7389]
    Epoch 297:  [avg_train_loss=3.4910, avg_seen_mae=1.6839, avg_unseen_mae=1.7389]
    Epoch 298:  [avg_train_loss=3.4910, avg_seen_mae=1.6839, avg_unseen_mae=1.7389]
    Epoch 299:  [avg_train_loss=3.4910, avg_seen_mae=1.6839, avg_unseen_mae=1.7389]
    Epoch 300:  [avg_train_loss=3.4910, avg_seen_mae=1.6839, avg_unseen_mae=1.7389]
    Epoch 301:  [avg_train_loss=3.4910, avg_seen_mae=1.6839, avg_unseen_mae=1.7389]
    Epoch 302:  [avg_train_loss=3.4910, avg_seen_mae=1.6839, avg_unseen_mae=1.7389]
    Epoch 303:  [avg_train_loss=3.4910, avg_seen_mae=1.6839, avg_unseen_mae=1.7389]
    Epoch 304:  [avg_train_loss=3.4910, avg_seen_mae=1.6839, avg_unseen_mae=1.7389]
    Epoch 305:  [avg_train_loss=3.4910, avg_seen_mae=1.6839, avg_unseen_mae=1.7389]
    Epoch 306:  [avg_train_loss=3.4910, avg_seen_mae=1.6839, avg_unseen_mae=1.7389]
    Epoch 307:  [avg_train_loss=3.4910, avg_seen_mae=1.6839, avg_unseen_mae=1.7389]
    Epoch 308:  [avg_train_loss=3.4910, avg_seen_mae=1.6839, avg_unseen_mae=1.7389]
    Epoch 309:  [avg_train_loss=3.4910, avg_seen_mae=1.6839, avg_unseen_mae=1.7389]
    Epoch 310:  [avg_train_loss=3.4910, avg_seen_mae=1.6839, avg_unseen_mae=1.7389]
    Epoch 311:  [avg_train_loss=3.4910, avg_seen_mae=1.6839, avg_unseen_mae=1.7389]
    Epoch 312:  [avg_train_loss=3.4910, avg_seen_mae=1.6839, avg_unseen_mae=1.7389]
    Epoch 313:  [avg_train_loss=3.4910, avg_seen_mae=1.6839, avg_unseen_mae=1.7389]
    Epoch 314:  [avg_train_loss=3.4910, avg_seen_mae=1.6839, avg_unseen_mae=1.7389]
    Epoch 315:  [avg_train_loss=3.4910, avg_seen_mae=1.6839, avg_unseen_mae=1.7389]
    Epoch 316:  [avg_train_loss=3.4910, avg_seen_mae=1.6839, avg_unseen_mae=1.7389]
    Epoch 317:  [avg_train_loss=3.4910, avg_seen_mae=1.6839, avg_unseen_mae=1.7389]
    Epoch 318:  [avg_train_loss=3.4910, avg_seen_mae=1.6839, avg_unseen_mae=1.7389]
    Epoch 319:  [avg_train_loss=3.4910, avg_seen_mae=1.6839, avg_unseen_mae=1.7389]
    Epoch 320:  [avg_train_loss=3.4910, avg_seen_mae=1.6839, avg_unseen_mae=1.7389]
    Epoch 321:  [avg_train_loss=3.4910, avg_seen_mae=1.6839, avg_unseen_mae=1.7389]
    Epoch 322:  [avg_train_loss=3.4910, avg_seen_mae=1.6839, avg_unseen_mae=1.7389]
    Epoch 323:  [avg_train_loss=3.4910, avg_seen_mae=1.6839, avg_unseen_mae=1.7389]
    Epoch 324:  [avg_train_loss=3.4910, avg_seen_mae=1.6839, avg_unseen_mae=1.7389]
    Epoch 325:  [avg_train_loss=3.4910, avg_seen_mae=1.6839, avg_unseen_mae=1.7389]
    Epoch 326:  [avg_train_loss=3.4910, avg_seen_mae=1.6839, avg_unseen_mae=1.7389]
    Epoch 327:  [avg_train_loss=3.4910, avg_seen_mae=1.6839, avg_unseen_mae=1.7389]
    Epoch 328:  [avg_train_loss=3.4910, avg_seen_mae=1.6839, avg_unseen_mae=1.7389]
    Epoch 329:  [avg_train_loss=3.4910, avg_seen_mae=1.6839, avg_unseen_mae=1.7389]
    Epoch 330:  [avg_train_loss=3.4910, avg_seen_mae=1.6839, avg_unseen_mae=1.7389]
    Epoch 331:  [avg_train_loss=3.4910, avg_seen_mae=1.6839, avg_unseen_mae=1.7389]
    Epoch 332:  [avg_train_loss=3.4910, avg_seen_mae=1.6839, avg_unseen_mae=1.7389]
    Epoch 333:  [avg_train_loss=3.4910, avg_seen_mae=1.6839, avg_unseen_mae=1.7389]
    Epoch 334:  [avg_train_loss=3.4910, avg_seen_mae=1.6839, avg_unseen_mae=1.7389]
    Epoch 335:  [avg_train_loss=3.4910, avg_seen_mae=1.6839, avg_unseen_mae=1.7389]
    Epoch 336:  [avg_train_loss=3.4910, avg_seen_mae=1.6839, avg_unseen_mae=1.7389]
    Epoch 337:  [avg_train_loss=3.4910, avg_seen_mae=1.6839, avg_unseen_mae=1.7389]
    Epoch 338:  [avg_train_loss=3.4910, avg_seen_mae=1.6839, avg_unseen_mae=1.7389]
    Epoch 339:  [avg_train_loss=3.4910, avg_seen_mae=1.6839, avg_unseen_mae=1.7389]
    Epoch 340:  [avg_train_loss=3.4910, avg_seen_mae=1.6839, avg_unseen_mae=1.7389]
    Epoch 341:  [avg_train_loss=3.4910, avg_seen_mae=1.6839, avg_unseen_mae=1.7389]
    Epoch 342:  [avg_train_loss=3.4910, avg_seen_mae=1.6839, avg_unseen_mae=1.7389]
    Epoch 343:  [avg_train_loss=3.4910, avg_seen_mae=1.6839, avg_unseen_mae=1.7389]
    Epoch 344:  [avg_train_loss=3.4910, avg_seen_mae=1.6839, avg_unseen_mae=1.7389]
    Epoch 345:  [avg_train_loss=3.4910, avg_seen_mae=1.6839, avg_unseen_mae=1.7389]
    Epoch 346:  [avg_train_loss=3.4910, avg_seen_mae=1.6839, avg_unseen_mae=1.7389]
    Epoch 347:  [avg_train_loss=3.4910, avg_seen_mae=1.6839, avg_unseen_mae=1.7389]
    Epoch 348:  [avg_train_loss=3.4910, avg_seen_mae=1.6839, avg_unseen_mae=1.7389]
    Epoch 349:  [avg_train_loss=3.4910, avg_seen_mae=1.6839, avg_unseen_mae=1.7389]
    Epoch 350:  [avg_train_loss=3.4910, avg_seen_mae=1.6839, avg_unseen_mae=1.7389]
    Epoch 351:  [avg_train_loss=3.4910, avg_seen_mae=1.6839, avg_unseen_mae=1.7389]
    Epoch 352:  [avg_train_loss=3.4910, avg_seen_mae=1.6839, avg_unseen_mae=1.7389]
    Epoch 353:  [avg_train_loss=3.4910, avg_seen_mae=1.6839, avg_unseen_mae=1.7389]
    Epoch 354:  [avg_train_loss=3.4910, avg_seen_mae=1.6839, avg_unseen_mae=1.7389]
    Epoch 355:  [avg_train_loss=3.4910, avg_seen_mae=1.6839, avg_unseen_mae=1.7389]
    Epoch 356:  [avg_train_loss=3.4910, avg_seen_mae=1.6839, avg_unseen_mae=1.7389]
    Epoch 357:  [avg_train_loss=3.4910, avg_seen_mae=1.6839, avg_unseen_mae=1.7389]
    Epoch 358:  [avg_train_loss=3.4910, avg_seen_mae=1.6839, avg_unseen_mae=1.7389]
    Epoch 359:  [avg_train_loss=3.4910, avg_seen_mae=1.6839, avg_unseen_mae=1.7389]
    Epoch 360:  [avg_train_loss=3.4910, avg_seen_mae=1.6839, avg_unseen_mae=1.7389]
    Epoch 361:  [avg_train_loss=3.4910, avg_seen_mae=1.6839, avg_unseen_mae=1.7389]
    Epoch 362:  [avg_train_loss=3.4910, avg_seen_mae=1.6839, avg_unseen_mae=1.7389]
    Epoch 363:  [avg_train_loss=3.4910, avg_seen_mae=1.6839, avg_unseen_mae=1.7389]
    Epoch 364:  [avg_train_loss=3.4910, avg_seen_mae=1.6839, avg_unseen_mae=1.7389]
    Epoch 365:  [avg_train_loss=3.4910, avg_seen_mae=1.6839, avg_unseen_mae=1.7389]
    Epoch 366:  [avg_train_loss=3.4910, avg_seen_mae=1.6839, avg_unseen_mae=1.7389]
    Epoch 367:  [avg_train_loss=3.4910, avg_seen_mae=1.6839, avg_unseen_mae=1.7389]
    Epoch 368:  [avg_train_loss=3.4910, avg_seen_mae=1.6839, avg_unseen_mae=1.7389]
    Epoch 369:  [avg_train_loss=3.4910, avg_seen_mae=1.6839, avg_unseen_mae=1.7389]
    Epoch 370:  [avg_train_loss=3.4910, avg_seen_mae=1.6839, avg_unseen_mae=1.7389]
    Epoch 371:  [avg_train_loss=3.4910, avg_seen_mae=1.6839, avg_unseen_mae=1.7389]
    Epoch 372:  [avg_train_loss=3.4910, avg_seen_mae=1.6839, avg_unseen_mae=1.7389]
    Epoch 373:  [avg_train_loss=3.4910, avg_seen_mae=1.6839, avg_unseen_mae=1.7389]
    Epoch 374:  [avg_train_loss=3.4910, avg_seen_mae=1.6839, avg_unseen_mae=1.7389]
    Epoch 375:  [avg_train_loss=3.4910, avg_seen_mae=1.6839, avg_unseen_mae=1.7389]
    Epoch 376:  [avg_train_loss=3.4910, avg_seen_mae=1.6839, avg_unseen_mae=1.7389]
    Epoch 377:  [avg_train_loss=3.4910, avg_seen_mae=1.6839, avg_unseen_mae=1.7389]
    Epoch 378:  [avg_train_loss=3.4910, avg_seen_mae=1.6839, avg_unseen_mae=1.7389]
    Epoch 379:  [avg_train_loss=3.4910, avg_seen_mae=1.6839, avg_unseen_mae=1.7389]
    Epoch 380:  [avg_train_loss=3.4910, avg_seen_mae=1.6839, avg_unseen_mae=1.7389]
    Epoch 381:  [avg_train_loss=3.4910, avg_seen_mae=1.6839, avg_unseen_mae=1.7389]
    Epoch 382:  [avg_train_loss=3.4910, avg_seen_mae=1.6839, avg_unseen_mae=1.7389]
    Epoch 383:  [avg_train_loss=3.4910, avg_seen_mae=1.6839, avg_unseen_mae=1.7389]
    Epoch 384:  [avg_train_loss=3.4910, avg_seen_mae=1.6839, avg_unseen_mae=1.7389]
    Epoch 385:  [avg_train_loss=3.4910, avg_seen_mae=1.6839, avg_unseen_mae=1.7389]
    Epoch 386:  [avg_train_loss=3.4910, avg_seen_mae=1.6839, avg_unseen_mae=1.7389]
    Epoch 387:  [avg_train_loss=3.4910, avg_seen_mae=1.6839, avg_unseen_mae=1.7389]
    Epoch 388:  [avg_train_loss=3.4910, avg_seen_mae=1.6839, avg_unseen_mae=1.7389]
    Epoch 389:  [avg_train_loss=3.4910, avg_seen_mae=1.6839, avg_unseen_mae=1.7389]
    Epoch 390:  [avg_train_loss=3.4910, avg_seen_mae=1.6839, avg_unseen_mae=1.7389]
    Epoch 391:  [avg_train_loss=3.4910, avg_seen_mae=1.6839, avg_unseen_mae=1.7389]
    Epoch 392:  [avg_train_loss=3.4910, avg_seen_mae=1.6839, avg_unseen_mae=1.7389]
    Epoch 393:  [avg_train_loss=3.4910, avg_seen_mae=1.6839, avg_unseen_mae=1.7389]
    Epoch 394:  [avg_train_loss=3.4910, avg_seen_mae=1.6839, avg_unseen_mae=1.7389]
    Epoch 395:  [avg_train_loss=3.4910, avg_seen_mae=1.6839, avg_unseen_mae=1.7389]
    Epoch 396:  [avg_train_loss=3.4910, avg_seen_mae=1.6839, avg_unseen_mae=1.7389]
    Epoch 397:  [avg_train_loss=3.4910, avg_seen_mae=1.6839, avg_unseen_mae=1.7389]
    Epoch 398:  [avg_train_loss=3.4910, avg_seen_mae=1.6839, avg_unseen_mae=1.7389]
    Epoch 399:  [avg_train_loss=3.4910, avg_seen_mae=1.6839, avg_unseen_mae=1.7389]
    Epoch 400:  [avg_train_loss=3.4910, avg_seen_mae=1.6839, avg_unseen_mae=1.7389]
    Epoch 401:  [avg_train_loss=3.4910, avg_seen_mae=1.6839, avg_unseen_mae=1.7389]
    Epoch 402:  [avg_train_loss=3.4910, avg_seen_mae=1.6839, avg_unseen_mae=1.7389]
    Epoch 403:  [avg_train_loss=3.4910, avg_seen_mae=1.6839, avg_unseen_mae=1.7389]
    Epoch 404:  [avg_train_loss=3.4910, avg_seen_mae=1.6839, avg_unseen_mae=1.7389]
    Epoch 405:  [avg_train_loss=3.4910, avg_seen_mae=1.6839, avg_unseen_mae=1.7389]
    Epoch 406:  [avg_train_loss=3.4910, avg_seen_mae=1.6839, avg_unseen_mae=1.7389]
    Epoch 407:  [avg_train_loss=3.4910, avg_seen_mae=1.6839, avg_unseen_mae=1.7389]
    Epoch 408:  [avg_train_loss=3.4910, avg_seen_mae=1.6839, avg_unseen_mae=1.7389]
    Epoch 409:  [avg_train_loss=3.4910, avg_seen_mae=1.6839, avg_unseen_mae=1.7389]
    Epoch 410:  [avg_train_loss=3.4910, avg_seen_mae=1.6839, avg_unseen_mae=1.7389]
    Epoch 411:  [avg_train_loss=3.4910, avg_seen_mae=1.6839, avg_unseen_mae=1.7389]
    Epoch 412:  [avg_train_loss=3.4910, avg_seen_mae=1.6839, avg_unseen_mae=1.7389]
    Epoch 413:  [avg_train_loss=3.4910, avg_seen_mae=1.6839, avg_unseen_mae=1.7389]
    Epoch 414:  [avg_train_loss=3.4910, avg_seen_mae=1.6839, avg_unseen_mae=1.7389]
    Epoch 415:  [avg_train_loss=3.4910, avg_seen_mae=1.6839, avg_unseen_mae=1.7389]
    Epoch 416:  [avg_train_loss=3.4910, avg_seen_mae=1.6839, avg_unseen_mae=1.7389]
    Epoch 417:  [avg_train_loss=3.4910, avg_seen_mae=1.6839, avg_unseen_mae=1.7389]
    Epoch 418:  [avg_train_loss=3.4910, avg_seen_mae=1.6839, avg_unseen_mae=1.7389]
    Epoch 419:  [avg_train_loss=3.4910, avg_seen_mae=1.6839, avg_unseen_mae=1.7389]
    Epoch 420:  [avg_train_loss=3.4910, avg_seen_mae=1.6839, avg_unseen_mae=1.7389]
    Epoch 421:  [avg_train_loss=3.4910, avg_seen_mae=1.6839, avg_unseen_mae=1.7389]
    Epoch 422:  [avg_train_loss=3.4910, avg_seen_mae=1.6839, avg_unseen_mae=1.7389]
    Epoch 423:  [avg_train_loss=3.4910, avg_seen_mae=1.6839, avg_unseen_mae=1.7389]
    Epoch 424:  [avg_train_loss=3.4910, avg_seen_mae=1.6839, avg_unseen_mae=1.7389]
    Epoch 425:  [avg_train_loss=3.4910, avg_seen_mae=1.6839, avg_unseen_mae=1.7389]
    Epoch 426:  [avg_train_loss=3.4910, avg_seen_mae=1.6839, avg_unseen_mae=1.7389]
    Epoch 427:  [avg_train_loss=3.4910, avg_seen_mae=1.6839, avg_unseen_mae=1.7389]
    Epoch 428:  [avg_train_loss=3.4910, avg_seen_mae=1.6839, avg_unseen_mae=1.7389]
    Epoch 429:  [avg_train_loss=3.4910, avg_seen_mae=1.6839, avg_unseen_mae=1.7389]
    Epoch 430:  [avg_train_loss=3.4910, avg_seen_mae=1.6839, avg_unseen_mae=1.7389]
    Epoch 431:  [avg_train_loss=3.4910, avg_seen_mae=1.6839, avg_unseen_mae=1.7389]
    Epoch 432:  [avg_train_loss=3.4910, avg_seen_mae=1.6839, avg_unseen_mae=1.7389]
    Epoch 433:  [avg_train_loss=3.4910, avg_seen_mae=1.6839, avg_unseen_mae=1.7389]
    Epoch 434:  [avg_train_loss=3.4910, avg_seen_mae=1.6839, avg_unseen_mae=1.7389]
    Epoch 435:  [avg_train_loss=3.4910, avg_seen_mae=1.6839, avg_unseen_mae=1.7389]
    Epoch 436:  [avg_train_loss=3.4910, avg_seen_mae=1.6839, avg_unseen_mae=1.7389]
    Epoch 437:  [avg_train_loss=3.4910, avg_seen_mae=1.6839, avg_unseen_mae=1.7389]
    Epoch 438:  [avg_train_loss=3.4910, avg_seen_mae=1.6839, avg_unseen_mae=1.7389]
    Epoch 439:  [avg_train_loss=3.4910, avg_seen_mae=1.6839, avg_unseen_mae=1.7389]
    Epoch 440:  [avg_train_loss=3.4910, avg_seen_mae=1.6839, avg_unseen_mae=1.7389]
    Epoch 441:  [avg_train_loss=3.4910, avg_seen_mae=1.6839, avg_unseen_mae=1.7389]
    Epoch 442:  [avg_train_loss=3.4910, avg_seen_mae=1.6839, avg_unseen_mae=1.7389]
    Epoch 443:  [avg_train_loss=3.4910, avg_seen_mae=1.6839, avg_unseen_mae=1.7389]
    Epoch 444:  [avg_train_loss=3.4910, avg_seen_mae=1.6839, avg_unseen_mae=1.7389]
    Epoch 445:  [avg_train_loss=3.4910, avg_seen_mae=1.6839, avg_unseen_mae=1.7389]
    Epoch 446:  [avg_train_loss=3.4910, avg_seen_mae=1.6839, avg_unseen_mae=1.7389]
    Epoch 447:  [avg_train_loss=3.4910, avg_seen_mae=1.6839, avg_unseen_mae=1.7389]
    Epoch 448:  [avg_train_loss=3.4910, avg_seen_mae=1.6839, avg_unseen_mae=1.7389]
    Epoch 449:  [avg_train_loss=3.4910, avg_seen_mae=1.6839, avg_unseen_mae=1.7389]
    Epoch 450:  [avg_train_loss=3.4910, avg_seen_mae=1.6839, avg_unseen_mae=1.7389]
    Epoch 451:  [avg_train_loss=3.4910, avg_seen_mae=1.6839, avg_unseen_mae=1.7389]
    Epoch 452:  [avg_train_loss=3.4910, avg_seen_mae=1.6839, avg_unseen_mae=1.7389]
    Epoch 453:  [avg_train_loss=3.4910, avg_seen_mae=1.6839, avg_unseen_mae=1.7389]
    Epoch 454:  [avg_train_loss=3.4910, avg_seen_mae=1.6839, avg_unseen_mae=1.7389]
    Epoch 455:  [avg_train_loss=3.4910, avg_seen_mae=1.6839, avg_unseen_mae=1.7389]
    Epoch 456:  [avg_train_loss=3.4910, avg_seen_mae=1.6839, avg_unseen_mae=1.7389]
    Epoch 457:  [avg_train_loss=3.4910, avg_seen_mae=1.6839, avg_unseen_mae=1.7389]
    Epoch 458:  [avg_train_loss=3.4910, avg_seen_mae=1.6839, avg_unseen_mae=1.7389]
    Epoch 459:  [avg_train_loss=3.4910, avg_seen_mae=1.6839, avg_unseen_mae=1.7389]
    Epoch 460:  [avg_train_loss=3.4910, avg_seen_mae=1.6839, avg_unseen_mae=1.7389]
    Epoch 461:  [avg_train_loss=3.4910, avg_seen_mae=1.6839, avg_unseen_mae=1.7389]
    Epoch 462:  [avg_train_loss=3.4910, avg_seen_mae=1.6839, avg_unseen_mae=1.7389]
    Epoch 463:  [avg_train_loss=3.4910, avg_seen_mae=1.6839, avg_unseen_mae=1.7389]
    Epoch 464:  [avg_train_loss=3.4910, avg_seen_mae=1.6839, avg_unseen_mae=1.7389]
    Epoch 465:  [avg_train_loss=3.4910, avg_seen_mae=1.6839, avg_unseen_mae=1.7389]
    Epoch 466:  [avg_train_loss=3.4910, avg_seen_mae=1.6839, avg_unseen_mae=1.7389]
    Epoch 467:  [avg_train_loss=3.4910, avg_seen_mae=1.6839, avg_unseen_mae=1.7389]
    Epoch 468:  [avg_train_loss=3.4910, avg_seen_mae=1.6839, avg_unseen_mae=1.7389]
    Epoch 469:  [avg_train_loss=3.4910, avg_seen_mae=1.6839, avg_unseen_mae=1.7389]
    Epoch 470:  [avg_train_loss=3.4910, avg_seen_mae=1.6839, avg_unseen_mae=1.7389]
    Epoch 471:  [avg_train_loss=3.4910, avg_seen_mae=1.6839, avg_unseen_mae=1.7389]
    Epoch 472:  [avg_train_loss=3.4910, avg_seen_mae=1.6839, avg_unseen_mae=1.7389]
    Epoch 473:  [avg_train_loss=3.4910, avg_seen_mae=1.6839, avg_unseen_mae=1.7389]
    Epoch 474:  [avg_train_loss=3.4910, avg_seen_mae=1.6839, avg_unseen_mae=1.7389]
    Epoch 475:  [avg_train_loss=3.4910, avg_seen_mae=1.6839, avg_unseen_mae=1.7389]
    Epoch 476:  [avg_train_loss=3.4910, avg_seen_mae=1.6839, avg_unseen_mae=1.7389]
    Epoch 477:  [avg_train_loss=3.4910, avg_seen_mae=1.6839, avg_unseen_mae=1.7389]
    Epoch 478:  [avg_train_loss=3.4910, avg_seen_mae=1.6839, avg_unseen_mae=1.7389]
    Epoch 479:  [avg_train_loss=3.4910, avg_seen_mae=1.6839, avg_unseen_mae=1.7389]
    Epoch 480:  [avg_train_loss=3.4910, avg_seen_mae=1.6839, avg_unseen_mae=1.7389]
    Epoch 481:  [avg_train_loss=3.4910, avg_seen_mae=1.6839, avg_unseen_mae=1.7389]
    Epoch 482:  [avg_train_loss=3.4910, avg_seen_mae=1.6839, avg_unseen_mae=1.7389]
    Epoch 483:  [avg_train_loss=3.4910, avg_seen_mae=1.6839, avg_unseen_mae=1.7389]
    Epoch 484:  [avg_train_loss=3.4910, avg_seen_mae=1.6839, avg_unseen_mae=1.7389]
    Epoch 485:  [avg_train_loss=3.4910, avg_seen_mae=1.6839, avg_unseen_mae=1.7389]
    Epoch 486:  [avg_train_loss=3.4910, avg_seen_mae=1.6839, avg_unseen_mae=1.7389]
    Epoch 487:  [avg_train_loss=3.4910, avg_seen_mae=1.6839, avg_unseen_mae=1.7389]
    Epoch 488:  [avg_train_loss=3.4910, avg_seen_mae=1.6839, avg_unseen_mae=1.7389]
    Epoch 489:  [avg_train_loss=3.4910, avg_seen_mae=1.6839, avg_unseen_mae=1.7389]
    Epoch 490:  [avg_train_loss=3.4910, avg_seen_mae=1.6839, avg_unseen_mae=1.7389]
    Epoch 491:  [avg_train_loss=3.4910, avg_seen_mae=1.6839, avg_unseen_mae=1.7389]
    Epoch 492:  [avg_train_loss=3.4910, avg_seen_mae=1.6839, avg_unseen_mae=1.7389]
    Epoch 493:  [avg_train_loss=3.4910, avg_seen_mae=1.6839, avg_unseen_mae=1.7389]
    Epoch 494:  [avg_train_loss=3.4910, avg_seen_mae=1.6839, avg_unseen_mae=1.7389]
    Epoch 495:  [avg_train_loss=3.4910, avg_seen_mae=1.6839, avg_unseen_mae=1.7389]
    Epoch 496:  [avg_train_loss=3.4910, avg_seen_mae=1.6839, avg_unseen_mae=1.7389]
    Epoch 497:  [avg_train_loss=3.4910, avg_seen_mae=1.6839, avg_unseen_mae=1.7389]
    Epoch 498:  [avg_train_loss=3.4910, avg_seen_mae=1.6839, avg_unseen_mae=1.7389]
    Epoch 499:  [avg_train_loss=3.4910, avg_seen_mae=1.6839, avg_unseen_mae=1.7389]
    Epoch 500:  [avg_train_loss=3.4910, avg_seen_mae=1.6839, avg_unseen_mae=1.7389]
    Epoch 501:  [avg_train_loss=3.4910, avg_seen_mae=1.6839, avg_unseen_mae=1.7389]
    Epoch 502:  [avg_train_loss=3.4910, avg_seen_mae=1.6839, avg_unseen_mae=1.7389]
    Epoch 503:  [avg_train_loss=3.4910, avg_seen_mae=1.6839, avg_unseen_mae=1.7389]
    Epoch 504:  [avg_train_loss=3.4910, avg_seen_mae=1.6839, avg_unseen_mae=1.7389]
    Epoch 505:  [avg_train_loss=3.4910, avg_seen_mae=1.6839, avg_unseen_mae=1.7389]
    Epoch 506:  [avg_train_loss=3.4910, avg_seen_mae=1.6839, avg_unseen_mae=1.7389]
    Epoch 507:  [avg_train_loss=3.4910, avg_seen_mae=1.6839, avg_unseen_mae=1.7389]
    Epoch 508:  [avg_train_loss=3.4910, avg_seen_mae=1.6839, avg_unseen_mae=1.7389]
    Epoch 509:  [avg_train_loss=3.4910, avg_seen_mae=1.6839, avg_unseen_mae=1.7389]
    Epoch 510:  [avg_train_loss=3.4910, avg_seen_mae=1.6839, avg_unseen_mae=1.7389]
    Epoch 511:  [avg_train_loss=3.4910, avg_seen_mae=1.6839, avg_unseen_mae=1.7389]
    Epoch 512:  [avg_train_loss=3.4910, avg_seen_mae=1.6839, avg_unseen_mae=1.7389]
    Epoch 513:  [avg_train_loss=3.4910, avg_seen_mae=1.6839, avg_unseen_mae=1.7389]
    Epoch 514:  [avg_train_loss=3.4910, avg_seen_mae=1.6839, avg_unseen_mae=1.7389]
    Epoch 515:  [avg_train_loss=3.4910, avg_seen_mae=1.6839, avg_unseen_mae=1.7389]
    Epoch 516:  [avg_train_loss=3.4910, avg_seen_mae=1.6839, avg_unseen_mae=1.7389]
    Epoch 517:  [avg_train_loss=3.4910, avg_seen_mae=1.6839, avg_unseen_mae=1.7389]
    Epoch 518:  [avg_train_loss=3.4910, avg_seen_mae=1.6839, avg_unseen_mae=1.7389]
    Epoch 519:  [avg_train_loss=3.4910, avg_seen_mae=1.6839, avg_unseen_mae=1.7389]
    Epoch 520:  [avg_train_loss=3.4910, avg_seen_mae=1.6839, avg_unseen_mae=1.7389]
    Epoch 521:  [avg_train_loss=3.4910, avg_seen_mae=1.6839, avg_unseen_mae=1.7389]
    Epoch 522:  [avg_train_loss=3.4910, avg_seen_mae=1.6839, avg_unseen_mae=1.7389]
    Epoch 523:  [avg_train_loss=3.4910, avg_seen_mae=1.6839, avg_unseen_mae=1.7389]
    Epoch 524:  [avg_train_loss=3.4910, avg_seen_mae=1.6839, avg_unseen_mae=1.7389]
    Epoch 525:  [avg_train_loss=3.4910, avg_seen_mae=1.6839, avg_unseen_mae=1.7389]
    Epoch 526:  [avg_train_loss=3.4910, avg_seen_mae=1.6839, avg_unseen_mae=1.7389]
    Epoch 527:  [avg_train_loss=3.4910, avg_seen_mae=1.6839, avg_unseen_mae=1.7389]
    Epoch 528:  [avg_train_loss=3.4910, avg_seen_mae=1.6839, avg_unseen_mae=1.7389]
    Epoch 529:  [avg_train_loss=3.4910, avg_seen_mae=1.6839, avg_unseen_mae=1.7389]
    Epoch 530:  [avg_train_loss=3.4910, avg_seen_mae=1.6839, avg_unseen_mae=1.7389]
    Epoch 531:  [avg_train_loss=3.4910, avg_seen_mae=1.6839, avg_unseen_mae=1.7389]
    Epoch 532:  [avg_train_loss=3.4910, avg_seen_mae=1.6839, avg_unseen_mae=1.7389]
    Epoch 533:  [avg_train_loss=3.4910, avg_seen_mae=1.6839, avg_unseen_mae=1.7389]
    Epoch 534:  [avg_train_loss=3.4910, avg_seen_mae=1.6839, avg_unseen_mae=1.7389]
    Epoch 535:  [avg_train_loss=3.4910, avg_seen_mae=1.6839, avg_unseen_mae=1.7389]
    Epoch 536:  [avg_train_loss=3.4910, avg_seen_mae=1.6839, avg_unseen_mae=1.7389]
    Epoch 537:  [avg_train_loss=3.4910, avg_seen_mae=1.6839, avg_unseen_mae=1.7389]
    Epoch 538:  [avg_train_loss=3.4910, avg_seen_mae=1.6839, avg_unseen_mae=1.7389]
    Epoch 539:  [avg_train_loss=3.4910, avg_seen_mae=1.6839, avg_unseen_mae=1.7389]
    Epoch 540:  [avg_train_loss=3.4910, avg_seen_mae=1.6839, avg_unseen_mae=1.7389]
    Epoch 541:  [avg_train_loss=3.4910, avg_seen_mae=1.6839, avg_unseen_mae=1.7389]
    Epoch 542:  [avg_train_loss=3.4910, avg_seen_mae=1.6839, avg_unseen_mae=1.7389]
    Epoch 543:  [avg_train_loss=3.4910, avg_seen_mae=1.6839, avg_unseen_mae=1.7389]
    Epoch 544:  [avg_train_loss=3.4910, avg_seen_mae=1.6839, avg_unseen_mae=1.7389]
    Epoch 545:  [avg_train_loss=3.4910, avg_seen_mae=1.6839, avg_unseen_mae=1.7389]
    Epoch 546:  [avg_train_loss=3.4910, avg_seen_mae=1.6839, avg_unseen_mae=1.7389]
    Epoch 547:  [avg_train_loss=3.4910, avg_seen_mae=1.6839, avg_unseen_mae=1.7389]
    Epoch 548:  [avg_train_loss=3.4910, avg_seen_mae=1.6839, avg_unseen_mae=1.7389]
    Epoch 549:  [avg_train_loss=3.4910, avg_seen_mae=1.6839, avg_unseen_mae=1.7389]
    Epoch 550:  [avg_train_loss=3.4910, avg_seen_mae=1.6839, avg_unseen_mae=1.7389]
    Epoch 551:  [avg_train_loss=3.4910, avg_seen_mae=1.6839, avg_unseen_mae=1.7389]
    Epoch 552:  [avg_train_loss=3.4910, avg_seen_mae=1.6839, avg_unseen_mae=1.7389]
    Epoch 553:  [avg_train_loss=3.4910, avg_seen_mae=1.6839, avg_unseen_mae=1.7389]
    Epoch 554:  [avg_train_loss=3.4910, avg_seen_mae=1.6839, avg_unseen_mae=1.7389]
    Epoch 555:  [avg_train_loss=3.4910, avg_seen_mae=1.6839, avg_unseen_mae=1.7389]
    Epoch 556:  [avg_train_loss=3.4910, avg_seen_mae=1.6839, avg_unseen_mae=1.7389]
    Epoch 557:  [avg_train_loss=3.4910, avg_seen_mae=1.6839, avg_unseen_mae=1.7389]
    Epoch 558:  [avg_train_loss=3.4910, avg_seen_mae=1.6839, avg_unseen_mae=1.7389]
    Epoch 559:  [avg_train_loss=3.4910, avg_seen_mae=1.6839, avg_unseen_mae=1.7389]
    Epoch 560:  [avg_train_loss=3.4910, avg_seen_mae=1.6839, avg_unseen_mae=1.7389]
    Epoch 561:  [avg_train_loss=3.4910, avg_seen_mae=1.6839, avg_unseen_mae=1.7389]
    Epoch 562:  [avg_train_loss=3.4910, avg_seen_mae=1.6839, avg_unseen_mae=1.7389]
    Epoch 563:  [avg_train_loss=3.4910, avg_seen_mae=1.6839, avg_unseen_mae=1.7389]
    Epoch 564:  [avg_train_loss=3.4910, avg_seen_mae=1.6839, avg_unseen_mae=1.7389]
    Epoch 565:  [avg_train_loss=3.4910, avg_seen_mae=1.6839, avg_unseen_mae=1.7389]
    Epoch 566:  [avg_train_loss=3.4910, avg_seen_mae=1.6839, avg_unseen_mae=1.7389]
    Epoch 567:  [avg_train_loss=3.4910, avg_seen_mae=1.6839, avg_unseen_mae=1.7389]
    Epoch 568:  [avg_train_loss=3.4910, avg_seen_mae=1.6839, avg_unseen_mae=1.7389]
    Epoch 569:  [avg_train_loss=3.4910, avg_seen_mae=1.6839, avg_unseen_mae=1.7389]
    Epoch 570:  [avg_train_loss=3.4910, avg_seen_mae=1.6839, avg_unseen_mae=1.7389]
    Epoch 571:  [avg_train_loss=3.4910, avg_seen_mae=1.6839, avg_unseen_mae=1.7389]
    Epoch 572:  [avg_train_loss=3.4910, avg_seen_mae=1.6839, avg_unseen_mae=1.7389]
    Epoch 573:  [avg_train_loss=3.4910, avg_seen_mae=1.6839, avg_unseen_mae=1.7389]
    Epoch 574:  [avg_train_loss=3.4910, avg_seen_mae=1.6839, avg_unseen_mae=1.7389]
    Epoch 575:  [avg_train_loss=3.4910, avg_seen_mae=1.6839, avg_unseen_mae=1.7389]
    Epoch 576:  [avg_train_loss=3.4910, avg_seen_mae=1.6839, avg_unseen_mae=1.7389]
    Epoch 577:  [avg_train_loss=3.4910, avg_seen_mae=1.6839, avg_unseen_mae=1.7389]
    Epoch 578:  [avg_train_loss=3.4910, avg_seen_mae=1.6839, avg_unseen_mae=1.7389]
    Epoch 579:  [avg_train_loss=3.4910, avg_seen_mae=1.6839, avg_unseen_mae=1.7389]
    Epoch 580:  [avg_train_loss=3.4910, avg_seen_mae=1.6839, avg_unseen_mae=1.7389]
    Epoch 581:  [avg_train_loss=3.4910, avg_seen_mae=1.6839, avg_unseen_mae=1.7389]
    Epoch 582:  [avg_train_loss=3.4910, avg_seen_mae=1.6839, avg_unseen_mae=1.7389]
    Epoch 583:  [avg_train_loss=3.4910, avg_seen_mae=1.6839, avg_unseen_mae=1.7389]
    Epoch 584:  [avg_train_loss=3.4910, avg_seen_mae=1.6839, avg_unseen_mae=1.7389]
    Epoch 585:  [avg_train_loss=3.4910, avg_seen_mae=1.6839, avg_unseen_mae=1.7389]
    Epoch 586:  [avg_train_loss=3.4910, avg_seen_mae=1.6839, avg_unseen_mae=1.7389]
    Epoch 587:  [avg_train_loss=3.4910, avg_seen_mae=1.6839, avg_unseen_mae=1.7389]
    Epoch 588:  [avg_train_loss=3.4910, avg_seen_mae=1.6839, avg_unseen_mae=1.7389]
    Epoch 589:  [avg_train_loss=3.4910, avg_seen_mae=1.6839, avg_unseen_mae=1.7389]
    Epoch 590:  [avg_train_loss=3.4910, avg_seen_mae=1.6839, avg_unseen_mae=1.7389]
    Epoch 591:  [avg_train_loss=3.4910, avg_seen_mae=1.6839, avg_unseen_mae=1.7389]
    Epoch 592:  [avg_train_loss=3.4910, avg_seen_mae=1.6839, avg_unseen_mae=1.7389]
    Epoch 593:  [avg_train_loss=3.4910, avg_seen_mae=1.6839, avg_unseen_mae=1.7389]
    Epoch 594:  [avg_train_loss=3.4910, avg_seen_mae=1.6839, avg_unseen_mae=1.7389]
    Epoch 595:  [avg_train_loss=3.4910, avg_seen_mae=1.6839, avg_unseen_mae=1.7389]
    Epoch 596:  [avg_train_loss=3.4910, avg_seen_mae=1.6839, avg_unseen_mae=1.7389]
    Epoch 597:  [avg_train_loss=3.4910, avg_seen_mae=1.6839, avg_unseen_mae=1.7389]
    Epoch 598:  [avg_train_loss=3.4910, avg_seen_mae=1.6839, avg_unseen_mae=1.7389]
    Epoch 599:  [avg_train_loss=3.4910, avg_seen_mae=1.6839, avg_unseen_mae=1.7389]
    Epoch 600:  [avg_train_loss=3.4910, avg_seen_mae=1.6839, avg_unseen_mae=1.7389]
    Epoch 601:  [avg_train_loss=3.4910, avg_seen_mae=1.6839, avg_unseen_mae=1.7389]
    Epoch 602:  [avg_train_loss=3.4910, avg_seen_mae=1.6839, avg_unseen_mae=1.7389]
    Epoch 603:  [avg_train_loss=3.4910, avg_seen_mae=1.6839, avg_unseen_mae=1.7389]
    Epoch 604:  [avg_train_loss=3.4910, avg_seen_mae=1.6839, avg_unseen_mae=1.7389]
    Epoch 605:  [avg_train_loss=3.4910, avg_seen_mae=1.6839, avg_unseen_mae=1.7389]
    Epoch 606:  [avg_train_loss=3.4910, avg_seen_mae=1.6839, avg_unseen_mae=1.7389]
    Epoch 607:  [avg_train_loss=3.4910, avg_seen_mae=1.6839, avg_unseen_mae=1.7389]
    Epoch 608:  [avg_train_loss=3.4910, avg_seen_mae=1.6839, avg_unseen_mae=1.7389]
    Epoch 609:  [avg_train_loss=3.4910, avg_seen_mae=1.6839, avg_unseen_mae=1.7389]
    Epoch 610:  [avg_train_loss=3.4910, avg_seen_mae=1.6839, avg_unseen_mae=1.7389]
    Epoch 611:  [avg_train_loss=3.4910, avg_seen_mae=1.6839, avg_unseen_mae=1.7389]
    Epoch 612:  [avg_train_loss=3.4910, avg_seen_mae=1.6839, avg_unseen_mae=1.7389]
    Epoch 613:  [avg_train_loss=3.4910, avg_seen_mae=1.6839, avg_unseen_mae=1.7389]
    Epoch 614:  [avg_train_loss=3.4910, avg_seen_mae=1.6839, avg_unseen_mae=1.7389]
    Epoch 615:  [avg_train_loss=3.4910, avg_seen_mae=1.6839, avg_unseen_mae=1.7389]
    Epoch 616:  [avg_train_loss=3.4910, avg_seen_mae=1.6839, avg_unseen_mae=1.7389]
    Epoch 617:  [avg_train_loss=3.4910, avg_seen_mae=1.6839, avg_unseen_mae=1.7389]
    Epoch 618:  [avg_train_loss=3.4910, avg_seen_mae=1.6839, avg_unseen_mae=1.7389]
    Epoch 619:  [avg_train_loss=3.4910, avg_seen_mae=1.6839, avg_unseen_mae=1.7389]
    Epoch 620:  [avg_train_loss=3.4910, avg_seen_mae=1.6839, avg_unseen_mae=1.7389]
    Epoch 621:  [avg_train_loss=3.4910, avg_seen_mae=1.6839, avg_unseen_mae=1.7389]
    Epoch 622:  [avg_train_loss=3.4910, avg_seen_mae=1.6839, avg_unseen_mae=1.7389]
    Epoch 623:  [avg_train_loss=3.4910, avg_seen_mae=1.6839, avg_unseen_mae=1.7389]
    Epoch 624:  [avg_train_loss=3.4910, avg_seen_mae=1.6839, avg_unseen_mae=1.7389]
    Epoch 625:  [avg_train_loss=3.4910, avg_seen_mae=1.6839, avg_unseen_mae=1.7389]
    Epoch 626:  [avg_train_loss=3.4910, avg_seen_mae=1.6839, avg_unseen_mae=1.7389]
    Epoch 627:  [avg_train_loss=3.4910, avg_seen_mae=1.6839, avg_unseen_mae=1.7389]
    Epoch 628:  [avg_train_loss=3.4910, avg_seen_mae=1.6839, avg_unseen_mae=1.7389]
    Epoch 629:  [avg_train_loss=3.4910, avg_seen_mae=1.6839, avg_unseen_mae=1.7389]
    Epoch 630:  [avg_train_loss=3.4910, avg_seen_mae=1.6839, avg_unseen_mae=1.7389]
    Epoch 631:  [avg_train_loss=3.4910, avg_seen_mae=1.6839, avg_unseen_mae=1.7389]
    Epoch 632:  [avg_train_loss=3.4910, avg_seen_mae=1.6839, avg_unseen_mae=1.7389]
    Epoch 633:  [avg_train_loss=3.4910, avg_seen_mae=1.6839, avg_unseen_mae=1.7389]
    Epoch 634:  [avg_train_loss=3.4910, avg_seen_mae=1.6839, avg_unseen_mae=1.7389]
    Epoch 635:  [avg_train_loss=3.4910, avg_seen_mae=1.6839, avg_unseen_mae=1.7389]
    Epoch 636:  [avg_train_loss=3.4910, avg_seen_mae=1.6839, avg_unseen_mae=1.7389]
    Epoch 637:  [avg_train_loss=3.4910, avg_seen_mae=1.6839, avg_unseen_mae=1.7389]
    Epoch 638:  [avg_train_loss=3.4910, avg_seen_mae=1.6839, avg_unseen_mae=1.7389]
    Epoch 639:  [avg_train_loss=3.4910, avg_seen_mae=1.6839, avg_unseen_mae=1.7389]
    Epoch 640:  [avg_train_loss=3.4910, avg_seen_mae=1.6839, avg_unseen_mae=1.7389]
    Epoch 641:  [avg_train_loss=3.4910, avg_seen_mae=1.6839, avg_unseen_mae=1.7389]
    Epoch 642:  [avg_train_loss=3.4910, avg_seen_mae=1.6839, avg_unseen_mae=1.7389]
    Epoch 643:  [avg_train_loss=3.4910, avg_seen_mae=1.6839, avg_unseen_mae=1.7389]
    Epoch 644:  [avg_train_loss=3.4910, avg_seen_mae=1.6839, avg_unseen_mae=1.7389]
    Epoch 645:  [avg_train_loss=3.4910, avg_seen_mae=1.6839, avg_unseen_mae=1.7389]
    Epoch 646:  [avg_train_loss=3.4910, avg_seen_mae=1.6839, avg_unseen_mae=1.7389]
    Epoch 647:  [avg_train_loss=3.4910, avg_seen_mae=1.6839, avg_unseen_mae=1.7389]
    Epoch 648:  [avg_train_loss=3.4910, avg_seen_mae=1.6839, avg_unseen_mae=1.7389]
    Epoch 649:  [avg_train_loss=3.4910, avg_seen_mae=1.6839, avg_unseen_mae=1.7389]
    Epoch 650:  [avg_train_loss=3.4910, avg_seen_mae=1.6839, avg_unseen_mae=1.7389]
    Epoch 651:  [avg_train_loss=3.4910, avg_seen_mae=1.6839, avg_unseen_mae=1.7389]
    Epoch 652:  [avg_train_loss=3.4910, avg_seen_mae=1.6839, avg_unseen_mae=1.7389]
    Epoch 653:  [avg_train_loss=3.4910, avg_seen_mae=1.6839, avg_unseen_mae=1.7389]
    Epoch 654:  [avg_train_loss=3.4910, avg_seen_mae=1.6839, avg_unseen_mae=1.7389]
    Epoch 655:  [avg_train_loss=3.4910, avg_seen_mae=1.6839, avg_unseen_mae=1.7389]
    Epoch 656:  [avg_train_loss=3.4910, avg_seen_mae=1.6839, avg_unseen_mae=1.7389]
    Epoch 657:  [avg_train_loss=3.4910, avg_seen_mae=1.6839, avg_unseen_mae=1.7389]
    Epoch 658:  [avg_train_loss=3.4910, avg_seen_mae=1.6839, avg_unseen_mae=1.7389]
    Epoch 659:  [avg_train_loss=3.4910, avg_seen_mae=1.6839, avg_unseen_mae=1.7389]
    Epoch 660:  [avg_train_loss=3.4910, avg_seen_mae=1.6839, avg_unseen_mae=1.7389]
    Epoch 661:  [avg_train_loss=3.4910, avg_seen_mae=1.6839, avg_unseen_mae=1.7389]
    Epoch 662:  [avg_train_loss=3.4910, avg_seen_mae=1.6839, avg_unseen_mae=1.7389]
    Epoch 663:  [avg_train_loss=3.4910, avg_seen_mae=1.6839, avg_unseen_mae=1.7389]
    Epoch 664:  [avg_train_loss=3.4910, avg_seen_mae=1.6839, avg_unseen_mae=1.7389]
    Epoch 665:  [avg_train_loss=3.4910, avg_seen_mae=1.6839, avg_unseen_mae=1.7389]
    Epoch 666:  [avg_train_loss=3.4910, avg_seen_mae=1.6839, avg_unseen_mae=1.7389]
    Epoch 667:  [avg_train_loss=3.4910, avg_seen_mae=1.6839, avg_unseen_mae=1.7389]
    Epoch 668:  [avg_train_loss=3.4910, avg_seen_mae=1.6839, avg_unseen_mae=1.7389]
    Epoch 669:  [avg_train_loss=3.4910, avg_seen_mae=1.6839, avg_unseen_mae=1.7389]
    Epoch 670:  [avg_train_loss=3.4910, avg_seen_mae=1.6839, avg_unseen_mae=1.7389]
    Epoch 671:  [avg_train_loss=3.4910, avg_seen_mae=1.6839, avg_unseen_mae=1.7389]
    Epoch 672:  [avg_train_loss=3.4910, avg_seen_mae=1.6839, avg_unseen_mae=1.7389]
    Epoch 673:  [avg_train_loss=3.4910, avg_seen_mae=1.6839, avg_unseen_mae=1.7389]
    Epoch 674:  [avg_train_loss=3.4910, avg_seen_mae=1.6839, avg_unseen_mae=1.7389]
    Epoch 675:  [avg_train_loss=3.4910, avg_seen_mae=1.6839, avg_unseen_mae=1.7389]
    Epoch 676:  [avg_train_loss=3.4910, avg_seen_mae=1.6839, avg_unseen_mae=1.7389]
    Epoch 677:  [avg_train_loss=3.4910, avg_seen_mae=1.6839, avg_unseen_mae=1.7389]
    Epoch 678:  [avg_train_loss=3.4910, avg_seen_mae=1.6839, avg_unseen_mae=1.7389]
    Epoch 679:  [avg_train_loss=3.4910, avg_seen_mae=1.6839, avg_unseen_mae=1.7389]
    Epoch 680:  [avg_train_loss=3.4910, avg_seen_mae=1.6839, avg_unseen_mae=1.7389]
    Epoch 681:  [avg_train_loss=3.4910, avg_seen_mae=1.6839, avg_unseen_mae=1.7389]
    Epoch 682:  [avg_train_loss=3.4910, avg_seen_mae=1.6839, avg_unseen_mae=1.7389]
    Epoch 683:  [avg_train_loss=3.4910, avg_seen_mae=1.6839, avg_unseen_mae=1.7389]
    Epoch 684:  [avg_train_loss=3.4910, avg_seen_mae=1.6839, avg_unseen_mae=1.7389]
    Epoch 685:  [avg_train_loss=3.4910, avg_seen_mae=1.6839, avg_unseen_mae=1.7389]
    Epoch 686:  [avg_train_loss=3.4910, avg_seen_mae=1.6839, avg_unseen_mae=1.7389]
    Epoch 687:  [avg_train_loss=3.4910, avg_seen_mae=1.6839, avg_unseen_mae=1.7389]
    Epoch 688:  [avg_train_loss=3.4910, avg_seen_mae=1.6839, avg_unseen_mae=1.7389]
    Epoch 689:  [avg_train_loss=3.4910, avg_seen_mae=1.6839, avg_unseen_mae=1.7389]
    Epoch 690:  [avg_train_loss=3.4910, avg_seen_mae=1.6839, avg_unseen_mae=1.7389]
    Epoch 691:  [avg_train_loss=3.4910, avg_seen_mae=1.6839, avg_unseen_mae=1.7389]
    Epoch 692:  [avg_train_loss=3.4910, avg_seen_mae=1.6839, avg_unseen_mae=1.7389]
    Epoch 693:  [avg_train_loss=3.4910, avg_seen_mae=1.6839, avg_unseen_mae=1.7389]
    Epoch 694:  [avg_train_loss=3.4910, avg_seen_mae=1.6839, avg_unseen_mae=1.7389]
    Epoch 695:  [avg_train_loss=3.4910, avg_seen_mae=1.6839, avg_unseen_mae=1.7389]
    Epoch 696:  [avg_train_loss=3.4910, avg_seen_mae=1.6839, avg_unseen_mae=1.7389]
    Epoch 697:  [avg_train_loss=3.4910, avg_seen_mae=1.6839, avg_unseen_mae=1.7389]
    Epoch 698:  [avg_train_loss=3.4910, avg_seen_mae=1.6839, avg_unseen_mae=1.7389]
    Epoch 699:  [avg_train_loss=3.4910, avg_seen_mae=1.6839, avg_unseen_mae=1.7389]
    Epoch 700:  [avg_train_loss=3.4910, avg_seen_mae=1.6839, avg_unseen_mae=1.7389]
    Epoch 701:  [avg_train_loss=3.4910, avg_seen_mae=1.6839, avg_unseen_mae=1.7389]
    Epoch 702:  [avg_train_loss=3.4910, avg_seen_mae=1.6839, avg_unseen_mae=1.7389]
    Epoch 703:  [avg_train_loss=3.4910, avg_seen_mae=1.6839, avg_unseen_mae=1.7389]
    Epoch 704:  [avg_train_loss=3.4910, avg_seen_mae=1.6839, avg_unseen_mae=1.7389]
    Epoch 705:  [avg_train_loss=3.4910, avg_seen_mae=1.6839, avg_unseen_mae=1.7389]
    Epoch 706:  [avg_train_loss=3.4910, avg_seen_mae=1.6839, avg_unseen_mae=1.7389]
    Epoch 707:  [avg_train_loss=3.4910, avg_seen_mae=1.6839, avg_unseen_mae=1.7389]
    Epoch 708:  [avg_train_loss=3.4910, avg_seen_mae=1.6839, avg_unseen_mae=1.7389]
    Epoch 709:  [avg_train_loss=3.4910, avg_seen_mae=1.6839, avg_unseen_mae=1.7389]
    Epoch 710:  [avg_train_loss=3.4910, avg_seen_mae=1.6839, avg_unseen_mae=1.7389]
    Epoch 711:  [avg_train_loss=3.4910, avg_seen_mae=1.6839, avg_unseen_mae=1.7389]
    Epoch 712:  [avg_train_loss=3.4910, avg_seen_mae=1.6839, avg_unseen_mae=1.7389]
    Epoch 713:  [avg_train_loss=3.4910, avg_seen_mae=1.6839, avg_unseen_mae=1.7389]
    Epoch 714:  [avg_train_loss=3.4910, avg_seen_mae=1.6839, avg_unseen_mae=1.7389]
    Epoch 715:  [avg_train_loss=3.4910, avg_seen_mae=1.6839, avg_unseen_mae=1.7389]
    Epoch 716:  [avg_train_loss=3.4910, avg_seen_mae=1.6839, avg_unseen_mae=1.7389]
    Epoch 717:  [avg_train_loss=3.4910, avg_seen_mae=1.6839, avg_unseen_mae=1.7389]
    Epoch 718:  [avg_train_loss=3.4910, avg_seen_mae=1.6839, avg_unseen_mae=1.7389]
    Epoch 719:  [avg_train_loss=3.4910, avg_seen_mae=1.6839, avg_unseen_mae=1.7389]
    Epoch 720:  [avg_train_loss=3.4910, avg_seen_mae=1.6839, avg_unseen_mae=1.7389]
    Epoch 721:  [avg_train_loss=3.4910, avg_seen_mae=1.6839, avg_unseen_mae=1.7389]
    Epoch 722:  [avg_train_loss=3.4910, avg_seen_mae=1.6839, avg_unseen_mae=1.7389]
    Epoch 723:  [avg_train_loss=3.4910, avg_seen_mae=1.6839, avg_unseen_mae=1.7389]
    Epoch 724:  [avg_train_loss=3.4910, avg_seen_mae=1.6839, avg_unseen_mae=1.7389]
    Epoch 725:  [avg_train_loss=3.4910, avg_seen_mae=1.6839, avg_unseen_mae=1.7389]
    Epoch 726:  [avg_train_loss=3.4910, avg_seen_mae=1.6839, avg_unseen_mae=1.7389]
    Epoch 727:  [avg_train_loss=3.4910, avg_seen_mae=1.6839, avg_unseen_mae=1.7389]
    Epoch 728:  [avg_train_loss=3.4910, avg_seen_mae=1.6839, avg_unseen_mae=1.7389]
    Epoch 729:  [avg_train_loss=3.4910, avg_seen_mae=1.6839, avg_unseen_mae=1.7389]
    Epoch 730:  [avg_train_loss=3.4910, avg_seen_mae=1.6839, avg_unseen_mae=1.7389]
    Epoch 731:  [avg_train_loss=3.4910, avg_seen_mae=1.6839, avg_unseen_mae=1.7389]
    Epoch 732:  [avg_train_loss=3.4910, avg_seen_mae=1.6839, avg_unseen_mae=1.7389]
    Epoch 733:  [avg_train_loss=3.4910, avg_seen_mae=1.6839, avg_unseen_mae=1.7389]
    Epoch 734:  [avg_train_loss=3.4910, avg_seen_mae=1.6839, avg_unseen_mae=1.7389]
    Epoch 735:  [avg_train_loss=3.4910, avg_seen_mae=1.6839, avg_unseen_mae=1.7389]
    Epoch 736:  [avg_train_loss=3.4910, avg_seen_mae=1.6839, avg_unseen_mae=1.7389]
    Epoch 737:  [avg_train_loss=3.4910, avg_seen_mae=1.6839, avg_unseen_mae=1.7389]
    Epoch 738:  [avg_train_loss=3.4910, avg_seen_mae=1.6839, avg_unseen_mae=1.7389]
    Epoch 739:  [avg_train_loss=3.4910, avg_seen_mae=1.6839, avg_unseen_mae=1.7389]
    Epoch 740:  [avg_train_loss=3.4910, avg_seen_mae=1.6839, avg_unseen_mae=1.7389]
    Epoch 741:  [avg_train_loss=3.4910, avg_seen_mae=1.6839, avg_unseen_mae=1.7389]
    Epoch 742:  [avg_train_loss=3.4910, avg_seen_mae=1.6839, avg_unseen_mae=1.7389]
    Epoch 743:  [avg_train_loss=3.4910, avg_seen_mae=1.6839, avg_unseen_mae=1.7389]
    Epoch 744:  [avg_train_loss=3.4910, avg_seen_mae=1.6839, avg_unseen_mae=1.7389]
    Epoch 745:  [avg_train_loss=3.4910, avg_seen_mae=1.6839, avg_unseen_mae=1.7389]
    Epoch 746:  [avg_train_loss=3.4910, avg_seen_mae=1.6839, avg_unseen_mae=1.7389]
    Epoch 747:  [avg_train_loss=3.4910, avg_seen_mae=1.6839, avg_unseen_mae=1.7389]
    Epoch 748:  [avg_train_loss=3.4910, avg_seen_mae=1.6839, avg_unseen_mae=1.7389]
    Epoch 749:  [avg_train_loss=3.4910, avg_seen_mae=1.6839, avg_unseen_mae=1.7389]
    Epoch 750:  [avg_train_loss=3.4910, avg_seen_mae=1.6839, avg_unseen_mae=1.7389]
    Epoch 751:  [avg_train_loss=3.4910, avg_seen_mae=1.6839, avg_unseen_mae=1.7389]
    Epoch 752:  [avg_train_loss=3.4910, avg_seen_mae=1.6839, avg_unseen_mae=1.7389]
    Epoch 753:  [avg_train_loss=3.4910, avg_seen_mae=1.6839, avg_unseen_mae=1.7389]
    Epoch 754:  [avg_train_loss=3.4910, avg_seen_mae=1.6839, avg_unseen_mae=1.7389]
    Epoch 755:  [avg_train_loss=3.4910, avg_seen_mae=1.6839, avg_unseen_mae=1.7389]
    Epoch 756:  [avg_train_loss=3.4910, avg_seen_mae=1.6839, avg_unseen_mae=1.7389]
    Epoch 757:  [avg_train_loss=3.4910, avg_seen_mae=1.6839, avg_unseen_mae=1.7389]
    Epoch 758:  [avg_train_loss=3.4910, avg_seen_mae=1.6839, avg_unseen_mae=1.7389]
    Epoch 759:  [avg_train_loss=3.4910, avg_seen_mae=1.6839, avg_unseen_mae=1.7389]
    Epoch 760:  [avg_train_loss=3.4910, avg_seen_mae=1.6839, avg_unseen_mae=1.7389]
    Epoch 761:  [avg_train_loss=3.4910, avg_seen_mae=1.6839, avg_unseen_mae=1.7389]
    Epoch 762:  [avg_train_loss=3.4910, avg_seen_mae=1.6839, avg_unseen_mae=1.7389]
    Epoch 763:  [avg_train_loss=3.4910, avg_seen_mae=1.6839, avg_unseen_mae=1.7389]
    Epoch 764:  [avg_train_loss=3.4910, avg_seen_mae=1.6839, avg_unseen_mae=1.7389]
    Epoch 765:  [avg_train_loss=3.4910, avg_seen_mae=1.6839, avg_unseen_mae=1.7389]
    Epoch 766:  [avg_train_loss=3.4910, avg_seen_mae=1.6839, avg_unseen_mae=1.7389]
    Epoch 767:  [avg_train_loss=3.4910, avg_seen_mae=1.6839, avg_unseen_mae=1.7389]
    Epoch 768:  [avg_train_loss=3.4910, avg_seen_mae=1.6839, avg_unseen_mae=1.7389]
    Epoch 769:  [avg_train_loss=3.4910, avg_seen_mae=1.6839, avg_unseen_mae=1.7389]
    Epoch 770:  [avg_train_loss=3.4910, avg_seen_mae=1.6839, avg_unseen_mae=1.7389]
    Epoch 771:  [avg_train_loss=3.4910, avg_seen_mae=1.6839, avg_unseen_mae=1.7389]
    Epoch 772:  [avg_train_loss=3.4910, avg_seen_mae=1.6839, avg_unseen_mae=1.7389]
    Epoch 773:  [avg_train_loss=3.4910, avg_seen_mae=1.6839, avg_unseen_mae=1.7389]
    Epoch 774:  [avg_train_loss=3.4910, avg_seen_mae=1.6839, avg_unseen_mae=1.7389]
    Epoch 775:  [avg_train_loss=3.4910, avg_seen_mae=1.6839, avg_unseen_mae=1.7389]
    Epoch 776:  [avg_train_loss=3.4910, avg_seen_mae=1.6839, avg_unseen_mae=1.7389]
    Epoch 777:  [avg_train_loss=3.4910, avg_seen_mae=1.6839, avg_unseen_mae=1.7389]
    Epoch 778:  [avg_train_loss=3.4910, avg_seen_mae=1.6839, avg_unseen_mae=1.7389]
    Epoch 779:  [avg_train_loss=3.4910, avg_seen_mae=1.6839, avg_unseen_mae=1.7389]
    Epoch 780:  [avg_train_loss=3.4910, avg_seen_mae=1.6839, avg_unseen_mae=1.7389]
    Epoch 781:  [avg_train_loss=3.4910, avg_seen_mae=1.6839, avg_unseen_mae=1.7389]
    Epoch 782:  [avg_train_loss=3.4910, avg_seen_mae=1.6839, avg_unseen_mae=1.7389]
    Epoch 783:  [avg_train_loss=3.4910, avg_seen_mae=1.6839, avg_unseen_mae=1.7389]
    Epoch 784:  [avg_train_loss=3.4910, avg_seen_mae=1.6839, avg_unseen_mae=1.7389]
    Epoch 785:  [avg_train_loss=3.4910, avg_seen_mae=1.6839, avg_unseen_mae=1.7389]
    Epoch 786:  [avg_train_loss=3.4910, avg_seen_mae=1.6839, avg_unseen_mae=1.7389]
    Epoch 787:  [avg_train_loss=3.4910, avg_seen_mae=1.6839, avg_unseen_mae=1.7389]
    Epoch 788:  [avg_train_loss=3.4910, avg_seen_mae=1.6839, avg_unseen_mae=1.7389]
    Epoch 789:  [avg_train_loss=3.4910, avg_seen_mae=1.6839, avg_unseen_mae=1.7389]
    Epoch 790:  [avg_train_loss=3.4910, avg_seen_mae=1.6839, avg_unseen_mae=1.7389]
    Epoch 791:  [avg_train_loss=3.4910, avg_seen_mae=1.6839, avg_unseen_mae=1.7389]
    Epoch 792:  [avg_train_loss=3.4910, avg_seen_mae=1.6839, avg_unseen_mae=1.7389]
    Epoch 793:  [avg_train_loss=3.4910, avg_seen_mae=1.6839, avg_unseen_mae=1.7389]
    Epoch 794:  [avg_train_loss=3.4910, avg_seen_mae=1.6839, avg_unseen_mae=1.7389]
    Epoch 795:  [avg_train_loss=3.4910, avg_seen_mae=1.6839, avg_unseen_mae=1.7389]
    Epoch 796:  [avg_train_loss=3.4910, avg_seen_mae=1.6839, avg_unseen_mae=1.7389]
    Epoch 797:  [avg_train_loss=3.4910, avg_seen_mae=1.6839, avg_unseen_mae=1.7389]
    Epoch 798:  [avg_train_loss=3.4910, avg_seen_mae=1.6839, avg_unseen_mae=1.7389]
    Epoch 799:  [avg_train_loss=3.4910, avg_seen_mae=1.6839, avg_unseen_mae=1.7389]
    Epoch 800:  [avg_train_loss=3.4910, avg_seen_mae=1.6839, avg_unseen_mae=1.7389]
    Epoch 801:  [avg_train_loss=3.4910, avg_seen_mae=1.6839, avg_unseen_mae=1.7389]
    Epoch 802:  [avg_train_loss=3.4910, avg_seen_mae=1.6839, avg_unseen_mae=1.7389]
    Epoch 803:  [avg_train_loss=3.4910, avg_seen_mae=1.6839, avg_unseen_mae=1.7389]
    Epoch 804:  [avg_train_loss=3.4910, avg_seen_mae=1.6839, avg_unseen_mae=1.7389]
    Epoch 805:  [avg_train_loss=3.4910, avg_seen_mae=1.6839, avg_unseen_mae=1.7389]
    Epoch 806:  [avg_train_loss=3.4910, avg_seen_mae=1.6839, avg_unseen_mae=1.7389]
    Epoch 807:  [avg_train_loss=3.4910, avg_seen_mae=1.6839, avg_unseen_mae=1.7389]
    Epoch 808:  [avg_train_loss=3.4910, avg_seen_mae=1.6839, avg_unseen_mae=1.7389]
    Epoch 809:  [avg_train_loss=3.4910, avg_seen_mae=1.6839, avg_unseen_mae=1.7389]
    Epoch 810:  [avg_train_loss=3.4910, avg_seen_mae=1.6839, avg_unseen_mae=1.7389]
    Epoch 811:  [avg_train_loss=3.4910, avg_seen_mae=1.6839, avg_unseen_mae=1.7389]
    Epoch 812:  [avg_train_loss=3.4910, avg_seen_mae=1.6839, avg_unseen_mae=1.7389]
    Epoch 813:  [avg_train_loss=3.4910, avg_seen_mae=1.6839, avg_unseen_mae=1.7389]
    Epoch 814:  [avg_train_loss=3.4910, avg_seen_mae=1.6839, avg_unseen_mae=1.7389]
    Epoch 815:  [avg_train_loss=3.4910, avg_seen_mae=1.6839, avg_unseen_mae=1.7389]
    Epoch 816:  [avg_train_loss=3.4910, avg_seen_mae=1.6839, avg_unseen_mae=1.7389]
    Epoch 817:  [avg_train_loss=3.4910, avg_seen_mae=1.6839, avg_unseen_mae=1.7389]
    Epoch 818:  [avg_train_loss=3.4910, avg_seen_mae=1.6839, avg_unseen_mae=1.7389]
    Epoch 819:  [avg_train_loss=3.4910, avg_seen_mae=1.6839, avg_unseen_mae=1.7389]
    Epoch 820:  [avg_train_loss=3.4910, avg_seen_mae=1.6839, avg_unseen_mae=1.7389]
    Epoch 821:  [avg_train_loss=3.4910, avg_seen_mae=1.6839, avg_unseen_mae=1.7389]
    Epoch 822:  [avg_train_loss=3.4910, avg_seen_mae=1.6839, avg_unseen_mae=1.7389]
    Epoch 823:  [avg_train_loss=3.4910, avg_seen_mae=1.6839, avg_unseen_mae=1.7389]
    Epoch 824:  [avg_train_loss=3.4910, avg_seen_mae=1.6839, avg_unseen_mae=1.7389]
    Epoch 825:  [avg_train_loss=3.4910, avg_seen_mae=1.6839, avg_unseen_mae=1.7389]
    Epoch 826:  [avg_train_loss=3.4910, avg_seen_mae=1.6839, avg_unseen_mae=1.7389]
    Epoch 827:  [avg_train_loss=3.4910, avg_seen_mae=1.6839, avg_unseen_mae=1.7389]
    Epoch 828:  [avg_train_loss=3.4910, avg_seen_mae=1.6839, avg_unseen_mae=1.7389]
    Epoch 829:  [avg_train_loss=3.4910, avg_seen_mae=1.6839, avg_unseen_mae=1.7389]
    Epoch 830:  [avg_train_loss=3.4910, avg_seen_mae=1.6839, avg_unseen_mae=1.7389]
    Epoch 831:  [avg_train_loss=3.4910, avg_seen_mae=1.6839, avg_unseen_mae=1.7389]
    Epoch 832:  [avg_train_loss=3.4910, avg_seen_mae=1.6839, avg_unseen_mae=1.7389]
    Epoch 833:  [avg_train_loss=3.4910, avg_seen_mae=1.6839, avg_unseen_mae=1.7389]
    Epoch 834:  [avg_train_loss=3.4910, avg_seen_mae=1.6839, avg_unseen_mae=1.7389]
    Epoch 835:  [avg_train_loss=3.4910, avg_seen_mae=1.6839, avg_unseen_mae=1.7389]
    Epoch 836:  [avg_train_loss=3.4910, avg_seen_mae=1.6839, avg_unseen_mae=1.7389]
    Epoch 837:  [avg_train_loss=3.4910, avg_seen_mae=1.6839, avg_unseen_mae=1.7389]
    Epoch 838:  [avg_train_loss=3.4910, avg_seen_mae=1.6839, avg_unseen_mae=1.7389]
    Epoch 839:  [avg_train_loss=3.4910, avg_seen_mae=1.6839, avg_unseen_mae=1.7389]
    Epoch 840:  [avg_train_loss=3.4910, avg_seen_mae=1.6839, avg_unseen_mae=1.7389]
    Epoch 841:  [avg_train_loss=3.4910, avg_seen_mae=1.6839, avg_unseen_mae=1.7389]
    Epoch 842:  [avg_train_loss=3.4910, avg_seen_mae=1.6839, avg_unseen_mae=1.7389]
    Epoch 843:  [avg_train_loss=3.4910, avg_seen_mae=1.6839, avg_unseen_mae=1.7389]
    Epoch 844:  [avg_train_loss=3.4910, avg_seen_mae=1.6839, avg_unseen_mae=1.7389]
    Epoch 845:  [avg_train_loss=3.4910, avg_seen_mae=1.6839, avg_unseen_mae=1.7389]
    Epoch 846:  [avg_train_loss=3.4910, avg_seen_mae=1.6839, avg_unseen_mae=1.7389]
    Epoch 847:  [avg_train_loss=3.4910, avg_seen_mae=1.6839, avg_unseen_mae=1.7389]
    Epoch 848:  [avg_train_loss=3.4910, avg_seen_mae=1.6839, avg_unseen_mae=1.7389]
    Epoch 849:  [avg_train_loss=3.4910, avg_seen_mae=1.6839, avg_unseen_mae=1.7389]
    Epoch 850:  [avg_train_loss=3.4910, avg_seen_mae=1.6839, avg_unseen_mae=1.7389]
    Epoch 851:  [avg_train_loss=3.4910, avg_seen_mae=1.6839, avg_unseen_mae=1.7389]
    Epoch 852:  [avg_train_loss=3.4910, avg_seen_mae=1.6839, avg_unseen_mae=1.7389]
    Epoch 853:  [avg_train_loss=3.4910, avg_seen_mae=1.6839, avg_unseen_mae=1.7389]
    Epoch 854:  [avg_train_loss=3.4910, avg_seen_mae=1.6839, avg_unseen_mae=1.7389]
    Epoch 855:  [avg_train_loss=3.4910, avg_seen_mae=1.6839, avg_unseen_mae=1.7389]
    Epoch 856:  [avg_train_loss=3.4910, avg_seen_mae=1.6839, avg_unseen_mae=1.7389]
    Epoch 857:  [avg_train_loss=3.4910, avg_seen_mae=1.6839, avg_unseen_mae=1.7389]
    Epoch 858:  [avg_train_loss=3.4910, avg_seen_mae=1.6839, avg_unseen_mae=1.7389]
    Epoch 859:  [avg_train_loss=3.4910, avg_seen_mae=1.6839, avg_unseen_mae=1.7389]
    Epoch 860:  [avg_train_loss=3.4910, avg_seen_mae=1.6839, avg_unseen_mae=1.7389]
    Epoch 861:  [avg_train_loss=3.4910, avg_seen_mae=1.6839, avg_unseen_mae=1.7389]
    Epoch 862:  [avg_train_loss=3.4910, avg_seen_mae=1.6839, avg_unseen_mae=1.7389]
    Epoch 863:  [avg_train_loss=3.4910, avg_seen_mae=1.6839, avg_unseen_mae=1.7389]
    Epoch 864:  [avg_train_loss=3.4910, avg_seen_mae=1.6839, avg_unseen_mae=1.7389]
    Epoch 865:  [avg_train_loss=3.4910, avg_seen_mae=1.6839, avg_unseen_mae=1.7389]
    Epoch 866:  [avg_train_loss=3.4910, avg_seen_mae=1.6839, avg_unseen_mae=1.7389]
    Epoch 867:  [avg_train_loss=3.4910, avg_seen_mae=1.6839, avg_unseen_mae=1.7389]
    Epoch 868:  [avg_train_loss=3.4910, avg_seen_mae=1.6839, avg_unseen_mae=1.7389]
    Epoch 869:  [avg_train_loss=3.4910, avg_seen_mae=1.6839, avg_unseen_mae=1.7389]
    Epoch 870:  [avg_train_loss=3.4910, avg_seen_mae=1.6839, avg_unseen_mae=1.7389]
    Epoch 871:  [avg_train_loss=3.4910, avg_seen_mae=1.6839, avg_unseen_mae=1.7389]
    Epoch 872:  [avg_train_loss=3.4910, avg_seen_mae=1.6839, avg_unseen_mae=1.7389]
    Epoch 873:  [avg_train_loss=3.4910, avg_seen_mae=1.6839, avg_unseen_mae=1.7389]
    Epoch 874:  [avg_train_loss=3.4910, avg_seen_mae=1.6839, avg_unseen_mae=1.7389]
    Epoch 875:  [avg_train_loss=3.4910, avg_seen_mae=1.6839, avg_unseen_mae=1.7389]
    Epoch 876:  [avg_train_loss=3.4910, avg_seen_mae=1.6839, avg_unseen_mae=1.7389]
    Epoch 877:  [avg_train_loss=3.4910, avg_seen_mae=1.6839, avg_unseen_mae=1.7389]
    Epoch 878:  [avg_train_loss=3.4910, avg_seen_mae=1.6839, avg_unseen_mae=1.7389]
    Epoch 879:  [avg_train_loss=3.4910, avg_seen_mae=1.6839, avg_unseen_mae=1.7389]
    Epoch 880:  [avg_train_loss=3.4910, avg_seen_mae=1.6839, avg_unseen_mae=1.7389]
    Epoch 881:  [avg_train_loss=3.4910, avg_seen_mae=1.6839, avg_unseen_mae=1.7389]
    Epoch 882:  [avg_train_loss=3.4910, avg_seen_mae=1.6839, avg_unseen_mae=1.7389]
    Epoch 883:  [avg_train_loss=3.4910, avg_seen_mae=1.6839, avg_unseen_mae=1.7389]
    Epoch 884:  [avg_train_loss=3.4910, avg_seen_mae=1.6839, avg_unseen_mae=1.7389]
    Epoch 885:  [avg_train_loss=3.4910, avg_seen_mae=1.6839, avg_unseen_mae=1.7389]
    Epoch 886:  [avg_train_loss=3.4910, avg_seen_mae=1.6839, avg_unseen_mae=1.7389]
    Epoch 887:  [avg_train_loss=3.4910, avg_seen_mae=1.6839, avg_unseen_mae=1.7389]
    Epoch 888:  [avg_train_loss=3.4910, avg_seen_mae=1.6839, avg_unseen_mae=1.7389]
    Epoch 889:  [avg_train_loss=3.4910, avg_seen_mae=1.6839, avg_unseen_mae=1.7389]
    Epoch 890:  [avg_train_loss=3.4910, avg_seen_mae=1.6839, avg_unseen_mae=1.7389]
    Epoch 891:  [avg_train_loss=3.4910, avg_seen_mae=1.6839, avg_unseen_mae=1.7389]
    Epoch 892:  [avg_train_loss=3.4910, avg_seen_mae=1.6839, avg_unseen_mae=1.7389]
    Epoch 893:  [avg_train_loss=3.4910, avg_seen_mae=1.6839, avg_unseen_mae=1.7389]
    Epoch 894:  [avg_train_loss=3.4910, avg_seen_mae=1.6839, avg_unseen_mae=1.7389]
    Epoch 895:  [avg_train_loss=3.4910, avg_seen_mae=1.6839, avg_unseen_mae=1.7389]
    Epoch 896:  [avg_train_loss=3.4910, avg_seen_mae=1.6839, avg_unseen_mae=1.7389]
    Epoch 897:  [avg_train_loss=3.4910, avg_seen_mae=1.6839, avg_unseen_mae=1.7389]
    Epoch 898:  [avg_train_loss=3.4910, avg_seen_mae=1.6839, avg_unseen_mae=1.7389]
    Epoch 899:  [avg_train_loss=3.4910, avg_seen_mae=1.6839, avg_unseen_mae=1.7389]
    Epoch 900:  [avg_train_loss=3.4910, avg_seen_mae=1.6839, avg_unseen_mae=1.7389]
    Epoch 901:  [avg_train_loss=3.4910, avg_seen_mae=1.6839, avg_unseen_mae=1.7389]
    Epoch 902:  [avg_train_loss=3.4910, avg_seen_mae=1.6839, avg_unseen_mae=1.7389]
    Epoch 903:  [avg_train_loss=3.4910, avg_seen_mae=1.6839, avg_unseen_mae=1.7389]
    Epoch 904:  [avg_train_loss=3.4910, avg_seen_mae=1.6839, avg_unseen_mae=1.7389]
    Epoch 905:  [avg_train_loss=3.4910, avg_seen_mae=1.6839, avg_unseen_mae=1.7389]
    Epoch 906:  [avg_train_loss=3.4910, avg_seen_mae=1.6839, avg_unseen_mae=1.7389]
    Epoch 907:  [avg_train_loss=3.4910, avg_seen_mae=1.6839, avg_unseen_mae=1.7389]
    Epoch 908:  [avg_train_loss=3.4910, avg_seen_mae=1.6839, avg_unseen_mae=1.7389]
    Epoch 909:  [avg_train_loss=3.4910, avg_seen_mae=1.6839, avg_unseen_mae=1.7389]
    Epoch 910:  [avg_train_loss=3.4910, avg_seen_mae=1.6839, avg_unseen_mae=1.7389]
    Epoch 911:  [avg_train_loss=3.4910, avg_seen_mae=1.6839, avg_unseen_mae=1.7389]
    Epoch 912:  [avg_train_loss=3.4910, avg_seen_mae=1.6839, avg_unseen_mae=1.7389]
    Epoch 913:  [avg_train_loss=3.4910, avg_seen_mae=1.6839, avg_unseen_mae=1.7389]
    Epoch 914:  [avg_train_loss=3.4910, avg_seen_mae=1.6839, avg_unseen_mae=1.7389]
    Epoch 915:  [avg_train_loss=3.4910, avg_seen_mae=1.6839, avg_unseen_mae=1.7389]
    Epoch 916:  [avg_train_loss=3.4910, avg_seen_mae=1.6839, avg_unseen_mae=1.7389]
    Epoch 917:  [avg_train_loss=3.4910, avg_seen_mae=1.6839, avg_unseen_mae=1.7389]
    Epoch 918:  [avg_train_loss=3.4910, avg_seen_mae=1.6839, avg_unseen_mae=1.7389]
    Epoch 919:  [avg_train_loss=3.4910, avg_seen_mae=1.6839, avg_unseen_mae=1.7389]
    Epoch 920:  [avg_train_loss=3.4910, avg_seen_mae=1.6839, avg_unseen_mae=1.7389]
    Epoch 921:  [avg_train_loss=3.4910, avg_seen_mae=1.6839, avg_unseen_mae=1.7389]
    Epoch 922:  [avg_train_loss=3.4910, avg_seen_mae=1.6839, avg_unseen_mae=1.7389]
    Epoch 923:  [avg_train_loss=3.4910, avg_seen_mae=1.6839, avg_unseen_mae=1.7389]
    Epoch 924:  [avg_train_loss=3.4910, avg_seen_mae=1.6839, avg_unseen_mae=1.7389]
    Epoch 925:  [avg_train_loss=3.4910, avg_seen_mae=1.6839, avg_unseen_mae=1.7389]
    Epoch 926:  [avg_train_loss=3.4910, avg_seen_mae=1.6839, avg_unseen_mae=1.7389]
    Epoch 927:  [avg_train_loss=3.4910, avg_seen_mae=1.6839, avg_unseen_mae=1.7389]
    Epoch 928:  [avg_train_loss=3.4910, avg_seen_mae=1.6839, avg_unseen_mae=1.7389]
    Epoch 929:  [avg_train_loss=3.4910, avg_seen_mae=1.6839, avg_unseen_mae=1.7389]
    Epoch 930:  [avg_train_loss=3.4910, avg_seen_mae=1.6839, avg_unseen_mae=1.7389]
    Epoch 931:  [avg_train_loss=3.4910, avg_seen_mae=1.6839, avg_unseen_mae=1.7389]
    Epoch 932:  [avg_train_loss=3.4910, avg_seen_mae=1.6839, avg_unseen_mae=1.7389]
    Epoch 933:  [avg_train_loss=3.4910, avg_seen_mae=1.6839, avg_unseen_mae=1.7389]
    Epoch 934:  [avg_train_loss=3.4910, avg_seen_mae=1.6839, avg_unseen_mae=1.7389]
    Epoch 935:  [avg_train_loss=3.4910, avg_seen_mae=1.6839, avg_unseen_mae=1.7389]
    Epoch 936:  [avg_train_loss=3.4910, avg_seen_mae=1.6839, avg_unseen_mae=1.7389]
    Epoch 937:  [avg_train_loss=3.4910, avg_seen_mae=1.6839, avg_unseen_mae=1.7389]
    Epoch 938:  [avg_train_loss=3.4910, avg_seen_mae=1.6839, avg_unseen_mae=1.7389]
    Epoch 939:  [avg_train_loss=3.4910, avg_seen_mae=1.6839, avg_unseen_mae=1.7389]
    Epoch 940:  [avg_train_loss=3.4910, avg_seen_mae=1.6839, avg_unseen_mae=1.7389]
    Epoch 941:  [avg_train_loss=3.4910, avg_seen_mae=1.6839, avg_unseen_mae=1.7389]
    Epoch 942:  [avg_train_loss=3.4910, avg_seen_mae=1.6839, avg_unseen_mae=1.7389]
    Epoch 943:  [avg_train_loss=3.4910, avg_seen_mae=1.6839, avg_unseen_mae=1.7389]
    Epoch 944:  [avg_train_loss=3.4910, avg_seen_mae=1.6839, avg_unseen_mae=1.7389]
    Epoch 945:  [avg_train_loss=3.4910, avg_seen_mae=1.6839, avg_unseen_mae=1.7389]
    Epoch 946:  [avg_train_loss=3.4910, avg_seen_mae=1.6839, avg_unseen_mae=1.7389]
    Epoch 947:  [avg_train_loss=3.4910, avg_seen_mae=1.6839, avg_unseen_mae=1.7389]
    Epoch 948:  [avg_train_loss=3.4910, avg_seen_mae=1.6839, avg_unseen_mae=1.7389]
    Epoch 949:  [avg_train_loss=3.4910, avg_seen_mae=1.6839, avg_unseen_mae=1.7389]
    Epoch 950:  [avg_train_loss=3.4910, avg_seen_mae=1.6839, avg_unseen_mae=1.7389]
    Epoch 951:  [avg_train_loss=3.4910, avg_seen_mae=1.6839, avg_unseen_mae=1.7389]
    Epoch 952:  [avg_train_loss=3.4910, avg_seen_mae=1.6839, avg_unseen_mae=1.7389]
    Epoch 953:  [avg_train_loss=3.4910, avg_seen_mae=1.6839, avg_unseen_mae=1.7389]
    Epoch 954:  [avg_train_loss=3.4910, avg_seen_mae=1.6839, avg_unseen_mae=1.7389]
    Epoch 955:  [avg_train_loss=3.4910, avg_seen_mae=1.6839, avg_unseen_mae=1.7389]
    Epoch 956:  [avg_train_loss=3.4910, avg_seen_mae=1.6839, avg_unseen_mae=1.7389]
    Epoch 957:  [avg_train_loss=3.4910, avg_seen_mae=1.6839, avg_unseen_mae=1.7389]
    Epoch 958:  [avg_train_loss=3.4910, avg_seen_mae=1.6839, avg_unseen_mae=1.7389]
    Epoch 959:  [avg_train_loss=3.4910, avg_seen_mae=1.6839, avg_unseen_mae=1.7389]
    Epoch 960:  [avg_train_loss=3.4910, avg_seen_mae=1.6839, avg_unseen_mae=1.7389]
    Epoch 961:  [avg_train_loss=3.4910, avg_seen_mae=1.6839, avg_unseen_mae=1.7389]
    Epoch 962:  [avg_train_loss=3.4910, avg_seen_mae=1.6839, avg_unseen_mae=1.7389]
    Epoch 963:  [avg_train_loss=3.4910, avg_seen_mae=1.6839, avg_unseen_mae=1.7389]
    Epoch 964:  [avg_train_loss=3.4910, avg_seen_mae=1.6839, avg_unseen_mae=1.7389]
    Epoch 965:  [avg_train_loss=3.4910, avg_seen_mae=1.6839, avg_unseen_mae=1.7389]
    Epoch 966:  [avg_train_loss=3.4910, avg_seen_mae=1.6839, avg_unseen_mae=1.7389]
    Epoch 967:  [avg_train_loss=3.4910, avg_seen_mae=1.6839, avg_unseen_mae=1.7389]
    Epoch 968:  [avg_train_loss=3.4910, avg_seen_mae=1.6839, avg_unseen_mae=1.7389]
    Epoch 969:  [avg_train_loss=3.4910, avg_seen_mae=1.6839, avg_unseen_mae=1.7389]
    Epoch 970:  [avg_train_loss=3.4910, avg_seen_mae=1.6839, avg_unseen_mae=1.7389]
    Epoch 971:  [avg_train_loss=3.4910, avg_seen_mae=1.6839, avg_unseen_mae=1.7389]
    Epoch 972:  [avg_train_loss=3.4910, avg_seen_mae=1.6839, avg_unseen_mae=1.7389]
    Epoch 973:  [avg_train_loss=3.4910, avg_seen_mae=1.6839, avg_unseen_mae=1.7389]
    Epoch 974:  [avg_train_loss=3.4910, avg_seen_mae=1.6839, avg_unseen_mae=1.7389]
    Epoch 975:  [avg_train_loss=3.4910, avg_seen_mae=1.6839, avg_unseen_mae=1.7389]
    Epoch 976:  [avg_train_loss=3.4910, avg_seen_mae=1.6839, avg_unseen_mae=1.7389]
    Epoch 977:  [avg_train_loss=3.4910, avg_seen_mae=1.6839, avg_unseen_mae=1.7389]
    Epoch 978:  [avg_train_loss=3.4910, avg_seen_mae=1.6839, avg_unseen_mae=1.7389]
    Epoch 979:  [avg_train_loss=3.4910, avg_seen_mae=1.6839, avg_unseen_mae=1.7389]
    Epoch 980:  [avg_train_loss=3.4910, avg_seen_mae=1.6839, avg_unseen_mae=1.7389]
    Epoch 981:  [avg_train_loss=3.4910, avg_seen_mae=1.6839, avg_unseen_mae=1.7389]
    Epoch 982:  [avg_train_loss=3.4910, avg_seen_mae=1.6839, avg_unseen_mae=1.7389]
    Epoch 983:  [avg_train_loss=3.4910, avg_seen_mae=1.6839, avg_unseen_mae=1.7389]
    Epoch 984:  [avg_train_loss=3.4910, avg_seen_mae=1.6839, avg_unseen_mae=1.7389]
    Epoch 985:  [avg_train_loss=3.4910, avg_seen_mae=1.6839, avg_unseen_mae=1.7389]
    Epoch 986:  [avg_train_loss=3.4910, avg_seen_mae=1.6839, avg_unseen_mae=1.7389]
    Epoch 987:  [avg_train_loss=3.4910, avg_seen_mae=1.6839, avg_unseen_mae=1.7389]
    Epoch 988:  [avg_train_loss=3.4910, avg_seen_mae=1.6839, avg_unseen_mae=1.7389]
    Epoch 989:  [avg_train_loss=3.4910, avg_seen_mae=1.6839, avg_unseen_mae=1.7389]
    Epoch 990:  [avg_train_loss=3.4910, avg_seen_mae=1.6839, avg_unseen_mae=1.7389]
    Epoch 991:  [avg_train_loss=3.4910, avg_seen_mae=1.6839, avg_unseen_mae=1.7389]
    Epoch 992:  [avg_train_loss=3.4910, avg_seen_mae=1.6839, avg_unseen_mae=1.7389]
    Epoch 993:  [avg_train_loss=3.4910, avg_seen_mae=1.6839, avg_unseen_mae=1.7389]
    Epoch 994:  [avg_train_loss=3.4910, avg_seen_mae=1.6839, avg_unseen_mae=1.7389]
    Epoch 995:  [avg_train_loss=3.4910, avg_seen_mae=1.6839, avg_unseen_mae=1.7389]
    Epoch 996:  [avg_train_loss=3.4910, avg_seen_mae=1.6839, avg_unseen_mae=1.7389]
    Epoch 997:  [avg_train_loss=3.4910, avg_seen_mae=1.6839, avg_unseen_mae=1.7389]
    Epoch 998:  [avg_train_loss=3.4910, avg_seen_mae=1.6839, avg_unseen_mae=1.7389]
    Epoch 999:  [avg_train_loss=3.4910, avg_seen_mae=1.6839, avg_unseen_mae=1.7389]
    Epoch 1000:  [avg_train_loss=3.4910, avg_seen_mae=1.6839, avg_unseen_mae=1.7389]
  [AGGREGATED_CURVES_END]


==================================================
  Experiment: Withholding m=10 stations
==================================================
  Running 10 iterations for m=10...

  --- Iteration 1/10 ---
  Unseen stations (10): ['0-20000-0-06278', '0-20000-0-06279', '0-20000-0-06280', '0-20000-0-06286', '0-20000-0-06290', '0-20000-0-06310', '0-20000-0-06344', '0-20000-0-06356', '0-20000-0-06370', '0-20000-0-06380']
  [Time Est] ~20.4s/epoch. ETA for m=10: ~67.9 mins.
    Epoch   10/1000 | Loss: 3.4829 | Monitor MAE: 1.8133 | Patience: 2/10
    Epoch   20/1000 | Loss: 3.4376 | Monitor MAE: 1.7961 | Patience: 0/10
    Epoch   30/1000 | Loss: 3.4157 | Monitor MAE: 1.7814 | Patience: 2/10
    Epoch   40/1000 | Loss: 3.3987 | Monitor MAE: 1.7784 | Patience: 3/10
    Early stopping triggered after 46 epochs.
    Iter 1 Results -> Seen MAE: 1.6295 | Unseen MAE: 1.7723

  --- Iteration 2/10 ---
  Unseen stations (10): ['0-20000-0-06260', '0-20000-0-06275', '0-20000-0-06279', '0-20000-0-06283', '0-20000-0-06310', '0-20000-0-06330', '0-20000-0-06344', '0-20000-0-06350', '0-20000-0-06356', '0-20000-0-06370']
    Epoch   10/1000 | Loss: 3.5145 | Monitor MAE: 1.7831 | Patience: 1/10
    Epoch   20/1000 | Loss: 3.4717 | Monitor MAE: 1.7671 | Patience: 1/10
    Epoch   30/1000 | Loss: 3.4421 | Monitor MAE: 1.7614 | Patience: 1/10
    Epoch   40/1000 | Loss: 3.4260 | Monitor MAE: 1.7391 | Patience: 0/10
    Epoch   50/1000 | Loss: 3.4093 | Monitor MAE: 1.7397 | Patience: 2/10
    Epoch   60/1000 | Loss: 3.3984 | Monitor MAE: 1.7283 | Patience: 0/10
    Epoch   70/1000 | Loss: 3.3801 | Monitor MAE: 1.7259 | Patience: 4/10
    Early stopping triggered after 75 epochs.
    Iter 2 Results -> Seen MAE: 1.6200 | Unseen MAE: 1.7243

  --- Iteration 3/10 ---
  Unseen stations (10): ['0-20000-0-06235', '0-20000-0-06269', '0-20000-0-06273', '0-20000-0-06275', '0-20000-0-06280', '0-20000-0-06283', '0-20000-0-06286', '0-20000-0-06330', '0-20000-0-06348', '0-20000-0-06375']
    Epoch   10/1000 | Loss: 3.5413 | Monitor MAE: 1.7630 | Patience: 0/10
    Epoch   20/1000 | Loss: 3.5000 | Monitor MAE: 1.7345 | Patience: 1/10
    Epoch   30/1000 | Loss: 3.4721 | Monitor MAE: 1.7263 | Patience: 0/10
    Epoch   40/1000 | Loss: 3.4537 | Monitor MAE: 1.7221 | Patience: 7/10
    Epoch   50/1000 | Loss: 3.4358 | Monitor MAE: 1.7099 | Patience: 0/10
    Epoch   60/1000 | Loss: 3.4218 | Monitor MAE: 1.7033 | Patience: 7/10
    Epoch   70/1000 | Loss: 3.4095 | Monitor MAE: 1.7035 | Patience: 6/10
    Early stopping triggered after 73 epochs.
    Iter 3 Results -> Seen MAE: 1.6412 | Unseen MAE: 1.6971

  --- Iteration 4/10 ---
  Unseen stations (10): ['0-20000-0-06235', '0-20000-0-06270', '0-20000-0-06278', '0-20000-0-06279', '0-20000-0-06283', '0-20000-0-06286', '0-20000-0-06344', '0-20000-0-06350', '0-20000-0-06356', '0-20000-0-06370']
    Epoch   10/1000 | Loss: 3.5143 | Monitor MAE: 1.7450 | Patience: 0/10
    Epoch   20/1000 | Loss: 3.4700 | Monitor MAE: 1.7338 | Patience: 3/10
    Epoch   30/1000 | Loss: 3.4505 | Monitor MAE: 1.7296 | Patience: 4/10
    Early stopping triggered after 35 epochs.
    Iter 4 Results -> Seen MAE: 1.7017 | Unseen MAE: 1.7261

  --- Iteration 5/10 ---
  Unseen stations (10): ['0-20000-0-06269', '0-20000-0-06270', '0-20000-0-06280', '0-20000-0-06283', '0-20000-0-06290', '0-20000-0-06320', '0-20000-0-06330', '0-20000-0-06344', '0-20000-0-06348', '0-20000-0-06356']
    Epoch   10/1000 | Loss: 3.6202 | Monitor MAE: 1.7530 | Patience: 0/10
    Epoch   20/1000 | Loss: 3.5781 | Monitor MAE: 1.7290 | Patience: 1/10
    Epoch   30/1000 | Loss: 3.5522 | Monitor MAE: 1.7201 | Patience: 3/10
    Epoch   40/1000 | Loss: 3.5306 | Monitor MAE: 1.7159 | Patience: 0/10
    Epoch   50/1000 | Loss: 3.5206 | Monitor MAE: 1.7084 | Patience: 3/10
    Early stopping triggered after 56 epochs.
    Iter 5 Results -> Seen MAE: 1.7002 | Unseen MAE: 1.6961

  --- Iteration 6/10 ---
  Unseen stations (10): ['0-20000-0-06240', '0-20000-0-06275', '0-20000-0-06279', '0-20000-0-06280', '0-20000-0-06290', '0-20000-0-06320', '0-20000-0-06330', '0-20000-0-06348', '0-20000-0-06356', '0-20000-0-06370']
    Epoch   10/1000 | Loss: 3.5460 | Monitor MAE: 1.7799 | Patience: 5/10
    Epoch   20/1000 | Loss: 3.5109 | Monitor MAE: 1.7544 | Patience: 0/10
    Epoch   30/1000 | Loss: 3.4867 | Monitor MAE: 1.7480 | Patience: 3/10
    Epoch   40/1000 | Loss: 3.4696 | Monitor MAE: 1.7452 | Patience: 6/10
    Early stopping triggered after 43 epochs.
    Iter 6 Results -> Seen MAE: 1.6776 | Unseen MAE: 1.7379

  --- Iteration 7/10 ---
  Unseen stations (10): ['0-20000-0-06235', '0-20000-0-06270', '0-20000-0-06275', '0-20000-0-06279', '0-20000-0-06286', '0-20000-0-06290', '0-20000-0-06330', '0-20000-0-06344', '0-20000-0-06370', '0-20000-0-06380']
    Epoch   10/1000 | Loss: 3.5165 | Monitor MAE: 1.7967 | Patience: 2/10
    Epoch   20/1000 | Loss: 3.4741 | Monitor MAE: 1.8063 | Patience: 4/10
    Early stopping triggered after 25 epochs.
    Iter 7 Results -> Seen MAE: 1.6831 | Unseen MAE: 1.7847

  --- Iteration 8/10 ---
  Unseen stations (10): ['0-20000-0-06235', '0-20000-0-06260', '0-20000-0-06273', '0-20000-0-06275', '0-20000-0-06290', '0-20000-0-06320', '0-20000-0-06350', '0-20000-0-06356', '0-20000-0-06370', '0-20000-0-06375']
    Epoch   10/1000 | Loss: 3.5184 | Monitor MAE: 1.8096 | Patience: 0/10
    Epoch   20/1000 | Loss: 3.4798 | Monitor MAE: 1.7673 | Patience: 0/10
    Epoch   30/1000 | Loss: 3.4630 | Monitor MAE: 1.7686 | Patience: 3/10
    Epoch   40/1000 | Loss: 3.4462 | Monitor MAE: 1.7509 | Patience: 6/10
    Epoch   50/1000 | Loss: 3.4373 | Monitor MAE: 1.7537 | Patience: 0/10
    Epoch   60/1000 | Loss: 3.4261 | Monitor MAE: 1.7426 | Patience: 7/10
    Early stopping triggered after 62 epochs.
    Iter 8 Results -> Seen MAE: 1.6582 | Unseen MAE: 1.7412

  --- Iteration 9/10 ---
  Unseen stations (10): ['0-20000-0-06260', '0-20000-0-06269', '0-20000-0-06270', '0-20000-0-06273', '0-20000-0-06283', '0-20000-0-06290', '0-20000-0-06310', '0-20000-0-06348', '0-20000-0-06350', '0-20000-0-06380']
    Epoch   10/1000 | Loss: 3.5321 | Monitor MAE: 1.8065 | Patience: 8/10
    Epoch   20/1000 | Loss: 3.4951 | Monitor MAE: 1.7733 | Patience: 1/10
    Epoch   30/1000 | Loss: 3.4719 | Monitor MAE: 1.7628 | Patience: 0/10
    Epoch   40/1000 | Loss: 3.4516 | Monitor MAE: 1.7497 | Patience: 0/10
    Epoch   50/1000 | Loss: 3.4380 | Monitor MAE: 1.7401 | Patience: 0/10
    Epoch   60/1000 | Loss: 3.4210 | Monitor MAE: 1.7397 | Patience: 5/10
    Early stopping triggered after 64 epochs.
    Iter 9 Results -> Seen MAE: 1.6537 | Unseen MAE: 1.7346

  --- Iteration 10/10 ---
  Unseen stations (10): ['0-20000-0-06235', '0-20000-0-06278', '0-20000-0-06279', '0-20000-0-06280', '0-20000-0-06286', '0-20000-0-06310', '0-20000-0-06320', '0-20000-0-06330', '0-20000-0-06370', '0-20000-0-06375']
    Epoch   10/1000 | Loss: 3.6206 | Monitor MAE: 1.8434 | Patience: 6/10
    Early stopping triggered after 13 epochs.
    Iter 10 Results -> Seen MAE: 1.7892 | Unseen MAE: 1.8062

  ========================================
  AGGREGATED RESULTS (Across all iterations)
  SEEN   mean MAE Tmax: 1.6755
  UNSEEN mean MAE Tmax: 1.7421 ± 0.0341
  Degradation: 0.0666 °C
  ========================================

  [AGGREGATED_CURVES_START]
    Epoch 1:  [avg_train_loss=3.7428, avg_seen_mae=1.8001, avg_unseen_mae=1.8350]
    Epoch 2:  [avg_train_loss=3.6496, avg_seen_mae=1.7701, avg_unseen_mae=1.8120]
    Epoch 3:  [avg_train_loss=3.6147, avg_seen_mae=1.7570, avg_unseen_mae=1.8029]
    Epoch 4:  [avg_train_loss=3.5960, avg_seen_mae=1.7520, avg_unseen_mae=1.8043]
    Epoch 5:  [avg_train_loss=3.5823, avg_seen_mae=1.7462, avg_unseen_mae=1.8007]
    Epoch 6:  [avg_train_loss=3.5713, avg_seen_mae=1.7428, avg_unseen_mae=1.8004]
    Epoch 7:  [avg_train_loss=3.5626, avg_seen_mae=1.7355, avg_unseen_mae=1.7961]
    Epoch 8:  [avg_train_loss=3.5534, avg_seen_mae=1.7322, avg_unseen_mae=1.7946]
    Epoch 9:  [avg_train_loss=3.5467, avg_seen_mae=1.7252, avg_unseen_mae=1.7911]
    Epoch 10:  [avg_train_loss=3.5407, avg_seen_mae=1.7224, avg_unseen_mae=1.7894]
    Epoch 11:  [avg_train_loss=3.5341, avg_seen_mae=1.7200, avg_unseen_mae=1.7855]
    Epoch 12:  [avg_train_loss=3.5299, avg_seen_mae=1.7153, avg_unseen_mae=1.7844]
    Epoch 13:  [avg_train_loss=3.5248, avg_seen_mae=1.7128, avg_unseen_mae=1.7828]
    Epoch 14:  [avg_train_loss=3.5212, avg_seen_mae=1.7087, avg_unseen_mae=1.7803]
    Epoch 15:  [avg_train_loss=3.5175, avg_seen_mae=1.7057, avg_unseen_mae=1.7745]
    Epoch 16:  [avg_train_loss=3.5141, avg_seen_mae=1.7036, avg_unseen_mae=1.7745]
    Epoch 17:  [avg_train_loss=3.5117, avg_seen_mae=1.7006, avg_unseen_mae=1.7739]
    Epoch 18:  [avg_train_loss=3.5086, avg_seen_mae=1.6972, avg_unseen_mae=1.7698]
    Epoch 19:  [avg_train_loss=3.5046, avg_seen_mae=1.6986, avg_unseen_mae=1.7707]
    Epoch 20:  [avg_train_loss=3.5022, avg_seen_mae=1.6951, avg_unseen_mae=1.7689]
    Epoch 21:  [avg_train_loss=3.4995, avg_seen_mae=1.6923, avg_unseen_mae=1.7661]
    Epoch 22:  [avg_train_loss=3.4984, avg_seen_mae=1.6926, avg_unseen_mae=1.7688]
    Epoch 23:  [avg_train_loss=3.4963, avg_seen_mae=1.6920, avg_unseen_mae=1.7668]
    Epoch 24:  [avg_train_loss=3.4936, avg_seen_mae=1.6913, avg_unseen_mae=1.7683]
    Epoch 25:  [avg_train_loss=3.4909, avg_seen_mae=1.6883, avg_unseen_mae=1.7657]
    Epoch 26:  [avg_train_loss=3.4876, avg_seen_mae=1.6867, avg_unseen_mae=1.7650]
    Epoch 27:  [avg_train_loss=3.4870, avg_seen_mae=1.6867, avg_unseen_mae=1.7656]
    Epoch 28:  [avg_train_loss=3.4853, avg_seen_mae=1.6855, avg_unseen_mae=1.7640]
    Epoch 29:  [avg_train_loss=3.4827, avg_seen_mae=1.6851, avg_unseen_mae=1.7640]
    Epoch 30:  [avg_train_loss=3.4814, avg_seen_mae=1.6824, avg_unseen_mae=1.7629]
    Epoch 31:  [avg_train_loss=3.4796, avg_seen_mae=1.6834, avg_unseen_mae=1.7638]
    Epoch 32:  [avg_train_loss=3.4786, avg_seen_mae=1.6808, avg_unseen_mae=1.7606]
    Epoch 33:  [avg_train_loss=3.4770, avg_seen_mae=1.6798, avg_unseen_mae=1.7598]
    Epoch 34:  [avg_train_loss=3.4759, avg_seen_mae=1.6797, avg_unseen_mae=1.7616]
    Epoch 35:  [avg_train_loss=3.4736, avg_seen_mae=1.6794, avg_unseen_mae=1.7606]
    Epoch 36:  [avg_train_loss=3.4729, avg_seen_mae=1.6773, avg_unseen_mae=1.7591]
    Epoch 37:  [avg_train_loss=3.4716, avg_seen_mae=1.6775, avg_unseen_mae=1.7591]
    Epoch 38:  [avg_train_loss=3.4707, avg_seen_mae=1.6754, avg_unseen_mae=1.7587]
    Epoch 39:  [avg_train_loss=3.4688, avg_seen_mae=1.6755, avg_unseen_mae=1.7572]
    Epoch 40:  [avg_train_loss=3.4676, avg_seen_mae=1.6736, avg_unseen_mae=1.7560]
    Epoch 41:  [avg_train_loss=3.4666, avg_seen_mae=1.6735, avg_unseen_mae=1.7569]
    Epoch 42:  [avg_train_loss=3.4645, avg_seen_mae=1.6742, avg_unseen_mae=1.7561]
    Epoch 43:  [avg_train_loss=3.4649, avg_seen_mae=1.6754, avg_unseen_mae=1.7570]
    Epoch 44:  [avg_train_loss=3.4639, avg_seen_mae=1.6725, avg_unseen_mae=1.7558]
    Epoch 45:  [avg_train_loss=3.4631, avg_seen_mae=1.6716, avg_unseen_mae=1.7547]
    Epoch 46:  [avg_train_loss=3.4624, avg_seen_mae=1.6713, avg_unseen_mae=1.7530]
    Epoch 47:  [avg_train_loss=3.4607, avg_seen_mae=1.6706, avg_unseen_mae=1.7541]
    Epoch 48:  [avg_train_loss=3.4606, avg_seen_mae=1.6705, avg_unseen_mae=1.7538]
    Epoch 49:  [avg_train_loss=3.4597, avg_seen_mae=1.6695, avg_unseen_mae=1.7521]
    Epoch 50:  [avg_train_loss=3.4594, avg_seen_mae=1.6703, avg_unseen_mae=1.7535]
    Epoch 51:  [avg_train_loss=3.4589, avg_seen_mae=1.6698, avg_unseen_mae=1.7529]
    Epoch 52:  [avg_train_loss=3.4573, avg_seen_mae=1.6682, avg_unseen_mae=1.7511]
    Epoch 53:  [avg_train_loss=3.4569, avg_seen_mae=1.6700, avg_unseen_mae=1.7534]
    Epoch 54:  [avg_train_loss=3.4565, avg_seen_mae=1.6681, avg_unseen_mae=1.7506]
    Epoch 55:  [avg_train_loss=3.4563, avg_seen_mae=1.6677, avg_unseen_mae=1.7504]
    Epoch 56:  [avg_train_loss=3.4555, avg_seen_mae=1.6669, avg_unseen_mae=1.7505]
    Epoch 57:  [avg_train_loss=3.4542, avg_seen_mae=1.6676, avg_unseen_mae=1.7514]
    Epoch 58:  [avg_train_loss=3.4538, avg_seen_mae=1.6671, avg_unseen_mae=1.7508]
    Epoch 59:  [avg_train_loss=3.4538, avg_seen_mae=1.6661, avg_unseen_mae=1.7498]
    Epoch 60:  [avg_train_loss=3.4533, avg_seen_mae=1.6663, avg_unseen_mae=1.7496]
    Epoch 61:  [avg_train_loss=3.4531, avg_seen_mae=1.6678, avg_unseen_mae=1.7517]
    Epoch 62:  [avg_train_loss=3.4526, avg_seen_mae=1.6649, avg_unseen_mae=1.7490]
    Epoch 63:  [avg_train_loss=3.4517, avg_seen_mae=1.6664, avg_unseen_mae=1.7502]
    Epoch 64:  [avg_train_loss=3.4519, avg_seen_mae=1.6644, avg_unseen_mae=1.7489]
    Epoch 65:  [avg_train_loss=3.4519, avg_seen_mae=1.6647, avg_unseen_mae=1.7487]
    Epoch 66:  [avg_train_loss=3.4513, avg_seen_mae=1.6644, avg_unseen_mae=1.7491]
    Epoch 67:  [avg_train_loss=3.4507, avg_seen_mae=1.6642, avg_unseen_mae=1.7488]
    Epoch 68:  [avg_train_loss=3.4503, avg_seen_mae=1.6652, avg_unseen_mae=1.7497]
    Epoch 69:  [avg_train_loss=3.4502, avg_seen_mae=1.6644, avg_unseen_mae=1.7493]
    Epoch 70:  [avg_train_loss=3.4498, avg_seen_mae=1.6646, avg_unseen_mae=1.7493]
    Epoch 71:  [avg_train_loss=3.4502, avg_seen_mae=1.6638, avg_unseen_mae=1.7491]
    Epoch 72:  [avg_train_loss=3.4491, avg_seen_mae=1.6649, avg_unseen_mae=1.7497]
    Epoch 73:  [avg_train_loss=3.4496, avg_seen_mae=1.6633, avg_unseen_mae=1.7492]
    Epoch 74:  [avg_train_loss=3.4498, avg_seen_mae=1.6635, avg_unseen_mae=1.7491]
    Epoch 75:  [avg_train_loss=3.4495, avg_seen_mae=1.6635, avg_unseen_mae=1.7491]
    Epoch 76:  [avg_train_loss=3.4495, avg_seen_mae=1.6635, avg_unseen_mae=1.7491]
    Epoch 77:  [avg_train_loss=3.4495, avg_seen_mae=1.6635, avg_unseen_mae=1.7491]
    Epoch 78:  [avg_train_loss=3.4495, avg_seen_mae=1.6635, avg_unseen_mae=1.7491]
    Epoch 79:  [avg_train_loss=3.4495, avg_seen_mae=1.6635, avg_unseen_mae=1.7491]
    Epoch 80:  [avg_train_loss=3.4495, avg_seen_mae=1.6635, avg_unseen_mae=1.7491]
    Epoch 81:  [avg_train_loss=3.4495, avg_seen_mae=1.6635, avg_unseen_mae=1.7491]
    Epoch 82:  [avg_train_loss=3.4495, avg_seen_mae=1.6635, avg_unseen_mae=1.7491]
    Epoch 83:  [avg_train_loss=3.4495, avg_seen_mae=1.6635, avg_unseen_mae=1.7491]
    Epoch 84:  [avg_train_loss=3.4495, avg_seen_mae=1.6635, avg_unseen_mae=1.7491]
    Epoch 85:  [avg_train_loss=3.4495, avg_seen_mae=1.6635, avg_unseen_mae=1.7491]
    Epoch 86:  [avg_train_loss=3.4495, avg_seen_mae=1.6635, avg_unseen_mae=1.7491]
    Epoch 87:  [avg_train_loss=3.4495, avg_seen_mae=1.6635, avg_unseen_mae=1.7491]
    Epoch 88:  [avg_train_loss=3.4495, avg_seen_mae=1.6635, avg_unseen_mae=1.7491]
    Epoch 89:  [avg_train_loss=3.4495, avg_seen_mae=1.6635, avg_unseen_mae=1.7491]
    Epoch 90:  [avg_train_loss=3.4495, avg_seen_mae=1.6635, avg_unseen_mae=1.7491]
    Epoch 91:  [avg_train_loss=3.4495, avg_seen_mae=1.6635, avg_unseen_mae=1.7491]
    Epoch 92:  [avg_train_loss=3.4495, avg_seen_mae=1.6635, avg_unseen_mae=1.7491]
    Epoch 93:  [avg_train_loss=3.4495, avg_seen_mae=1.6635, avg_unseen_mae=1.7491]
    Epoch 94:  [avg_train_loss=3.4495, avg_seen_mae=1.6635, avg_unseen_mae=1.7491]
    Epoch 95:  [avg_train_loss=3.4495, avg_seen_mae=1.6635, avg_unseen_mae=1.7491]
    Epoch 96:  [avg_train_loss=3.4495, avg_seen_mae=1.6635, avg_unseen_mae=1.7491]
    Epoch 97:  [avg_train_loss=3.4495, avg_seen_mae=1.6635, avg_unseen_mae=1.7491]
    Epoch 98:  [avg_train_loss=3.4495, avg_seen_mae=1.6635, avg_unseen_mae=1.7491]
    Epoch 99:  [avg_train_loss=3.4495, avg_seen_mae=1.6635, avg_unseen_mae=1.7491]
    Epoch 100:  [avg_train_loss=3.4495, avg_seen_mae=1.6635, avg_unseen_mae=1.7491]
    Epoch 101:  [avg_train_loss=3.4495, avg_seen_mae=1.6635, avg_unseen_mae=1.7491]
    Epoch 102:  [avg_train_loss=3.4495, avg_seen_mae=1.6635, avg_unseen_mae=1.7491]
    Epoch 103:  [avg_train_loss=3.4495, avg_seen_mae=1.6635, avg_unseen_mae=1.7491]
    Epoch 104:  [avg_train_loss=3.4495, avg_seen_mae=1.6635, avg_unseen_mae=1.7491]
    Epoch 105:  [avg_train_loss=3.4495, avg_seen_mae=1.6635, avg_unseen_mae=1.7491]
    Epoch 106:  [avg_train_loss=3.4495, avg_seen_mae=1.6635, avg_unseen_mae=1.7491]
    Epoch 107:  [avg_train_loss=3.4495, avg_seen_mae=1.6635, avg_unseen_mae=1.7491]
    Epoch 108:  [avg_train_loss=3.4495, avg_seen_mae=1.6635, avg_unseen_mae=1.7491]
    Epoch 109:  [avg_train_loss=3.4495, avg_seen_mae=1.6635, avg_unseen_mae=1.7491]
    Epoch 110:  [avg_train_loss=3.4495, avg_seen_mae=1.6635, avg_unseen_mae=1.7491]
    Epoch 111:  [avg_train_loss=3.4495, avg_seen_mae=1.6635, avg_unseen_mae=1.7491]
    Epoch 112:  [avg_train_loss=3.4495, avg_seen_mae=1.6635, avg_unseen_mae=1.7491]
    Epoch 113:  [avg_train_loss=3.4495, avg_seen_mae=1.6635, avg_unseen_mae=1.7491]
    Epoch 114:  [avg_train_loss=3.4495, avg_seen_mae=1.6635, avg_unseen_mae=1.7491]
    Epoch 115:  [avg_train_loss=3.4495, avg_seen_mae=1.6635, avg_unseen_mae=1.7491]
    Epoch 116:  [avg_train_loss=3.4495, avg_seen_mae=1.6635, avg_unseen_mae=1.7491]
    Epoch 117:  [avg_train_loss=3.4495, avg_seen_mae=1.6635, avg_unseen_mae=1.7491]
    Epoch 118:  [avg_train_loss=3.4495, avg_seen_mae=1.6635, avg_unseen_mae=1.7491]
    Epoch 119:  [avg_train_loss=3.4495, avg_seen_mae=1.6635, avg_unseen_mae=1.7491]
    Epoch 120:  [avg_train_loss=3.4495, avg_seen_mae=1.6635, avg_unseen_mae=1.7491]
    Epoch 121:  [avg_train_loss=3.4495, avg_seen_mae=1.6635, avg_unseen_mae=1.7491]
    Epoch 122:  [avg_train_loss=3.4495, avg_seen_mae=1.6635, avg_unseen_mae=1.7491]
    Epoch 123:  [avg_train_loss=3.4495, avg_seen_mae=1.6635, avg_unseen_mae=1.7491]
    Epoch 124:  [avg_train_loss=3.4495, avg_seen_mae=1.6635, avg_unseen_mae=1.7491]
    Epoch 125:  [avg_train_loss=3.4495, avg_seen_mae=1.6635, avg_unseen_mae=1.7491]
    Epoch 126:  [avg_train_loss=3.4495, avg_seen_mae=1.6635, avg_unseen_mae=1.7491]
    Epoch 127:  [avg_train_loss=3.4495, avg_seen_mae=1.6635, avg_unseen_mae=1.7491]
    Epoch 128:  [avg_train_loss=3.4495, avg_seen_mae=1.6635, avg_unseen_mae=1.7491]
    Epoch 129:  [avg_train_loss=3.4495, avg_seen_mae=1.6635, avg_unseen_mae=1.7491]
    Epoch 130:  [avg_train_loss=3.4495, avg_seen_mae=1.6635, avg_unseen_mae=1.7491]
    Epoch 131:  [avg_train_loss=3.4495, avg_seen_mae=1.6635, avg_unseen_mae=1.7491]
    Epoch 132:  [avg_train_loss=3.4495, avg_seen_mae=1.6635, avg_unseen_mae=1.7491]
    Epoch 133:  [avg_train_loss=3.4495, avg_seen_mae=1.6635, avg_unseen_mae=1.7491]
    Epoch 134:  [avg_train_loss=3.4495, avg_seen_mae=1.6635, avg_unseen_mae=1.7491]
    Epoch 135:  [avg_train_loss=3.4495, avg_seen_mae=1.6635, avg_unseen_mae=1.7491]
    Epoch 136:  [avg_train_loss=3.4495, avg_seen_mae=1.6635, avg_unseen_mae=1.7491]
    Epoch 137:  [avg_train_loss=3.4495, avg_seen_mae=1.6635, avg_unseen_mae=1.7491]
    Epoch 138:  [avg_train_loss=3.4495, avg_seen_mae=1.6635, avg_unseen_mae=1.7491]
    Epoch 139:  [avg_train_loss=3.4495, avg_seen_mae=1.6635, avg_unseen_mae=1.7491]
    Epoch 140:  [avg_train_loss=3.4495, avg_seen_mae=1.6635, avg_unseen_mae=1.7491]
    Epoch 141:  [avg_train_loss=3.4495, avg_seen_mae=1.6635, avg_unseen_mae=1.7491]
    Epoch 142:  [avg_train_loss=3.4495, avg_seen_mae=1.6635, avg_unseen_mae=1.7491]
    Epoch 143:  [avg_train_loss=3.4495, avg_seen_mae=1.6635, avg_unseen_mae=1.7491]
    Epoch 144:  [avg_train_loss=3.4495, avg_seen_mae=1.6635, avg_unseen_mae=1.7491]
    Epoch 145:  [avg_train_loss=3.4495, avg_seen_mae=1.6635, avg_unseen_mae=1.7491]
    Epoch 146:  [avg_train_loss=3.4495, avg_seen_mae=1.6635, avg_unseen_mae=1.7491]
    Epoch 147:  [avg_train_loss=3.4495, avg_seen_mae=1.6635, avg_unseen_mae=1.7491]
    Epoch 148:  [avg_train_loss=3.4495, avg_seen_mae=1.6635, avg_unseen_mae=1.7491]
    Epoch 149:  [avg_train_loss=3.4495, avg_seen_mae=1.6635, avg_unseen_mae=1.7491]
    Epoch 150:  [avg_train_loss=3.4495, avg_seen_mae=1.6635, avg_unseen_mae=1.7491]
    Epoch 151:  [avg_train_loss=3.4495, avg_seen_mae=1.6635, avg_unseen_mae=1.7491]
    Epoch 152:  [avg_train_loss=3.4495, avg_seen_mae=1.6635, avg_unseen_mae=1.7491]
    Epoch 153:  [avg_train_loss=3.4495, avg_seen_mae=1.6635, avg_unseen_mae=1.7491]
    Epoch 154:  [avg_train_loss=3.4495, avg_seen_mae=1.6635, avg_unseen_mae=1.7491]
    Epoch 155:  [avg_train_loss=3.4495, avg_seen_mae=1.6635, avg_unseen_mae=1.7491]
    Epoch 156:  [avg_train_loss=3.4495, avg_seen_mae=1.6635, avg_unseen_mae=1.7491]
    Epoch 157:  [avg_train_loss=3.4495, avg_seen_mae=1.6635, avg_unseen_mae=1.7491]
    Epoch 158:  [avg_train_loss=3.4495, avg_seen_mae=1.6635, avg_unseen_mae=1.7491]
    Epoch 159:  [avg_train_loss=3.4495, avg_seen_mae=1.6635, avg_unseen_mae=1.7491]
    Epoch 160:  [avg_train_loss=3.4495, avg_seen_mae=1.6635, avg_unseen_mae=1.7491]
    Epoch 161:  [avg_train_loss=3.4495, avg_seen_mae=1.6635, avg_unseen_mae=1.7491]
    Epoch 162:  [avg_train_loss=3.4495, avg_seen_mae=1.6635, avg_unseen_mae=1.7491]
    Epoch 163:  [avg_train_loss=3.4495, avg_seen_mae=1.6635, avg_unseen_mae=1.7491]
    Epoch 164:  [avg_train_loss=3.4495, avg_seen_mae=1.6635, avg_unseen_mae=1.7491]
    Epoch 165:  [avg_train_loss=3.4495, avg_seen_mae=1.6635, avg_unseen_mae=1.7491]
    Epoch 166:  [avg_train_loss=3.4495, avg_seen_mae=1.6635, avg_unseen_mae=1.7491]
    Epoch 167:  [avg_train_loss=3.4495, avg_seen_mae=1.6635, avg_unseen_mae=1.7491]
    Epoch 168:  [avg_train_loss=3.4495, avg_seen_mae=1.6635, avg_unseen_mae=1.7491]
    Epoch 169:  [avg_train_loss=3.4495, avg_seen_mae=1.6635, avg_unseen_mae=1.7491]
    Epoch 170:  [avg_train_loss=3.4495, avg_seen_mae=1.6635, avg_unseen_mae=1.7491]
    Epoch 171:  [avg_train_loss=3.4495, avg_seen_mae=1.6635, avg_unseen_mae=1.7491]
    Epoch 172:  [avg_train_loss=3.4495, avg_seen_mae=1.6635, avg_unseen_mae=1.7491]
    Epoch 173:  [avg_train_loss=3.4495, avg_seen_mae=1.6635, avg_unseen_mae=1.7491]
    Epoch 174:  [avg_train_loss=3.4495, avg_seen_mae=1.6635, avg_unseen_mae=1.7491]
    Epoch 175:  [avg_train_loss=3.4495, avg_seen_mae=1.6635, avg_unseen_mae=1.7491]
    Epoch 176:  [avg_train_loss=3.4495, avg_seen_mae=1.6635, avg_unseen_mae=1.7491]
    Epoch 177:  [avg_train_loss=3.4495, avg_seen_mae=1.6635, avg_unseen_mae=1.7491]
    Epoch 178:  [avg_train_loss=3.4495, avg_seen_mae=1.6635, avg_unseen_mae=1.7491]
    Epoch 179:  [avg_train_loss=3.4495, avg_seen_mae=1.6635, avg_unseen_mae=1.7491]
    Epoch 180:  [avg_train_loss=3.4495, avg_seen_mae=1.6635, avg_unseen_mae=1.7491]
    Epoch 181:  [avg_train_loss=3.4495, avg_seen_mae=1.6635, avg_unseen_mae=1.7491]
    Epoch 182:  [avg_train_loss=3.4495, avg_seen_mae=1.6635, avg_unseen_mae=1.7491]
    Epoch 183:  [avg_train_loss=3.4495, avg_seen_mae=1.6635, avg_unseen_mae=1.7491]
    Epoch 184:  [avg_train_loss=3.4495, avg_seen_mae=1.6635, avg_unseen_mae=1.7491]
    Epoch 185:  [avg_train_loss=3.4495, avg_seen_mae=1.6635, avg_unseen_mae=1.7491]
    Epoch 186:  [avg_train_loss=3.4495, avg_seen_mae=1.6635, avg_unseen_mae=1.7491]
    Epoch 187:  [avg_train_loss=3.4495, avg_seen_mae=1.6635, avg_unseen_mae=1.7491]
    Epoch 188:  [avg_train_loss=3.4495, avg_seen_mae=1.6635, avg_unseen_mae=1.7491]
    Epoch 189:  [avg_train_loss=3.4495, avg_seen_mae=1.6635, avg_unseen_mae=1.7491]
    Epoch 190:  [avg_train_loss=3.4495, avg_seen_mae=1.6635, avg_unseen_mae=1.7491]
    Epoch 191:  [avg_train_loss=3.4495, avg_seen_mae=1.6635, avg_unseen_mae=1.7491]
    Epoch 192:  [avg_train_loss=3.4495, avg_seen_mae=1.6635, avg_unseen_mae=1.7491]
    Epoch 193:  [avg_train_loss=3.4495, avg_seen_mae=1.6635, avg_unseen_mae=1.7491]
    Epoch 194:  [avg_train_loss=3.4495, avg_seen_mae=1.6635, avg_unseen_mae=1.7491]
    Epoch 195:  [avg_train_loss=3.4495, avg_seen_mae=1.6635, avg_unseen_mae=1.7491]
    Epoch 196:  [avg_train_loss=3.4495, avg_seen_mae=1.6635, avg_unseen_mae=1.7491]
    Epoch 197:  [avg_train_loss=3.4495, avg_seen_mae=1.6635, avg_unseen_mae=1.7491]
    Epoch 198:  [avg_train_loss=3.4495, avg_seen_mae=1.6635, avg_unseen_mae=1.7491]
    Epoch 199:  [avg_train_loss=3.4495, avg_seen_mae=1.6635, avg_unseen_mae=1.7491]
    Epoch 200:  [avg_train_loss=3.4495, avg_seen_mae=1.6635, avg_unseen_mae=1.7491]
    Epoch 201:  [avg_train_loss=3.4495, avg_seen_mae=1.6635, avg_unseen_mae=1.7491]
    Epoch 202:  [avg_train_loss=3.4495, avg_seen_mae=1.6635, avg_unseen_mae=1.7491]
    Epoch 203:  [avg_train_loss=3.4495, avg_seen_mae=1.6635, avg_unseen_mae=1.7491]
    Epoch 204:  [avg_train_loss=3.4495, avg_seen_mae=1.6635, avg_unseen_mae=1.7491]
    Epoch 205:  [avg_train_loss=3.4495, avg_seen_mae=1.6635, avg_unseen_mae=1.7491]
    Epoch 206:  [avg_train_loss=3.4495, avg_seen_mae=1.6635, avg_unseen_mae=1.7491]
    Epoch 207:  [avg_train_loss=3.4495, avg_seen_mae=1.6635, avg_unseen_mae=1.7491]
    Epoch 208:  [avg_train_loss=3.4495, avg_seen_mae=1.6635, avg_unseen_mae=1.7491]
    Epoch 209:  [avg_train_loss=3.4495, avg_seen_mae=1.6635, avg_unseen_mae=1.7491]
    Epoch 210:  [avg_train_loss=3.4495, avg_seen_mae=1.6635, avg_unseen_mae=1.7491]
    Epoch 211:  [avg_train_loss=3.4495, avg_seen_mae=1.6635, avg_unseen_mae=1.7491]
    Epoch 212:  [avg_train_loss=3.4495, avg_seen_mae=1.6635, avg_unseen_mae=1.7491]
    Epoch 213:  [avg_train_loss=3.4495, avg_seen_mae=1.6635, avg_unseen_mae=1.7491]
    Epoch 214:  [avg_train_loss=3.4495, avg_seen_mae=1.6635, avg_unseen_mae=1.7491]
    Epoch 215:  [avg_train_loss=3.4495, avg_seen_mae=1.6635, avg_unseen_mae=1.7491]
    Epoch 216:  [avg_train_loss=3.4495, avg_seen_mae=1.6635, avg_unseen_mae=1.7491]
    Epoch 217:  [avg_train_loss=3.4495, avg_seen_mae=1.6635, avg_unseen_mae=1.7491]
    Epoch 218:  [avg_train_loss=3.4495, avg_seen_mae=1.6635, avg_unseen_mae=1.7491]
    Epoch 219:  [avg_train_loss=3.4495, avg_seen_mae=1.6635, avg_unseen_mae=1.7491]
    Epoch 220:  [avg_train_loss=3.4495, avg_seen_mae=1.6635, avg_unseen_mae=1.7491]
    Epoch 221:  [avg_train_loss=3.4495, avg_seen_mae=1.6635, avg_unseen_mae=1.7491]
    Epoch 222:  [avg_train_loss=3.4495, avg_seen_mae=1.6635, avg_unseen_mae=1.7491]
    Epoch 223:  [avg_train_loss=3.4495, avg_seen_mae=1.6635, avg_unseen_mae=1.7491]
    Epoch 224:  [avg_train_loss=3.4495, avg_seen_mae=1.6635, avg_unseen_mae=1.7491]
    Epoch 225:  [avg_train_loss=3.4495, avg_seen_mae=1.6635, avg_unseen_mae=1.7491]
    Epoch 226:  [avg_train_loss=3.4495, avg_seen_mae=1.6635, avg_unseen_mae=1.7491]
    Epoch 227:  [avg_train_loss=3.4495, avg_seen_mae=1.6635, avg_unseen_mae=1.7491]
    Epoch 228:  [avg_train_loss=3.4495, avg_seen_mae=1.6635, avg_unseen_mae=1.7491]
    Epoch 229:  [avg_train_loss=3.4495, avg_seen_mae=1.6635, avg_unseen_mae=1.7491]
    Epoch 230:  [avg_train_loss=3.4495, avg_seen_mae=1.6635, avg_unseen_mae=1.7491]
    Epoch 231:  [avg_train_loss=3.4495, avg_seen_mae=1.6635, avg_unseen_mae=1.7491]
    Epoch 232:  [avg_train_loss=3.4495, avg_seen_mae=1.6635, avg_unseen_mae=1.7491]
    Epoch 233:  [avg_train_loss=3.4495, avg_seen_mae=1.6635, avg_unseen_mae=1.7491]
    Epoch 234:  [avg_train_loss=3.4495, avg_seen_mae=1.6635, avg_unseen_mae=1.7491]
    Epoch 235:  [avg_train_loss=3.4495, avg_seen_mae=1.6635, avg_unseen_mae=1.7491]
    Epoch 236:  [avg_train_loss=3.4495, avg_seen_mae=1.6635, avg_unseen_mae=1.7491]
    Epoch 237:  [avg_train_loss=3.4495, avg_seen_mae=1.6635, avg_unseen_mae=1.7491]
    Epoch 238:  [avg_train_loss=3.4495, avg_seen_mae=1.6635, avg_unseen_mae=1.7491]
    Epoch 239:  [avg_train_loss=3.4495, avg_seen_mae=1.6635, avg_unseen_mae=1.7491]
    Epoch 240:  [avg_train_loss=3.4495, avg_seen_mae=1.6635, avg_unseen_mae=1.7491]
    Epoch 241:  [avg_train_loss=3.4495, avg_seen_mae=1.6635, avg_unseen_mae=1.7491]
    Epoch 242:  [avg_train_loss=3.4495, avg_seen_mae=1.6635, avg_unseen_mae=1.7491]
    Epoch 243:  [avg_train_loss=3.4495, avg_seen_mae=1.6635, avg_unseen_mae=1.7491]
    Epoch 244:  [avg_train_loss=3.4495, avg_seen_mae=1.6635, avg_unseen_mae=1.7491]
    Epoch 245:  [avg_train_loss=3.4495, avg_seen_mae=1.6635, avg_unseen_mae=1.7491]
    Epoch 246:  [avg_train_loss=3.4495, avg_seen_mae=1.6635, avg_unseen_mae=1.7491]
    Epoch 247:  [avg_train_loss=3.4495, avg_seen_mae=1.6635, avg_unseen_mae=1.7491]
    Epoch 248:  [avg_train_loss=3.4495, avg_seen_mae=1.6635, avg_unseen_mae=1.7491]
    Epoch 249:  [avg_train_loss=3.4495, avg_seen_mae=1.6635, avg_unseen_mae=1.7491]
    Epoch 250:  [avg_train_loss=3.4495, avg_seen_mae=1.6635, avg_unseen_mae=1.7491]
    Epoch 251:  [avg_train_loss=3.4495, avg_seen_mae=1.6635, avg_unseen_mae=1.7491]
    Epoch 252:  [avg_train_loss=3.4495, avg_seen_mae=1.6635, avg_unseen_mae=1.7491]
    Epoch 253:  [avg_train_loss=3.4495, avg_seen_mae=1.6635, avg_unseen_mae=1.7491]
    Epoch 254:  [avg_train_loss=3.4495, avg_seen_mae=1.6635, avg_unseen_mae=1.7491]
    Epoch 255:  [avg_train_loss=3.4495, avg_seen_mae=1.6635, avg_unseen_mae=1.7491]
    Epoch 256:  [avg_train_loss=3.4495, avg_seen_mae=1.6635, avg_unseen_mae=1.7491]
    Epoch 257:  [avg_train_loss=3.4495, avg_seen_mae=1.6635, avg_unseen_mae=1.7491]
    Epoch 258:  [avg_train_loss=3.4495, avg_seen_mae=1.6635, avg_unseen_mae=1.7491]
    Epoch 259:  [avg_train_loss=3.4495, avg_seen_mae=1.6635, avg_unseen_mae=1.7491]
    Epoch 260:  [avg_train_loss=3.4495, avg_seen_mae=1.6635, avg_unseen_mae=1.7491]
    Epoch 261:  [avg_train_loss=3.4495, avg_seen_mae=1.6635, avg_unseen_mae=1.7491]
    Epoch 262:  [avg_train_loss=3.4495, avg_seen_mae=1.6635, avg_unseen_mae=1.7491]
    Epoch 263:  [avg_train_loss=3.4495, avg_seen_mae=1.6635, avg_unseen_mae=1.7491]
    Epoch 264:  [avg_train_loss=3.4495, avg_seen_mae=1.6635, avg_unseen_mae=1.7491]
    Epoch 265:  [avg_train_loss=3.4495, avg_seen_mae=1.6635, avg_unseen_mae=1.7491]
    Epoch 266:  [avg_train_loss=3.4495, avg_seen_mae=1.6635, avg_unseen_mae=1.7491]
    Epoch 267:  [avg_train_loss=3.4495, avg_seen_mae=1.6635, avg_unseen_mae=1.7491]
    Epoch 268:  [avg_train_loss=3.4495, avg_seen_mae=1.6635, avg_unseen_mae=1.7491]
    Epoch 269:  [avg_train_loss=3.4495, avg_seen_mae=1.6635, avg_unseen_mae=1.7491]
    Epoch 270:  [avg_train_loss=3.4495, avg_seen_mae=1.6635, avg_unseen_mae=1.7491]
    Epoch 271:  [avg_train_loss=3.4495, avg_seen_mae=1.6635, avg_unseen_mae=1.7491]
    Epoch 272:  [avg_train_loss=3.4495, avg_seen_mae=1.6635, avg_unseen_mae=1.7491]
    Epoch 273:  [avg_train_loss=3.4495, avg_seen_mae=1.6635, avg_unseen_mae=1.7491]
    Epoch 274:  [avg_train_loss=3.4495, avg_seen_mae=1.6635, avg_unseen_mae=1.7491]
    Epoch 275:  [avg_train_loss=3.4495, avg_seen_mae=1.6635, avg_unseen_mae=1.7491]
    Epoch 276:  [avg_train_loss=3.4495, avg_seen_mae=1.6635, avg_unseen_mae=1.7491]
    Epoch 277:  [avg_train_loss=3.4495, avg_seen_mae=1.6635, avg_unseen_mae=1.7491]
    Epoch 278:  [avg_train_loss=3.4495, avg_seen_mae=1.6635, avg_unseen_mae=1.7491]
    Epoch 279:  [avg_train_loss=3.4495, avg_seen_mae=1.6635, avg_unseen_mae=1.7491]
    Epoch 280:  [avg_train_loss=3.4495, avg_seen_mae=1.6635, avg_unseen_mae=1.7491]
    Epoch 281:  [avg_train_loss=3.4495, avg_seen_mae=1.6635, avg_unseen_mae=1.7491]
    Epoch 282:  [avg_train_loss=3.4495, avg_seen_mae=1.6635, avg_unseen_mae=1.7491]
    Epoch 283:  [avg_train_loss=3.4495, avg_seen_mae=1.6635, avg_unseen_mae=1.7491]
    Epoch 284:  [avg_train_loss=3.4495, avg_seen_mae=1.6635, avg_unseen_mae=1.7491]
    Epoch 285:  [avg_train_loss=3.4495, avg_seen_mae=1.6635, avg_unseen_mae=1.7491]
    Epoch 286:  [avg_train_loss=3.4495, avg_seen_mae=1.6635, avg_unseen_mae=1.7491]
    Epoch 287:  [avg_train_loss=3.4495, avg_seen_mae=1.6635, avg_unseen_mae=1.7491]
    Epoch 288:  [avg_train_loss=3.4495, avg_seen_mae=1.6635, avg_unseen_mae=1.7491]
    Epoch 289:  [avg_train_loss=3.4495, avg_seen_mae=1.6635, avg_unseen_mae=1.7491]
    Epoch 290:  [avg_train_loss=3.4495, avg_seen_mae=1.6635, avg_unseen_mae=1.7491]
    Epoch 291:  [avg_train_loss=3.4495, avg_seen_mae=1.6635, avg_unseen_mae=1.7491]
    Epoch 292:  [avg_train_loss=3.4495, avg_seen_mae=1.6635, avg_unseen_mae=1.7491]
    Epoch 293:  [avg_train_loss=3.4495, avg_seen_mae=1.6635, avg_unseen_mae=1.7491]
    Epoch 294:  [avg_train_loss=3.4495, avg_seen_mae=1.6635, avg_unseen_mae=1.7491]
    Epoch 295:  [avg_train_loss=3.4495, avg_seen_mae=1.6635, avg_unseen_mae=1.7491]
    Epoch 296:  [avg_train_loss=3.4495, avg_seen_mae=1.6635, avg_unseen_mae=1.7491]
    Epoch 297:  [avg_train_loss=3.4495, avg_seen_mae=1.6635, avg_unseen_mae=1.7491]
    Epoch 298:  [avg_train_loss=3.4495, avg_seen_mae=1.6635, avg_unseen_mae=1.7491]
    Epoch 299:  [avg_train_loss=3.4495, avg_seen_mae=1.6635, avg_unseen_mae=1.7491]
    Epoch 300:  [avg_train_loss=3.4495, avg_seen_mae=1.6635, avg_unseen_mae=1.7491]
    Epoch 301:  [avg_train_loss=3.4495, avg_seen_mae=1.6635, avg_unseen_mae=1.7491]
    Epoch 302:  [avg_train_loss=3.4495, avg_seen_mae=1.6635, avg_unseen_mae=1.7491]
    Epoch 303:  [avg_train_loss=3.4495, avg_seen_mae=1.6635, avg_unseen_mae=1.7491]
    Epoch 304:  [avg_train_loss=3.4495, avg_seen_mae=1.6635, avg_unseen_mae=1.7491]
    Epoch 305:  [avg_train_loss=3.4495, avg_seen_mae=1.6635, avg_unseen_mae=1.7491]
    Epoch 306:  [avg_train_loss=3.4495, avg_seen_mae=1.6635, avg_unseen_mae=1.7491]
    Epoch 307:  [avg_train_loss=3.4495, avg_seen_mae=1.6635, avg_unseen_mae=1.7491]
    Epoch 308:  [avg_train_loss=3.4495, avg_seen_mae=1.6635, avg_unseen_mae=1.7491]
    Epoch 309:  [avg_train_loss=3.4495, avg_seen_mae=1.6635, avg_unseen_mae=1.7491]
    Epoch 310:  [avg_train_loss=3.4495, avg_seen_mae=1.6635, avg_unseen_mae=1.7491]
    Epoch 311:  [avg_train_loss=3.4495, avg_seen_mae=1.6635, avg_unseen_mae=1.7491]
    Epoch 312:  [avg_train_loss=3.4495, avg_seen_mae=1.6635, avg_unseen_mae=1.7491]
    Epoch 313:  [avg_train_loss=3.4495, avg_seen_mae=1.6635, avg_unseen_mae=1.7491]
    Epoch 314:  [avg_train_loss=3.4495, avg_seen_mae=1.6635, avg_unseen_mae=1.7491]
    Epoch 315:  [avg_train_loss=3.4495, avg_seen_mae=1.6635, avg_unseen_mae=1.7491]
    Epoch 316:  [avg_train_loss=3.4495, avg_seen_mae=1.6635, avg_unseen_mae=1.7491]
    Epoch 317:  [avg_train_loss=3.4495, avg_seen_mae=1.6635, avg_unseen_mae=1.7491]
    Epoch 318:  [avg_train_loss=3.4495, avg_seen_mae=1.6635, avg_unseen_mae=1.7491]
    Epoch 319:  [avg_train_loss=3.4495, avg_seen_mae=1.6635, avg_unseen_mae=1.7491]
    Epoch 320:  [avg_train_loss=3.4495, avg_seen_mae=1.6635, avg_unseen_mae=1.7491]
    Epoch 321:  [avg_train_loss=3.4495, avg_seen_mae=1.6635, avg_unseen_mae=1.7491]
    Epoch 322:  [avg_train_loss=3.4495, avg_seen_mae=1.6635, avg_unseen_mae=1.7491]
    Epoch 323:  [avg_train_loss=3.4495, avg_seen_mae=1.6635, avg_unseen_mae=1.7491]
    Epoch 324:  [avg_train_loss=3.4495, avg_seen_mae=1.6635, avg_unseen_mae=1.7491]
    Epoch 325:  [avg_train_loss=3.4495, avg_seen_mae=1.6635, avg_unseen_mae=1.7491]
    Epoch 326:  [avg_train_loss=3.4495, avg_seen_mae=1.6635, avg_unseen_mae=1.7491]
    Epoch 327:  [avg_train_loss=3.4495, avg_seen_mae=1.6635, avg_unseen_mae=1.7491]
    Epoch 328:  [avg_train_loss=3.4495, avg_seen_mae=1.6635, avg_unseen_mae=1.7491]
    Epoch 329:  [avg_train_loss=3.4495, avg_seen_mae=1.6635, avg_unseen_mae=1.7491]
    Epoch 330:  [avg_train_loss=3.4495, avg_seen_mae=1.6635, avg_unseen_mae=1.7491]
    Epoch 331:  [avg_train_loss=3.4495, avg_seen_mae=1.6635, avg_unseen_mae=1.7491]
    Epoch 332:  [avg_train_loss=3.4495, avg_seen_mae=1.6635, avg_unseen_mae=1.7491]
    Epoch 333:  [avg_train_loss=3.4495, avg_seen_mae=1.6635, avg_unseen_mae=1.7491]
    Epoch 334:  [avg_train_loss=3.4495, avg_seen_mae=1.6635, avg_unseen_mae=1.7491]
    Epoch 335:  [avg_train_loss=3.4495, avg_seen_mae=1.6635, avg_unseen_mae=1.7491]
    Epoch 336:  [avg_train_loss=3.4495, avg_seen_mae=1.6635, avg_unseen_mae=1.7491]
    Epoch 337:  [avg_train_loss=3.4495, avg_seen_mae=1.6635, avg_unseen_mae=1.7491]
    Epoch 338:  [avg_train_loss=3.4495, avg_seen_mae=1.6635, avg_unseen_mae=1.7491]
    Epoch 339:  [avg_train_loss=3.4495, avg_seen_mae=1.6635, avg_unseen_mae=1.7491]
    Epoch 340:  [avg_train_loss=3.4495, avg_seen_mae=1.6635, avg_unseen_mae=1.7491]
    Epoch 341:  [avg_train_loss=3.4495, avg_seen_mae=1.6635, avg_unseen_mae=1.7491]
    Epoch 342:  [avg_train_loss=3.4495, avg_seen_mae=1.6635, avg_unseen_mae=1.7491]
    Epoch 343:  [avg_train_loss=3.4495, avg_seen_mae=1.6635, avg_unseen_mae=1.7491]
    Epoch 344:  [avg_train_loss=3.4495, avg_seen_mae=1.6635, avg_unseen_mae=1.7491]
    Epoch 345:  [avg_train_loss=3.4495, avg_seen_mae=1.6635, avg_unseen_mae=1.7491]
    Epoch 346:  [avg_train_loss=3.4495, avg_seen_mae=1.6635, avg_unseen_mae=1.7491]
    Epoch 347:  [avg_train_loss=3.4495, avg_seen_mae=1.6635, avg_unseen_mae=1.7491]
    Epoch 348:  [avg_train_loss=3.4495, avg_seen_mae=1.6635, avg_unseen_mae=1.7491]
    Epoch 349:  [avg_train_loss=3.4495, avg_seen_mae=1.6635, avg_unseen_mae=1.7491]
    Epoch 350:  [avg_train_loss=3.4495, avg_seen_mae=1.6635, avg_unseen_mae=1.7491]
    Epoch 351:  [avg_train_loss=3.4495, avg_seen_mae=1.6635, avg_unseen_mae=1.7491]
    Epoch 352:  [avg_train_loss=3.4495, avg_seen_mae=1.6635, avg_unseen_mae=1.7491]
    Epoch 353:  [avg_train_loss=3.4495, avg_seen_mae=1.6635, avg_unseen_mae=1.7491]
    Epoch 354:  [avg_train_loss=3.4495, avg_seen_mae=1.6635, avg_unseen_mae=1.7491]
    Epoch 355:  [avg_train_loss=3.4495, avg_seen_mae=1.6635, avg_unseen_mae=1.7491]
    Epoch 356:  [avg_train_loss=3.4495, avg_seen_mae=1.6635, avg_unseen_mae=1.7491]
    Epoch 357:  [avg_train_loss=3.4495, avg_seen_mae=1.6635, avg_unseen_mae=1.7491]
    Epoch 358:  [avg_train_loss=3.4495, avg_seen_mae=1.6635, avg_unseen_mae=1.7491]
    Epoch 359:  [avg_train_loss=3.4495, avg_seen_mae=1.6635, avg_unseen_mae=1.7491]
    Epoch 360:  [avg_train_loss=3.4495, avg_seen_mae=1.6635, avg_unseen_mae=1.7491]
    Epoch 361:  [avg_train_loss=3.4495, avg_seen_mae=1.6635, avg_unseen_mae=1.7491]
    Epoch 362:  [avg_train_loss=3.4495, avg_seen_mae=1.6635, avg_unseen_mae=1.7491]
    Epoch 363:  [avg_train_loss=3.4495, avg_seen_mae=1.6635, avg_unseen_mae=1.7491]
    Epoch 364:  [avg_train_loss=3.4495, avg_seen_mae=1.6635, avg_unseen_mae=1.7491]
    Epoch 365:  [avg_train_loss=3.4495, avg_seen_mae=1.6635, avg_unseen_mae=1.7491]
    Epoch 366:  [avg_train_loss=3.4495, avg_seen_mae=1.6635, avg_unseen_mae=1.7491]
    Epoch 367:  [avg_train_loss=3.4495, avg_seen_mae=1.6635, avg_unseen_mae=1.7491]
    Epoch 368:  [avg_train_loss=3.4495, avg_seen_mae=1.6635, avg_unseen_mae=1.7491]
    Epoch 369:  [avg_train_loss=3.4495, avg_seen_mae=1.6635, avg_unseen_mae=1.7491]
    Epoch 370:  [avg_train_loss=3.4495, avg_seen_mae=1.6635, avg_unseen_mae=1.7491]
    Epoch 371:  [avg_train_loss=3.4495, avg_seen_mae=1.6635, avg_unseen_mae=1.7491]
    Epoch 372:  [avg_train_loss=3.4495, avg_seen_mae=1.6635, avg_unseen_mae=1.7491]
    Epoch 373:  [avg_train_loss=3.4495, avg_seen_mae=1.6635, avg_unseen_mae=1.7491]
    Epoch 374:  [avg_train_loss=3.4495, avg_seen_mae=1.6635, avg_unseen_mae=1.7491]
    Epoch 375:  [avg_train_loss=3.4495, avg_seen_mae=1.6635, avg_unseen_mae=1.7491]
    Epoch 376:  [avg_train_loss=3.4495, avg_seen_mae=1.6635, avg_unseen_mae=1.7491]
    Epoch 377:  [avg_train_loss=3.4495, avg_seen_mae=1.6635, avg_unseen_mae=1.7491]
    Epoch 378:  [avg_train_loss=3.4495, avg_seen_mae=1.6635, avg_unseen_mae=1.7491]
    Epoch 379:  [avg_train_loss=3.4495, avg_seen_mae=1.6635, avg_unseen_mae=1.7491]
    Epoch 380:  [avg_train_loss=3.4495, avg_seen_mae=1.6635, avg_unseen_mae=1.7491]
    Epoch 381:  [avg_train_loss=3.4495, avg_seen_mae=1.6635, avg_unseen_mae=1.7491]
    Epoch 382:  [avg_train_loss=3.4495, avg_seen_mae=1.6635, avg_unseen_mae=1.7491]
    Epoch 383:  [avg_train_loss=3.4495, avg_seen_mae=1.6635, avg_unseen_mae=1.7491]
    Epoch 384:  [avg_train_loss=3.4495, avg_seen_mae=1.6635, avg_unseen_mae=1.7491]
    Epoch 385:  [avg_train_loss=3.4495, avg_seen_mae=1.6635, avg_unseen_mae=1.7491]
    Epoch 386:  [avg_train_loss=3.4495, avg_seen_mae=1.6635, avg_unseen_mae=1.7491]
    Epoch 387:  [avg_train_loss=3.4495, avg_seen_mae=1.6635, avg_unseen_mae=1.7491]
    Epoch 388:  [avg_train_loss=3.4495, avg_seen_mae=1.6635, avg_unseen_mae=1.7491]
    Epoch 389:  [avg_train_loss=3.4495, avg_seen_mae=1.6635, avg_unseen_mae=1.7491]
    Epoch 390:  [avg_train_loss=3.4495, avg_seen_mae=1.6635, avg_unseen_mae=1.7491]
    Epoch 391:  [avg_train_loss=3.4495, avg_seen_mae=1.6635, avg_unseen_mae=1.7491]
    Epoch 392:  [avg_train_loss=3.4495, avg_seen_mae=1.6635, avg_unseen_mae=1.7491]
    Epoch 393:  [avg_train_loss=3.4495, avg_seen_mae=1.6635, avg_unseen_mae=1.7491]
    Epoch 394:  [avg_train_loss=3.4495, avg_seen_mae=1.6635, avg_unseen_mae=1.7491]
    Epoch 395:  [avg_train_loss=3.4495, avg_seen_mae=1.6635, avg_unseen_mae=1.7491]
    Epoch 396:  [avg_train_loss=3.4495, avg_seen_mae=1.6635, avg_unseen_mae=1.7491]
    Epoch 397:  [avg_train_loss=3.4495, avg_seen_mae=1.6635, avg_unseen_mae=1.7491]
    Epoch 398:  [avg_train_loss=3.4495, avg_seen_mae=1.6635, avg_unseen_mae=1.7491]
    Epoch 399:  [avg_train_loss=3.4495, avg_seen_mae=1.6635, avg_unseen_mae=1.7491]
    Epoch 400:  [avg_train_loss=3.4495, avg_seen_mae=1.6635, avg_unseen_mae=1.7491]
    Epoch 401:  [avg_train_loss=3.4495, avg_seen_mae=1.6635, avg_unseen_mae=1.7491]
    Epoch 402:  [avg_train_loss=3.4495, avg_seen_mae=1.6635, avg_unseen_mae=1.7491]
    Epoch 403:  [avg_train_loss=3.4495, avg_seen_mae=1.6635, avg_unseen_mae=1.7491]
    Epoch 404:  [avg_train_loss=3.4495, avg_seen_mae=1.6635, avg_unseen_mae=1.7491]
    Epoch 405:  [avg_train_loss=3.4495, avg_seen_mae=1.6635, avg_unseen_mae=1.7491]
    Epoch 406:  [avg_train_loss=3.4495, avg_seen_mae=1.6635, avg_unseen_mae=1.7491]
    Epoch 407:  [avg_train_loss=3.4495, avg_seen_mae=1.6635, avg_unseen_mae=1.7491]
    Epoch 408:  [avg_train_loss=3.4495, avg_seen_mae=1.6635, avg_unseen_mae=1.7491]
    Epoch 409:  [avg_train_loss=3.4495, avg_seen_mae=1.6635, avg_unseen_mae=1.7491]
    Epoch 410:  [avg_train_loss=3.4495, avg_seen_mae=1.6635, avg_unseen_mae=1.7491]
    Epoch 411:  [avg_train_loss=3.4495, avg_seen_mae=1.6635, avg_unseen_mae=1.7491]
    Epoch 412:  [avg_train_loss=3.4495, avg_seen_mae=1.6635, avg_unseen_mae=1.7491]
    Epoch 413:  [avg_train_loss=3.4495, avg_seen_mae=1.6635, avg_unseen_mae=1.7491]
    Epoch 414:  [avg_train_loss=3.4495, avg_seen_mae=1.6635, avg_unseen_mae=1.7491]
    Epoch 415:  [avg_train_loss=3.4495, avg_seen_mae=1.6635, avg_unseen_mae=1.7491]
    Epoch 416:  [avg_train_loss=3.4495, avg_seen_mae=1.6635, avg_unseen_mae=1.7491]
    Epoch 417:  [avg_train_loss=3.4495, avg_seen_mae=1.6635, avg_unseen_mae=1.7491]
    Epoch 418:  [avg_train_loss=3.4495, avg_seen_mae=1.6635, avg_unseen_mae=1.7491]
    Epoch 419:  [avg_train_loss=3.4495, avg_seen_mae=1.6635, avg_unseen_mae=1.7491]
    Epoch 420:  [avg_train_loss=3.4495, avg_seen_mae=1.6635, avg_unseen_mae=1.7491]
    Epoch 421:  [avg_train_loss=3.4495, avg_seen_mae=1.6635, avg_unseen_mae=1.7491]
    Epoch 422:  [avg_train_loss=3.4495, avg_seen_mae=1.6635, avg_unseen_mae=1.7491]
    Epoch 423:  [avg_train_loss=3.4495, avg_seen_mae=1.6635, avg_unseen_mae=1.7491]
    Epoch 424:  [avg_train_loss=3.4495, avg_seen_mae=1.6635, avg_unseen_mae=1.7491]
    Epoch 425:  [avg_train_loss=3.4495, avg_seen_mae=1.6635, avg_unseen_mae=1.7491]
    Epoch 426:  [avg_train_loss=3.4495, avg_seen_mae=1.6635, avg_unseen_mae=1.7491]
    Epoch 427:  [avg_train_loss=3.4495, avg_seen_mae=1.6635, avg_unseen_mae=1.7491]
    Epoch 428:  [avg_train_loss=3.4495, avg_seen_mae=1.6635, avg_unseen_mae=1.7491]
    Epoch 429:  [avg_train_loss=3.4495, avg_seen_mae=1.6635, avg_unseen_mae=1.7491]
    Epoch 430:  [avg_train_loss=3.4495, avg_seen_mae=1.6635, avg_unseen_mae=1.7491]
    Epoch 431:  [avg_train_loss=3.4495, avg_seen_mae=1.6635, avg_unseen_mae=1.7491]
    Epoch 432:  [avg_train_loss=3.4495, avg_seen_mae=1.6635, avg_unseen_mae=1.7491]
    Epoch 433:  [avg_train_loss=3.4495, avg_seen_mae=1.6635, avg_unseen_mae=1.7491]
    Epoch 434:  [avg_train_loss=3.4495, avg_seen_mae=1.6635, avg_unseen_mae=1.7491]
    Epoch 435:  [avg_train_loss=3.4495, avg_seen_mae=1.6635, avg_unseen_mae=1.7491]
    Epoch 436:  [avg_train_loss=3.4495, avg_seen_mae=1.6635, avg_unseen_mae=1.7491]
    Epoch 437:  [avg_train_loss=3.4495, avg_seen_mae=1.6635, avg_unseen_mae=1.7491]
    Epoch 438:  [avg_train_loss=3.4495, avg_seen_mae=1.6635, avg_unseen_mae=1.7491]
    Epoch 439:  [avg_train_loss=3.4495, avg_seen_mae=1.6635, avg_unseen_mae=1.7491]
    Epoch 440:  [avg_train_loss=3.4495, avg_seen_mae=1.6635, avg_unseen_mae=1.7491]
    Epoch 441:  [avg_train_loss=3.4495, avg_seen_mae=1.6635, avg_unseen_mae=1.7491]
    Epoch 442:  [avg_train_loss=3.4495, avg_seen_mae=1.6635, avg_unseen_mae=1.7491]
    Epoch 443:  [avg_train_loss=3.4495, avg_seen_mae=1.6635, avg_unseen_mae=1.7491]
    Epoch 444:  [avg_train_loss=3.4495, avg_seen_mae=1.6635, avg_unseen_mae=1.7491]
    Epoch 445:  [avg_train_loss=3.4495, avg_seen_mae=1.6635, avg_unseen_mae=1.7491]
    Epoch 446:  [avg_train_loss=3.4495, avg_seen_mae=1.6635, avg_unseen_mae=1.7491]
    Epoch 447:  [avg_train_loss=3.4495, avg_seen_mae=1.6635, avg_unseen_mae=1.7491]
    Epoch 448:  [avg_train_loss=3.4495, avg_seen_mae=1.6635, avg_unseen_mae=1.7491]
    Epoch 449:  [avg_train_loss=3.4495, avg_seen_mae=1.6635, avg_unseen_mae=1.7491]
    Epoch 450:  [avg_train_loss=3.4495, avg_seen_mae=1.6635, avg_unseen_mae=1.7491]
    Epoch 451:  [avg_train_loss=3.4495, avg_seen_mae=1.6635, avg_unseen_mae=1.7491]
    Epoch 452:  [avg_train_loss=3.4495, avg_seen_mae=1.6635, avg_unseen_mae=1.7491]
    Epoch 453:  [avg_train_loss=3.4495, avg_seen_mae=1.6635, avg_unseen_mae=1.7491]
    Epoch 454:  [avg_train_loss=3.4495, avg_seen_mae=1.6635, avg_unseen_mae=1.7491]
    Epoch 455:  [avg_train_loss=3.4495, avg_seen_mae=1.6635, avg_unseen_mae=1.7491]
    Epoch 456:  [avg_train_loss=3.4495, avg_seen_mae=1.6635, avg_unseen_mae=1.7491]
    Epoch 457:  [avg_train_loss=3.4495, avg_seen_mae=1.6635, avg_unseen_mae=1.7491]
    Epoch 458:  [avg_train_loss=3.4495, avg_seen_mae=1.6635, avg_unseen_mae=1.7491]
    Epoch 459:  [avg_train_loss=3.4495, avg_seen_mae=1.6635, avg_unseen_mae=1.7491]
    Epoch 460:  [avg_train_loss=3.4495, avg_seen_mae=1.6635, avg_unseen_mae=1.7491]
    Epoch 461:  [avg_train_loss=3.4495, avg_seen_mae=1.6635, avg_unseen_mae=1.7491]
    Epoch 462:  [avg_train_loss=3.4495, avg_seen_mae=1.6635, avg_unseen_mae=1.7491]
    Epoch 463:  [avg_train_loss=3.4495, avg_seen_mae=1.6635, avg_unseen_mae=1.7491]
    Epoch 464:  [avg_train_loss=3.4495, avg_seen_mae=1.6635, avg_unseen_mae=1.7491]
    Epoch 465:  [avg_train_loss=3.4495, avg_seen_mae=1.6635, avg_unseen_mae=1.7491]
    Epoch 466:  [avg_train_loss=3.4495, avg_seen_mae=1.6635, avg_unseen_mae=1.7491]
    Epoch 467:  [avg_train_loss=3.4495, avg_seen_mae=1.6635, avg_unseen_mae=1.7491]
    Epoch 468:  [avg_train_loss=3.4495, avg_seen_mae=1.6635, avg_unseen_mae=1.7491]
    Epoch 469:  [avg_train_loss=3.4495, avg_seen_mae=1.6635, avg_unseen_mae=1.7491]
    Epoch 470:  [avg_train_loss=3.4495, avg_seen_mae=1.6635, avg_unseen_mae=1.7491]
    Epoch 471:  [avg_train_loss=3.4495, avg_seen_mae=1.6635, avg_unseen_mae=1.7491]
    Epoch 472:  [avg_train_loss=3.4495, avg_seen_mae=1.6635, avg_unseen_mae=1.7491]
    Epoch 473:  [avg_train_loss=3.4495, avg_seen_mae=1.6635, avg_unseen_mae=1.7491]
    Epoch 474:  [avg_train_loss=3.4495, avg_seen_mae=1.6635, avg_unseen_mae=1.7491]
    Epoch 475:  [avg_train_loss=3.4495, avg_seen_mae=1.6635, avg_unseen_mae=1.7491]
    Epoch 476:  [avg_train_loss=3.4495, avg_seen_mae=1.6635, avg_unseen_mae=1.7491]
    Epoch 477:  [avg_train_loss=3.4495, avg_seen_mae=1.6635, avg_unseen_mae=1.7491]
    Epoch 478:  [avg_train_loss=3.4495, avg_seen_mae=1.6635, avg_unseen_mae=1.7491]
    Epoch 479:  [avg_train_loss=3.4495, avg_seen_mae=1.6635, avg_unseen_mae=1.7491]
    Epoch 480:  [avg_train_loss=3.4495, avg_seen_mae=1.6635, avg_unseen_mae=1.7491]
    Epoch 481:  [avg_train_loss=3.4495, avg_seen_mae=1.6635, avg_unseen_mae=1.7491]
    Epoch 482:  [avg_train_loss=3.4495, avg_seen_mae=1.6635, avg_unseen_mae=1.7491]
    Epoch 483:  [avg_train_loss=3.4495, avg_seen_mae=1.6635, avg_unseen_mae=1.7491]
    Epoch 484:  [avg_train_loss=3.4495, avg_seen_mae=1.6635, avg_unseen_mae=1.7491]
    Epoch 485:  [avg_train_loss=3.4495, avg_seen_mae=1.6635, avg_unseen_mae=1.7491]
    Epoch 486:  [avg_train_loss=3.4495, avg_seen_mae=1.6635, avg_unseen_mae=1.7491]
    Epoch 487:  [avg_train_loss=3.4495, avg_seen_mae=1.6635, avg_unseen_mae=1.7491]
    Epoch 488:  [avg_train_loss=3.4495, avg_seen_mae=1.6635, avg_unseen_mae=1.7491]
    Epoch 489:  [avg_train_loss=3.4495, avg_seen_mae=1.6635, avg_unseen_mae=1.7491]
    Epoch 490:  [avg_train_loss=3.4495, avg_seen_mae=1.6635, avg_unseen_mae=1.7491]
    Epoch 491:  [avg_train_loss=3.4495, avg_seen_mae=1.6635, avg_unseen_mae=1.7491]
    Epoch 492:  [avg_train_loss=3.4495, avg_seen_mae=1.6635, avg_unseen_mae=1.7491]
    Epoch 493:  [avg_train_loss=3.4495, avg_seen_mae=1.6635, avg_unseen_mae=1.7491]
    Epoch 494:  [avg_train_loss=3.4495, avg_seen_mae=1.6635, avg_unseen_mae=1.7491]
    Epoch 495:  [avg_train_loss=3.4495, avg_seen_mae=1.6635, avg_unseen_mae=1.7491]
    Epoch 496:  [avg_train_loss=3.4495, avg_seen_mae=1.6635, avg_unseen_mae=1.7491]
    Epoch 497:  [avg_train_loss=3.4495, avg_seen_mae=1.6635, avg_unseen_mae=1.7491]
    Epoch 498:  [avg_train_loss=3.4495, avg_seen_mae=1.6635, avg_unseen_mae=1.7491]
    Epoch 499:  [avg_train_loss=3.4495, avg_seen_mae=1.6635, avg_unseen_mae=1.7491]
    Epoch 500:  [avg_train_loss=3.4495, avg_seen_mae=1.6635, avg_unseen_mae=1.7491]
    Epoch 501:  [avg_train_loss=3.4495, avg_seen_mae=1.6635, avg_unseen_mae=1.7491]
    Epoch 502:  [avg_train_loss=3.4495, avg_seen_mae=1.6635, avg_unseen_mae=1.7491]
    Epoch 503:  [avg_train_loss=3.4495, avg_seen_mae=1.6635, avg_unseen_mae=1.7491]
    Epoch 504:  [avg_train_loss=3.4495, avg_seen_mae=1.6635, avg_unseen_mae=1.7491]
    Epoch 505:  [avg_train_loss=3.4495, avg_seen_mae=1.6635, avg_unseen_mae=1.7491]
    Epoch 506:  [avg_train_loss=3.4495, avg_seen_mae=1.6635, avg_unseen_mae=1.7491]
    Epoch 507:  [avg_train_loss=3.4495, avg_seen_mae=1.6635, avg_unseen_mae=1.7491]
    Epoch 508:  [avg_train_loss=3.4495, avg_seen_mae=1.6635, avg_unseen_mae=1.7491]
    Epoch 509:  [avg_train_loss=3.4495, avg_seen_mae=1.6635, avg_unseen_mae=1.7491]
    Epoch 510:  [avg_train_loss=3.4495, avg_seen_mae=1.6635, avg_unseen_mae=1.7491]
    Epoch 511:  [avg_train_loss=3.4495, avg_seen_mae=1.6635, avg_unseen_mae=1.7491]
    Epoch 512:  [avg_train_loss=3.4495, avg_seen_mae=1.6635, avg_unseen_mae=1.7491]
    Epoch 513:  [avg_train_loss=3.4495, avg_seen_mae=1.6635, avg_unseen_mae=1.7491]
    Epoch 514:  [avg_train_loss=3.4495, avg_seen_mae=1.6635, avg_unseen_mae=1.7491]
    Epoch 515:  [avg_train_loss=3.4495, avg_seen_mae=1.6635, avg_unseen_mae=1.7491]
    Epoch 516:  [avg_train_loss=3.4495, avg_seen_mae=1.6635, avg_unseen_mae=1.7491]
    Epoch 517:  [avg_train_loss=3.4495, avg_seen_mae=1.6635, avg_unseen_mae=1.7491]
    Epoch 518:  [avg_train_loss=3.4495, avg_seen_mae=1.6635, avg_unseen_mae=1.7491]
    Epoch 519:  [avg_train_loss=3.4495, avg_seen_mae=1.6635, avg_unseen_mae=1.7491]
    Epoch 520:  [avg_train_loss=3.4495, avg_seen_mae=1.6635, avg_unseen_mae=1.7491]
    Epoch 521:  [avg_train_loss=3.4495, avg_seen_mae=1.6635, avg_unseen_mae=1.7491]
    Epoch 522:  [avg_train_loss=3.4495, avg_seen_mae=1.6635, avg_unseen_mae=1.7491]
    Epoch 523:  [avg_train_loss=3.4495, avg_seen_mae=1.6635, avg_unseen_mae=1.7491]
    Epoch 524:  [avg_train_loss=3.4495, avg_seen_mae=1.6635, avg_unseen_mae=1.7491]
    Epoch 525:  [avg_train_loss=3.4495, avg_seen_mae=1.6635, avg_unseen_mae=1.7491]
    Epoch 526:  [avg_train_loss=3.4495, avg_seen_mae=1.6635, avg_unseen_mae=1.7491]
    Epoch 527:  [avg_train_loss=3.4495, avg_seen_mae=1.6635, avg_unseen_mae=1.7491]
    Epoch 528:  [avg_train_loss=3.4495, avg_seen_mae=1.6635, avg_unseen_mae=1.7491]
    Epoch 529:  [avg_train_loss=3.4495, avg_seen_mae=1.6635, avg_unseen_mae=1.7491]
    Epoch 530:  [avg_train_loss=3.4495, avg_seen_mae=1.6635, avg_unseen_mae=1.7491]
    Epoch 531:  [avg_train_loss=3.4495, avg_seen_mae=1.6635, avg_unseen_mae=1.7491]
    Epoch 532:  [avg_train_loss=3.4495, avg_seen_mae=1.6635, avg_unseen_mae=1.7491]
    Epoch 533:  [avg_train_loss=3.4495, avg_seen_mae=1.6635, avg_unseen_mae=1.7491]
    Epoch 534:  [avg_train_loss=3.4495, avg_seen_mae=1.6635, avg_unseen_mae=1.7491]
    Epoch 535:  [avg_train_loss=3.4495, avg_seen_mae=1.6635, avg_unseen_mae=1.7491]
    Epoch 536:  [avg_train_loss=3.4495, avg_seen_mae=1.6635, avg_unseen_mae=1.7491]
    Epoch 537:  [avg_train_loss=3.4495, avg_seen_mae=1.6635, avg_unseen_mae=1.7491]
    Epoch 538:  [avg_train_loss=3.4495, avg_seen_mae=1.6635, avg_unseen_mae=1.7491]
    Epoch 539:  [avg_train_loss=3.4495, avg_seen_mae=1.6635, avg_unseen_mae=1.7491]
    Epoch 540:  [avg_train_loss=3.4495, avg_seen_mae=1.6635, avg_unseen_mae=1.7491]
    Epoch 541:  [avg_train_loss=3.4495, avg_seen_mae=1.6635, avg_unseen_mae=1.7491]
    Epoch 542:  [avg_train_loss=3.4495, avg_seen_mae=1.6635, avg_unseen_mae=1.7491]
    Epoch 543:  [avg_train_loss=3.4495, avg_seen_mae=1.6635, avg_unseen_mae=1.7491]
    Epoch 544:  [avg_train_loss=3.4495, avg_seen_mae=1.6635, avg_unseen_mae=1.7491]
    Epoch 545:  [avg_train_loss=3.4495, avg_seen_mae=1.6635, avg_unseen_mae=1.7491]
    Epoch 546:  [avg_train_loss=3.4495, avg_seen_mae=1.6635, avg_unseen_mae=1.7491]
    Epoch 547:  [avg_train_loss=3.4495, avg_seen_mae=1.6635, avg_unseen_mae=1.7491]
    Epoch 548:  [avg_train_loss=3.4495, avg_seen_mae=1.6635, avg_unseen_mae=1.7491]
    Epoch 549:  [avg_train_loss=3.4495, avg_seen_mae=1.6635, avg_unseen_mae=1.7491]
    Epoch 550:  [avg_train_loss=3.4495, avg_seen_mae=1.6635, avg_unseen_mae=1.7491]
    Epoch 551:  [avg_train_loss=3.4495, avg_seen_mae=1.6635, avg_unseen_mae=1.7491]
    Epoch 552:  [avg_train_loss=3.4495, avg_seen_mae=1.6635, avg_unseen_mae=1.7491]
    Epoch 553:  [avg_train_loss=3.4495, avg_seen_mae=1.6635, avg_unseen_mae=1.7491]
    Epoch 554:  [avg_train_loss=3.4495, avg_seen_mae=1.6635, avg_unseen_mae=1.7491]
    Epoch 555:  [avg_train_loss=3.4495, avg_seen_mae=1.6635, avg_unseen_mae=1.7491]
    Epoch 556:  [avg_train_loss=3.4495, avg_seen_mae=1.6635, avg_unseen_mae=1.7491]
    Epoch 557:  [avg_train_loss=3.4495, avg_seen_mae=1.6635, avg_unseen_mae=1.7491]
    Epoch 558:  [avg_train_loss=3.4495, avg_seen_mae=1.6635, avg_unseen_mae=1.7491]
    Epoch 559:  [avg_train_loss=3.4495, avg_seen_mae=1.6635, avg_unseen_mae=1.7491]
    Epoch 560:  [avg_train_loss=3.4495, avg_seen_mae=1.6635, avg_unseen_mae=1.7491]
    Epoch 561:  [avg_train_loss=3.4495, avg_seen_mae=1.6635, avg_unseen_mae=1.7491]
    Epoch 562:  [avg_train_loss=3.4495, avg_seen_mae=1.6635, avg_unseen_mae=1.7491]
    Epoch 563:  [avg_train_loss=3.4495, avg_seen_mae=1.6635, avg_unseen_mae=1.7491]
    Epoch 564:  [avg_train_loss=3.4495, avg_seen_mae=1.6635, avg_unseen_mae=1.7491]
    Epoch 565:  [avg_train_loss=3.4495, avg_seen_mae=1.6635, avg_unseen_mae=1.7491]
    Epoch 566:  [avg_train_loss=3.4495, avg_seen_mae=1.6635, avg_unseen_mae=1.7491]
    Epoch 567:  [avg_train_loss=3.4495, avg_seen_mae=1.6635, avg_unseen_mae=1.7491]
    Epoch 568:  [avg_train_loss=3.4495, avg_seen_mae=1.6635, avg_unseen_mae=1.7491]
    Epoch 569:  [avg_train_loss=3.4495, avg_seen_mae=1.6635, avg_unseen_mae=1.7491]
    Epoch 570:  [avg_train_loss=3.4495, avg_seen_mae=1.6635, avg_unseen_mae=1.7491]
    Epoch 571:  [avg_train_loss=3.4495, avg_seen_mae=1.6635, avg_unseen_mae=1.7491]
    Epoch 572:  [avg_train_loss=3.4495, avg_seen_mae=1.6635, avg_unseen_mae=1.7491]
    Epoch 573:  [avg_train_loss=3.4495, avg_seen_mae=1.6635, avg_unseen_mae=1.7491]
    Epoch 574:  [avg_train_loss=3.4495, avg_seen_mae=1.6635, avg_unseen_mae=1.7491]
    Epoch 575:  [avg_train_loss=3.4495, avg_seen_mae=1.6635, avg_unseen_mae=1.7491]
    Epoch 576:  [avg_train_loss=3.4495, avg_seen_mae=1.6635, avg_unseen_mae=1.7491]
    Epoch 577:  [avg_train_loss=3.4495, avg_seen_mae=1.6635, avg_unseen_mae=1.7491]
    Epoch 578:  [avg_train_loss=3.4495, avg_seen_mae=1.6635, avg_unseen_mae=1.7491]
    Epoch 579:  [avg_train_loss=3.4495, avg_seen_mae=1.6635, avg_unseen_mae=1.7491]
    Epoch 580:  [avg_train_loss=3.4495, avg_seen_mae=1.6635, avg_unseen_mae=1.7491]
    Epoch 581:  [avg_train_loss=3.4495, avg_seen_mae=1.6635, avg_unseen_mae=1.7491]
    Epoch 582:  [avg_train_loss=3.4495, avg_seen_mae=1.6635, avg_unseen_mae=1.7491]
    Epoch 583:  [avg_train_loss=3.4495, avg_seen_mae=1.6635, avg_unseen_mae=1.7491]
    Epoch 584:  [avg_train_loss=3.4495, avg_seen_mae=1.6635, avg_unseen_mae=1.7491]
    Epoch 585:  [avg_train_loss=3.4495, avg_seen_mae=1.6635, avg_unseen_mae=1.7491]
    Epoch 586:  [avg_train_loss=3.4495, avg_seen_mae=1.6635, avg_unseen_mae=1.7491]
    Epoch 587:  [avg_train_loss=3.4495, avg_seen_mae=1.6635, avg_unseen_mae=1.7491]
    Epoch 588:  [avg_train_loss=3.4495, avg_seen_mae=1.6635, avg_unseen_mae=1.7491]
    Epoch 589:  [avg_train_loss=3.4495, avg_seen_mae=1.6635, avg_unseen_mae=1.7491]
    Epoch 590:  [avg_train_loss=3.4495, avg_seen_mae=1.6635, avg_unseen_mae=1.7491]
    Epoch 591:  [avg_train_loss=3.4495, avg_seen_mae=1.6635, avg_unseen_mae=1.7491]
    Epoch 592:  [avg_train_loss=3.4495, avg_seen_mae=1.6635, avg_unseen_mae=1.7491]
    Epoch 593:  [avg_train_loss=3.4495, avg_seen_mae=1.6635, avg_unseen_mae=1.7491]
    Epoch 594:  [avg_train_loss=3.4495, avg_seen_mae=1.6635, avg_unseen_mae=1.7491]
    Epoch 595:  [avg_train_loss=3.4495, avg_seen_mae=1.6635, avg_unseen_mae=1.7491]
    Epoch 596:  [avg_train_loss=3.4495, avg_seen_mae=1.6635, avg_unseen_mae=1.7491]
    Epoch 597:  [avg_train_loss=3.4495, avg_seen_mae=1.6635, avg_unseen_mae=1.7491]
    Epoch 598:  [avg_train_loss=3.4495, avg_seen_mae=1.6635, avg_unseen_mae=1.7491]
    Epoch 599:  [avg_train_loss=3.4495, avg_seen_mae=1.6635, avg_unseen_mae=1.7491]
    Epoch 600:  [avg_train_loss=3.4495, avg_seen_mae=1.6635, avg_unseen_mae=1.7491]
    Epoch 601:  [avg_train_loss=3.4495, avg_seen_mae=1.6635, avg_unseen_mae=1.7491]
    Epoch 602:  [avg_train_loss=3.4495, avg_seen_mae=1.6635, avg_unseen_mae=1.7491]
    Epoch 603:  [avg_train_loss=3.4495, avg_seen_mae=1.6635, avg_unseen_mae=1.7491]
    Epoch 604:  [avg_train_loss=3.4495, avg_seen_mae=1.6635, avg_unseen_mae=1.7491]
    Epoch 605:  [avg_train_loss=3.4495, avg_seen_mae=1.6635, avg_unseen_mae=1.7491]
    Epoch 606:  [avg_train_loss=3.4495, avg_seen_mae=1.6635, avg_unseen_mae=1.7491]
    Epoch 607:  [avg_train_loss=3.4495, avg_seen_mae=1.6635, avg_unseen_mae=1.7491]
    Epoch 608:  [avg_train_loss=3.4495, avg_seen_mae=1.6635, avg_unseen_mae=1.7491]
    Epoch 609:  [avg_train_loss=3.4495, avg_seen_mae=1.6635, avg_unseen_mae=1.7491]
    Epoch 610:  [avg_train_loss=3.4495, avg_seen_mae=1.6635, avg_unseen_mae=1.7491]
    Epoch 611:  [avg_train_loss=3.4495, avg_seen_mae=1.6635, avg_unseen_mae=1.7491]
    Epoch 612:  [avg_train_loss=3.4495, avg_seen_mae=1.6635, avg_unseen_mae=1.7491]
    Epoch 613:  [avg_train_loss=3.4495, avg_seen_mae=1.6635, avg_unseen_mae=1.7491]
    Epoch 614:  [avg_train_loss=3.4495, avg_seen_mae=1.6635, avg_unseen_mae=1.7491]
    Epoch 615:  [avg_train_loss=3.4495, avg_seen_mae=1.6635, avg_unseen_mae=1.7491]
    Epoch 616:  [avg_train_loss=3.4495, avg_seen_mae=1.6635, avg_unseen_mae=1.7491]
    Epoch 617:  [avg_train_loss=3.4495, avg_seen_mae=1.6635, avg_unseen_mae=1.7491]
    Epoch 618:  [avg_train_loss=3.4495, avg_seen_mae=1.6635, avg_unseen_mae=1.7491]
    Epoch 619:  [avg_train_loss=3.4495, avg_seen_mae=1.6635, avg_unseen_mae=1.7491]
    Epoch 620:  [avg_train_loss=3.4495, avg_seen_mae=1.6635, avg_unseen_mae=1.7491]
    Epoch 621:  [avg_train_loss=3.4495, avg_seen_mae=1.6635, avg_unseen_mae=1.7491]
    Epoch 622:  [avg_train_loss=3.4495, avg_seen_mae=1.6635, avg_unseen_mae=1.7491]
    Epoch 623:  [avg_train_loss=3.4495, avg_seen_mae=1.6635, avg_unseen_mae=1.7491]
    Epoch 624:  [avg_train_loss=3.4495, avg_seen_mae=1.6635, avg_unseen_mae=1.7491]
    Epoch 625:  [avg_train_loss=3.4495, avg_seen_mae=1.6635, avg_unseen_mae=1.7491]
    Epoch 626:  [avg_train_loss=3.4495, avg_seen_mae=1.6635, avg_unseen_mae=1.7491]
    Epoch 627:  [avg_train_loss=3.4495, avg_seen_mae=1.6635, avg_unseen_mae=1.7491]
    Epoch 628:  [avg_train_loss=3.4495, avg_seen_mae=1.6635, avg_unseen_mae=1.7491]
    Epoch 629:  [avg_train_loss=3.4495, avg_seen_mae=1.6635, avg_unseen_mae=1.7491]
    Epoch 630:  [avg_train_loss=3.4495, avg_seen_mae=1.6635, avg_unseen_mae=1.7491]
    Epoch 631:  [avg_train_loss=3.4495, avg_seen_mae=1.6635, avg_unseen_mae=1.7491]
    Epoch 632:  [avg_train_loss=3.4495, avg_seen_mae=1.6635, avg_unseen_mae=1.7491]
    Epoch 633:  [avg_train_loss=3.4495, avg_seen_mae=1.6635, avg_unseen_mae=1.7491]
    Epoch 634:  [avg_train_loss=3.4495, avg_seen_mae=1.6635, avg_unseen_mae=1.7491]
    Epoch 635:  [avg_train_loss=3.4495, avg_seen_mae=1.6635, avg_unseen_mae=1.7491]
    Epoch 636:  [avg_train_loss=3.4495, avg_seen_mae=1.6635, avg_unseen_mae=1.7491]
    Epoch 637:  [avg_train_loss=3.4495, avg_seen_mae=1.6635, avg_unseen_mae=1.7491]
    Epoch 638:  [avg_train_loss=3.4495, avg_seen_mae=1.6635, avg_unseen_mae=1.7491]
    Epoch 639:  [avg_train_loss=3.4495, avg_seen_mae=1.6635, avg_unseen_mae=1.7491]
    Epoch 640:  [avg_train_loss=3.4495, avg_seen_mae=1.6635, avg_unseen_mae=1.7491]
    Epoch 641:  [avg_train_loss=3.4495, avg_seen_mae=1.6635, avg_unseen_mae=1.7491]
    Epoch 642:  [avg_train_loss=3.4495, avg_seen_mae=1.6635, avg_unseen_mae=1.7491]
    Epoch 643:  [avg_train_loss=3.4495, avg_seen_mae=1.6635, avg_unseen_mae=1.7491]
    Epoch 644:  [avg_train_loss=3.4495, avg_seen_mae=1.6635, avg_unseen_mae=1.7491]
    Epoch 645:  [avg_train_loss=3.4495, avg_seen_mae=1.6635, avg_unseen_mae=1.7491]
    Epoch 646:  [avg_train_loss=3.4495, avg_seen_mae=1.6635, avg_unseen_mae=1.7491]
    Epoch 647:  [avg_train_loss=3.4495, avg_seen_mae=1.6635, avg_unseen_mae=1.7491]
    Epoch 648:  [avg_train_loss=3.4495, avg_seen_mae=1.6635, avg_unseen_mae=1.7491]
    Epoch 649:  [avg_train_loss=3.4495, avg_seen_mae=1.6635, avg_unseen_mae=1.7491]
    Epoch 650:  [avg_train_loss=3.4495, avg_seen_mae=1.6635, avg_unseen_mae=1.7491]
    Epoch 651:  [avg_train_loss=3.4495, avg_seen_mae=1.6635, avg_unseen_mae=1.7491]
    Epoch 652:  [avg_train_loss=3.4495, avg_seen_mae=1.6635, avg_unseen_mae=1.7491]
    Epoch 653:  [avg_train_loss=3.4495, avg_seen_mae=1.6635, avg_unseen_mae=1.7491]
    Epoch 654:  [avg_train_loss=3.4495, avg_seen_mae=1.6635, avg_unseen_mae=1.7491]
    Epoch 655:  [avg_train_loss=3.4495, avg_seen_mae=1.6635, avg_unseen_mae=1.7491]
    Epoch 656:  [avg_train_loss=3.4495, avg_seen_mae=1.6635, avg_unseen_mae=1.7491]
    Epoch 657:  [avg_train_loss=3.4495, avg_seen_mae=1.6635, avg_unseen_mae=1.7491]
    Epoch 658:  [avg_train_loss=3.4495, avg_seen_mae=1.6635, avg_unseen_mae=1.7491]
    Epoch 659:  [avg_train_loss=3.4495, avg_seen_mae=1.6635, avg_unseen_mae=1.7491]
    Epoch 660:  [avg_train_loss=3.4495, avg_seen_mae=1.6635, avg_unseen_mae=1.7491]
    Epoch 661:  [avg_train_loss=3.4495, avg_seen_mae=1.6635, avg_unseen_mae=1.7491]
    Epoch 662:  [avg_train_loss=3.4495, avg_seen_mae=1.6635, avg_unseen_mae=1.7491]
    Epoch 663:  [avg_train_loss=3.4495, avg_seen_mae=1.6635, avg_unseen_mae=1.7491]
    Epoch 664:  [avg_train_loss=3.4495, avg_seen_mae=1.6635, avg_unseen_mae=1.7491]
    Epoch 665:  [avg_train_loss=3.4495, avg_seen_mae=1.6635, avg_unseen_mae=1.7491]
    Epoch 666:  [avg_train_loss=3.4495, avg_seen_mae=1.6635, avg_unseen_mae=1.7491]
    Epoch 667:  [avg_train_loss=3.4495, avg_seen_mae=1.6635, avg_unseen_mae=1.7491]
    Epoch 668:  [avg_train_loss=3.4495, avg_seen_mae=1.6635, avg_unseen_mae=1.7491]
    Epoch 669:  [avg_train_loss=3.4495, avg_seen_mae=1.6635, avg_unseen_mae=1.7491]
    Epoch 670:  [avg_train_loss=3.4495, avg_seen_mae=1.6635, avg_unseen_mae=1.7491]
    Epoch 671:  [avg_train_loss=3.4495, avg_seen_mae=1.6635, avg_unseen_mae=1.7491]
    Epoch 672:  [avg_train_loss=3.4495, avg_seen_mae=1.6635, avg_unseen_mae=1.7491]
    Epoch 673:  [avg_train_loss=3.4495, avg_seen_mae=1.6635, avg_unseen_mae=1.7491]
    Epoch 674:  [avg_train_loss=3.4495, avg_seen_mae=1.6635, avg_unseen_mae=1.7491]
    Epoch 675:  [avg_train_loss=3.4495, avg_seen_mae=1.6635, avg_unseen_mae=1.7491]
    Epoch 676:  [avg_train_loss=3.4495, avg_seen_mae=1.6635, avg_unseen_mae=1.7491]
    Epoch 677:  [avg_train_loss=3.4495, avg_seen_mae=1.6635, avg_unseen_mae=1.7491]
    Epoch 678:  [avg_train_loss=3.4495, avg_seen_mae=1.6635, avg_unseen_mae=1.7491]
    Epoch 679:  [avg_train_loss=3.4495, avg_seen_mae=1.6635, avg_unseen_mae=1.7491]
    Epoch 680:  [avg_train_loss=3.4495, avg_seen_mae=1.6635, avg_unseen_mae=1.7491]
    Epoch 681:  [avg_train_loss=3.4495, avg_seen_mae=1.6635, avg_unseen_mae=1.7491]
    Epoch 682:  [avg_train_loss=3.4495, avg_seen_mae=1.6635, avg_unseen_mae=1.7491]
    Epoch 683:  [avg_train_loss=3.4495, avg_seen_mae=1.6635, avg_unseen_mae=1.7491]
    Epoch 684:  [avg_train_loss=3.4495, avg_seen_mae=1.6635, avg_unseen_mae=1.7491]
    Epoch 685:  [avg_train_loss=3.4495, avg_seen_mae=1.6635, avg_unseen_mae=1.7491]
    Epoch 686:  [avg_train_loss=3.4495, avg_seen_mae=1.6635, avg_unseen_mae=1.7491]
    Epoch 687:  [avg_train_loss=3.4495, avg_seen_mae=1.6635, avg_unseen_mae=1.7491]
    Epoch 688:  [avg_train_loss=3.4495, avg_seen_mae=1.6635, avg_unseen_mae=1.7491]
    Epoch 689:  [avg_train_loss=3.4495, avg_seen_mae=1.6635, avg_unseen_mae=1.7491]
    Epoch 690:  [avg_train_loss=3.4495, avg_seen_mae=1.6635, avg_unseen_mae=1.7491]
    Epoch 691:  [avg_train_loss=3.4495, avg_seen_mae=1.6635, avg_unseen_mae=1.7491]
    Epoch 692:  [avg_train_loss=3.4495, avg_seen_mae=1.6635, avg_unseen_mae=1.7491]
    Epoch 693:  [avg_train_loss=3.4495, avg_seen_mae=1.6635, avg_unseen_mae=1.7491]
    Epoch 694:  [avg_train_loss=3.4495, avg_seen_mae=1.6635, avg_unseen_mae=1.7491]
    Epoch 695:  [avg_train_loss=3.4495, avg_seen_mae=1.6635, avg_unseen_mae=1.7491]
    Epoch 696:  [avg_train_loss=3.4495, avg_seen_mae=1.6635, avg_unseen_mae=1.7491]
    Epoch 697:  [avg_train_loss=3.4495, avg_seen_mae=1.6635, avg_unseen_mae=1.7491]
    Epoch 698:  [avg_train_loss=3.4495, avg_seen_mae=1.6635, avg_unseen_mae=1.7491]
    Epoch 699:  [avg_train_loss=3.4495, avg_seen_mae=1.6635, avg_unseen_mae=1.7491]
    Epoch 700:  [avg_train_loss=3.4495, avg_seen_mae=1.6635, avg_unseen_mae=1.7491]
    Epoch 701:  [avg_train_loss=3.4495, avg_seen_mae=1.6635, avg_unseen_mae=1.7491]
    Epoch 702:  [avg_train_loss=3.4495, avg_seen_mae=1.6635, avg_unseen_mae=1.7491]
    Epoch 703:  [avg_train_loss=3.4495, avg_seen_mae=1.6635, avg_unseen_mae=1.7491]
    Epoch 704:  [avg_train_loss=3.4495, avg_seen_mae=1.6635, avg_unseen_mae=1.7491]
    Epoch 705:  [avg_train_loss=3.4495, avg_seen_mae=1.6635, avg_unseen_mae=1.7491]
    Epoch 706:  [avg_train_loss=3.4495, avg_seen_mae=1.6635, avg_unseen_mae=1.7491]
    Epoch 707:  [avg_train_loss=3.4495, avg_seen_mae=1.6635, avg_unseen_mae=1.7491]
    Epoch 708:  [avg_train_loss=3.4495, avg_seen_mae=1.6635, avg_unseen_mae=1.7491]
    Epoch 709:  [avg_train_loss=3.4495, avg_seen_mae=1.6635, avg_unseen_mae=1.7491]
    Epoch 710:  [avg_train_loss=3.4495, avg_seen_mae=1.6635, avg_unseen_mae=1.7491]
    Epoch 711:  [avg_train_loss=3.4495, avg_seen_mae=1.6635, avg_unseen_mae=1.7491]
    Epoch 712:  [avg_train_loss=3.4495, avg_seen_mae=1.6635, avg_unseen_mae=1.7491]
    Epoch 713:  [avg_train_loss=3.4495, avg_seen_mae=1.6635, avg_unseen_mae=1.7491]
    Epoch 714:  [avg_train_loss=3.4495, avg_seen_mae=1.6635, avg_unseen_mae=1.7491]
    Epoch 715:  [avg_train_loss=3.4495, avg_seen_mae=1.6635, avg_unseen_mae=1.7491]
    Epoch 716:  [avg_train_loss=3.4495, avg_seen_mae=1.6635, avg_unseen_mae=1.7491]
    Epoch 717:  [avg_train_loss=3.4495, avg_seen_mae=1.6635, avg_unseen_mae=1.7491]
    Epoch 718:  [avg_train_loss=3.4495, avg_seen_mae=1.6635, avg_unseen_mae=1.7491]
    Epoch 719:  [avg_train_loss=3.4495, avg_seen_mae=1.6635, avg_unseen_mae=1.7491]
    Epoch 720:  [avg_train_loss=3.4495, avg_seen_mae=1.6635, avg_unseen_mae=1.7491]
    Epoch 721:  [avg_train_loss=3.4495, avg_seen_mae=1.6635, avg_unseen_mae=1.7491]
    Epoch 722:  [avg_train_loss=3.4495, avg_seen_mae=1.6635, avg_unseen_mae=1.7491]
    Epoch 723:  [avg_train_loss=3.4495, avg_seen_mae=1.6635, avg_unseen_mae=1.7491]
    Epoch 724:  [avg_train_loss=3.4495, avg_seen_mae=1.6635, avg_unseen_mae=1.7491]
    Epoch 725:  [avg_train_loss=3.4495, avg_seen_mae=1.6635, avg_unseen_mae=1.7491]
    Epoch 726:  [avg_train_loss=3.4495, avg_seen_mae=1.6635, avg_unseen_mae=1.7491]
    Epoch 727:  [avg_train_loss=3.4495, avg_seen_mae=1.6635, avg_unseen_mae=1.7491]
    Epoch 728:  [avg_train_loss=3.4495, avg_seen_mae=1.6635, avg_unseen_mae=1.7491]
    Epoch 729:  [avg_train_loss=3.4495, avg_seen_mae=1.6635, avg_unseen_mae=1.7491]
    Epoch 730:  [avg_train_loss=3.4495, avg_seen_mae=1.6635, avg_unseen_mae=1.7491]
    Epoch 731:  [avg_train_loss=3.4495, avg_seen_mae=1.6635, avg_unseen_mae=1.7491]
    Epoch 732:  [avg_train_loss=3.4495, avg_seen_mae=1.6635, avg_unseen_mae=1.7491]
    Epoch 733:  [avg_train_loss=3.4495, avg_seen_mae=1.6635, avg_unseen_mae=1.7491]
    Epoch 734:  [avg_train_loss=3.4495, avg_seen_mae=1.6635, avg_unseen_mae=1.7491]
    Epoch 735:  [avg_train_loss=3.4495, avg_seen_mae=1.6635, avg_unseen_mae=1.7491]
    Epoch 736:  [avg_train_loss=3.4495, avg_seen_mae=1.6635, avg_unseen_mae=1.7491]
    Epoch 737:  [avg_train_loss=3.4495, avg_seen_mae=1.6635, avg_unseen_mae=1.7491]
    Epoch 738:  [avg_train_loss=3.4495, avg_seen_mae=1.6635, avg_unseen_mae=1.7491]
    Epoch 739:  [avg_train_loss=3.4495, avg_seen_mae=1.6635, avg_unseen_mae=1.7491]
    Epoch 740:  [avg_train_loss=3.4495, avg_seen_mae=1.6635, avg_unseen_mae=1.7491]
    Epoch 741:  [avg_train_loss=3.4495, avg_seen_mae=1.6635, avg_unseen_mae=1.7491]
    Epoch 742:  [avg_train_loss=3.4495, avg_seen_mae=1.6635, avg_unseen_mae=1.7491]
    Epoch 743:  [avg_train_loss=3.4495, avg_seen_mae=1.6635, avg_unseen_mae=1.7491]
    Epoch 744:  [avg_train_loss=3.4495, avg_seen_mae=1.6635, avg_unseen_mae=1.7491]
    Epoch 745:  [avg_train_loss=3.4495, avg_seen_mae=1.6635, avg_unseen_mae=1.7491]
    Epoch 746:  [avg_train_loss=3.4495, avg_seen_mae=1.6635, avg_unseen_mae=1.7491]
    Epoch 747:  [avg_train_loss=3.4495, avg_seen_mae=1.6635, avg_unseen_mae=1.7491]
    Epoch 748:  [avg_train_loss=3.4495, avg_seen_mae=1.6635, avg_unseen_mae=1.7491]
    Epoch 749:  [avg_train_loss=3.4495, avg_seen_mae=1.6635, avg_unseen_mae=1.7491]
    Epoch 750:  [avg_train_loss=3.4495, avg_seen_mae=1.6635, avg_unseen_mae=1.7491]
    Epoch 751:  [avg_train_loss=3.4495, avg_seen_mae=1.6635, avg_unseen_mae=1.7491]
    Epoch 752:  [avg_train_loss=3.4495, avg_seen_mae=1.6635, avg_unseen_mae=1.7491]
    Epoch 753:  [avg_train_loss=3.4495, avg_seen_mae=1.6635, avg_unseen_mae=1.7491]
    Epoch 754:  [avg_train_loss=3.4495, avg_seen_mae=1.6635, avg_unseen_mae=1.7491]
    Epoch 755:  [avg_train_loss=3.4495, avg_seen_mae=1.6635, avg_unseen_mae=1.7491]
    Epoch 756:  [avg_train_loss=3.4495, avg_seen_mae=1.6635, avg_unseen_mae=1.7491]
    Epoch 757:  [avg_train_loss=3.4495, avg_seen_mae=1.6635, avg_unseen_mae=1.7491]
    Epoch 758:  [avg_train_loss=3.4495, avg_seen_mae=1.6635, avg_unseen_mae=1.7491]
    Epoch 759:  [avg_train_loss=3.4495, avg_seen_mae=1.6635, avg_unseen_mae=1.7491]
    Epoch 760:  [avg_train_loss=3.4495, avg_seen_mae=1.6635, avg_unseen_mae=1.7491]
    Epoch 761:  [avg_train_loss=3.4495, avg_seen_mae=1.6635, avg_unseen_mae=1.7491]
    Epoch 762:  [avg_train_loss=3.4495, avg_seen_mae=1.6635, avg_unseen_mae=1.7491]
    Epoch 763:  [avg_train_loss=3.4495, avg_seen_mae=1.6635, avg_unseen_mae=1.7491]
    Epoch 764:  [avg_train_loss=3.4495, avg_seen_mae=1.6635, avg_unseen_mae=1.7491]
    Epoch 765:  [avg_train_loss=3.4495, avg_seen_mae=1.6635, avg_unseen_mae=1.7491]
    Epoch 766:  [avg_train_loss=3.4495, avg_seen_mae=1.6635, avg_unseen_mae=1.7491]
    Epoch 767:  [avg_train_loss=3.4495, avg_seen_mae=1.6635, avg_unseen_mae=1.7491]
    Epoch 768:  [avg_train_loss=3.4495, avg_seen_mae=1.6635, avg_unseen_mae=1.7491]
    Epoch 769:  [avg_train_loss=3.4495, avg_seen_mae=1.6635, avg_unseen_mae=1.7491]
    Epoch 770:  [avg_train_loss=3.4495, avg_seen_mae=1.6635, avg_unseen_mae=1.7491]
    Epoch 771:  [avg_train_loss=3.4495, avg_seen_mae=1.6635, avg_unseen_mae=1.7491]
    Epoch 772:  [avg_train_loss=3.4495, avg_seen_mae=1.6635, avg_unseen_mae=1.7491]
    Epoch 773:  [avg_train_loss=3.4495, avg_seen_mae=1.6635, avg_unseen_mae=1.7491]
    Epoch 774:  [avg_train_loss=3.4495, avg_seen_mae=1.6635, avg_unseen_mae=1.7491]
    Epoch 775:  [avg_train_loss=3.4495, avg_seen_mae=1.6635, avg_unseen_mae=1.7491]
    Epoch 776:  [avg_train_loss=3.4495, avg_seen_mae=1.6635, avg_unseen_mae=1.7491]
    Epoch 777:  [avg_train_loss=3.4495, avg_seen_mae=1.6635, avg_unseen_mae=1.7491]
    Epoch 778:  [avg_train_loss=3.4495, avg_seen_mae=1.6635, avg_unseen_mae=1.7491]
    Epoch 779:  [avg_train_loss=3.4495, avg_seen_mae=1.6635, avg_unseen_mae=1.7491]
    Epoch 780:  [avg_train_loss=3.4495, avg_seen_mae=1.6635, avg_unseen_mae=1.7491]
    Epoch 781:  [avg_train_loss=3.4495, avg_seen_mae=1.6635, avg_unseen_mae=1.7491]
    Epoch 782:  [avg_train_loss=3.4495, avg_seen_mae=1.6635, avg_unseen_mae=1.7491]
    Epoch 783:  [avg_train_loss=3.4495, avg_seen_mae=1.6635, avg_unseen_mae=1.7491]
    Epoch 784:  [avg_train_loss=3.4495, avg_seen_mae=1.6635, avg_unseen_mae=1.7491]
    Epoch 785:  [avg_train_loss=3.4495, avg_seen_mae=1.6635, avg_unseen_mae=1.7491]
    Epoch 786:  [avg_train_loss=3.4495, avg_seen_mae=1.6635, avg_unseen_mae=1.7491]
    Epoch 787:  [avg_train_loss=3.4495, avg_seen_mae=1.6635, avg_unseen_mae=1.7491]
    Epoch 788:  [avg_train_loss=3.4495, avg_seen_mae=1.6635, avg_unseen_mae=1.7491]
    Epoch 789:  [avg_train_loss=3.4495, avg_seen_mae=1.6635, avg_unseen_mae=1.7491]
    Epoch 790:  [avg_train_loss=3.4495, avg_seen_mae=1.6635, avg_unseen_mae=1.7491]
    Epoch 791:  [avg_train_loss=3.4495, avg_seen_mae=1.6635, avg_unseen_mae=1.7491]
    Epoch 792:  [avg_train_loss=3.4495, avg_seen_mae=1.6635, avg_unseen_mae=1.7491]
    Epoch 793:  [avg_train_loss=3.4495, avg_seen_mae=1.6635, avg_unseen_mae=1.7491]
    Epoch 794:  [avg_train_loss=3.4495, avg_seen_mae=1.6635, avg_unseen_mae=1.7491]
    Epoch 795:  [avg_train_loss=3.4495, avg_seen_mae=1.6635, avg_unseen_mae=1.7491]
    Epoch 796:  [avg_train_loss=3.4495, avg_seen_mae=1.6635, avg_unseen_mae=1.7491]
    Epoch 797:  [avg_train_loss=3.4495, avg_seen_mae=1.6635, avg_unseen_mae=1.7491]
    Epoch 798:  [avg_train_loss=3.4495, avg_seen_mae=1.6635, avg_unseen_mae=1.7491]
    Epoch 799:  [avg_train_loss=3.4495, avg_seen_mae=1.6635, avg_unseen_mae=1.7491]
    Epoch 800:  [avg_train_loss=3.4495, avg_seen_mae=1.6635, avg_unseen_mae=1.7491]
    Epoch 801:  [avg_train_loss=3.4495, avg_seen_mae=1.6635, avg_unseen_mae=1.7491]
    Epoch 802:  [avg_train_loss=3.4495, avg_seen_mae=1.6635, avg_unseen_mae=1.7491]
    Epoch 803:  [avg_train_loss=3.4495, avg_seen_mae=1.6635, avg_unseen_mae=1.7491]
    Epoch 804:  [avg_train_loss=3.4495, avg_seen_mae=1.6635, avg_unseen_mae=1.7491]
    Epoch 805:  [avg_train_loss=3.4495, avg_seen_mae=1.6635, avg_unseen_mae=1.7491]
    Epoch 806:  [avg_train_loss=3.4495, avg_seen_mae=1.6635, avg_unseen_mae=1.7491]
    Epoch 807:  [avg_train_loss=3.4495, avg_seen_mae=1.6635, avg_unseen_mae=1.7491]
    Epoch 808:  [avg_train_loss=3.4495, avg_seen_mae=1.6635, avg_unseen_mae=1.7491]
    Epoch 809:  [avg_train_loss=3.4495, avg_seen_mae=1.6635, avg_unseen_mae=1.7491]
    Epoch 810:  [avg_train_loss=3.4495, avg_seen_mae=1.6635, avg_unseen_mae=1.7491]
    Epoch 811:  [avg_train_loss=3.4495, avg_seen_mae=1.6635, avg_unseen_mae=1.7491]
    Epoch 812:  [avg_train_loss=3.4495, avg_seen_mae=1.6635, avg_unseen_mae=1.7491]
    Epoch 813:  [avg_train_loss=3.4495, avg_seen_mae=1.6635, avg_unseen_mae=1.7491]
    Epoch 814:  [avg_train_loss=3.4495, avg_seen_mae=1.6635, avg_unseen_mae=1.7491]
    Epoch 815:  [avg_train_loss=3.4495, avg_seen_mae=1.6635, avg_unseen_mae=1.7491]
    Epoch 816:  [avg_train_loss=3.4495, avg_seen_mae=1.6635, avg_unseen_mae=1.7491]
    Epoch 817:  [avg_train_loss=3.4495, avg_seen_mae=1.6635, avg_unseen_mae=1.7491]
    Epoch 818:  [avg_train_loss=3.4495, avg_seen_mae=1.6635, avg_unseen_mae=1.7491]
    Epoch 819:  [avg_train_loss=3.4495, avg_seen_mae=1.6635, avg_unseen_mae=1.7491]
    Epoch 820:  [avg_train_loss=3.4495, avg_seen_mae=1.6635, avg_unseen_mae=1.7491]
    Epoch 821:  [avg_train_loss=3.4495, avg_seen_mae=1.6635, avg_unseen_mae=1.7491]
    Epoch 822:  [avg_train_loss=3.4495, avg_seen_mae=1.6635, avg_unseen_mae=1.7491]
    Epoch 823:  [avg_train_loss=3.4495, avg_seen_mae=1.6635, avg_unseen_mae=1.7491]
    Epoch 824:  [avg_train_loss=3.4495, avg_seen_mae=1.6635, avg_unseen_mae=1.7491]
    Epoch 825:  [avg_train_loss=3.4495, avg_seen_mae=1.6635, avg_unseen_mae=1.7491]
    Epoch 826:  [avg_train_loss=3.4495, avg_seen_mae=1.6635, avg_unseen_mae=1.7491]
    Epoch 827:  [avg_train_loss=3.4495, avg_seen_mae=1.6635, avg_unseen_mae=1.7491]
    Epoch 828:  [avg_train_loss=3.4495, avg_seen_mae=1.6635, avg_unseen_mae=1.7491]
    Epoch 829:  [avg_train_loss=3.4495, avg_seen_mae=1.6635, avg_unseen_mae=1.7491]
    Epoch 830:  [avg_train_loss=3.4495, avg_seen_mae=1.6635, avg_unseen_mae=1.7491]
    Epoch 831:  [avg_train_loss=3.4495, avg_seen_mae=1.6635, avg_unseen_mae=1.7491]
    Epoch 832:  [avg_train_loss=3.4495, avg_seen_mae=1.6635, avg_unseen_mae=1.7491]
    Epoch 833:  [avg_train_loss=3.4495, avg_seen_mae=1.6635, avg_unseen_mae=1.7491]
    Epoch 834:  [avg_train_loss=3.4495, avg_seen_mae=1.6635, avg_unseen_mae=1.7491]
    Epoch 835:  [avg_train_loss=3.4495, avg_seen_mae=1.6635, avg_unseen_mae=1.7491]
    Epoch 836:  [avg_train_loss=3.4495, avg_seen_mae=1.6635, avg_unseen_mae=1.7491]
    Epoch 837:  [avg_train_loss=3.4495, avg_seen_mae=1.6635, avg_unseen_mae=1.7491]
    Epoch 838:  [avg_train_loss=3.4495, avg_seen_mae=1.6635, avg_unseen_mae=1.7491]
    Epoch 839:  [avg_train_loss=3.4495, avg_seen_mae=1.6635, avg_unseen_mae=1.7491]
    Epoch 840:  [avg_train_loss=3.4495, avg_seen_mae=1.6635, avg_unseen_mae=1.7491]
    Epoch 841:  [avg_train_loss=3.4495, avg_seen_mae=1.6635, avg_unseen_mae=1.7491]
    Epoch 842:  [avg_train_loss=3.4495, avg_seen_mae=1.6635, avg_unseen_mae=1.7491]
    Epoch 843:  [avg_train_loss=3.4495, avg_seen_mae=1.6635, avg_unseen_mae=1.7491]
    Epoch 844:  [avg_train_loss=3.4495, avg_seen_mae=1.6635, avg_unseen_mae=1.7491]
    Epoch 845:  [avg_train_loss=3.4495, avg_seen_mae=1.6635, avg_unseen_mae=1.7491]
    Epoch 846:  [avg_train_loss=3.4495, avg_seen_mae=1.6635, avg_unseen_mae=1.7491]
    Epoch 847:  [avg_train_loss=3.4495, avg_seen_mae=1.6635, avg_unseen_mae=1.7491]
    Epoch 848:  [avg_train_loss=3.4495, avg_seen_mae=1.6635, avg_unseen_mae=1.7491]
    Epoch 849:  [avg_train_loss=3.4495, avg_seen_mae=1.6635, avg_unseen_mae=1.7491]
    Epoch 850:  [avg_train_loss=3.4495, avg_seen_mae=1.6635, avg_unseen_mae=1.7491]
    Epoch 851:  [avg_train_loss=3.4495, avg_seen_mae=1.6635, avg_unseen_mae=1.7491]
    Epoch 852:  [avg_train_loss=3.4495, avg_seen_mae=1.6635, avg_unseen_mae=1.7491]
    Epoch 853:  [avg_train_loss=3.4495, avg_seen_mae=1.6635, avg_unseen_mae=1.7491]
    Epoch 854:  [avg_train_loss=3.4495, avg_seen_mae=1.6635, avg_unseen_mae=1.7491]
    Epoch 855:  [avg_train_loss=3.4495, avg_seen_mae=1.6635, avg_unseen_mae=1.7491]
    Epoch 856:  [avg_train_loss=3.4495, avg_seen_mae=1.6635, avg_unseen_mae=1.7491]
    Epoch 857:  [avg_train_loss=3.4495, avg_seen_mae=1.6635, avg_unseen_mae=1.7491]
    Epoch 858:  [avg_train_loss=3.4495, avg_seen_mae=1.6635, avg_unseen_mae=1.7491]
    Epoch 859:  [avg_train_loss=3.4495, avg_seen_mae=1.6635, avg_unseen_mae=1.7491]
    Epoch 860:  [avg_train_loss=3.4495, avg_seen_mae=1.6635, avg_unseen_mae=1.7491]
    Epoch 861:  [avg_train_loss=3.4495, avg_seen_mae=1.6635, avg_unseen_mae=1.7491]
    Epoch 862:  [avg_train_loss=3.4495, avg_seen_mae=1.6635, avg_unseen_mae=1.7491]
    Epoch 863:  [avg_train_loss=3.4495, avg_seen_mae=1.6635, avg_unseen_mae=1.7491]
    Epoch 864:  [avg_train_loss=3.4495, avg_seen_mae=1.6635, avg_unseen_mae=1.7491]
    Epoch 865:  [avg_train_loss=3.4495, avg_seen_mae=1.6635, avg_unseen_mae=1.7491]
    Epoch 866:  [avg_train_loss=3.4495, avg_seen_mae=1.6635, avg_unseen_mae=1.7491]
    Epoch 867:  [avg_train_loss=3.4495, avg_seen_mae=1.6635, avg_unseen_mae=1.7491]
    Epoch 868:  [avg_train_loss=3.4495, avg_seen_mae=1.6635, avg_unseen_mae=1.7491]
    Epoch 869:  [avg_train_loss=3.4495, avg_seen_mae=1.6635, avg_unseen_mae=1.7491]
    Epoch 870:  [avg_train_loss=3.4495, avg_seen_mae=1.6635, avg_unseen_mae=1.7491]
    Epoch 871:  [avg_train_loss=3.4495, avg_seen_mae=1.6635, avg_unseen_mae=1.7491]
    Epoch 872:  [avg_train_loss=3.4495, avg_seen_mae=1.6635, avg_unseen_mae=1.7491]
    Epoch 873:  [avg_train_loss=3.4495, avg_seen_mae=1.6635, avg_unseen_mae=1.7491]
    Epoch 874:  [avg_train_loss=3.4495, avg_seen_mae=1.6635, avg_unseen_mae=1.7491]
    Epoch 875:  [avg_train_loss=3.4495, avg_seen_mae=1.6635, avg_unseen_mae=1.7491]
    Epoch 876:  [avg_train_loss=3.4495, avg_seen_mae=1.6635, avg_unseen_mae=1.7491]
    Epoch 877:  [avg_train_loss=3.4495, avg_seen_mae=1.6635, avg_unseen_mae=1.7491]
    Epoch 878:  [avg_train_loss=3.4495, avg_seen_mae=1.6635, avg_unseen_mae=1.7491]
    Epoch 879:  [avg_train_loss=3.4495, avg_seen_mae=1.6635, avg_unseen_mae=1.7491]
    Epoch 880:  [avg_train_loss=3.4495, avg_seen_mae=1.6635, avg_unseen_mae=1.7491]
    Epoch 881:  [avg_train_loss=3.4495, avg_seen_mae=1.6635, avg_unseen_mae=1.7491]
    Epoch 882:  [avg_train_loss=3.4495, avg_seen_mae=1.6635, avg_unseen_mae=1.7491]
    Epoch 883:  [avg_train_loss=3.4495, avg_seen_mae=1.6635, avg_unseen_mae=1.7491]
    Epoch 884:  [avg_train_loss=3.4495, avg_seen_mae=1.6635, avg_unseen_mae=1.7491]
    Epoch 885:  [avg_train_loss=3.4495, avg_seen_mae=1.6635, avg_unseen_mae=1.7491]
    Epoch 886:  [avg_train_loss=3.4495, avg_seen_mae=1.6635, avg_unseen_mae=1.7491]
    Epoch 887:  [avg_train_loss=3.4495, avg_seen_mae=1.6635, avg_unseen_mae=1.7491]
    Epoch 888:  [avg_train_loss=3.4495, avg_seen_mae=1.6635, avg_unseen_mae=1.7491]
    Epoch 889:  [avg_train_loss=3.4495, avg_seen_mae=1.6635, avg_unseen_mae=1.7491]
    Epoch 890:  [avg_train_loss=3.4495, avg_seen_mae=1.6635, avg_unseen_mae=1.7491]
    Epoch 891:  [avg_train_loss=3.4495, avg_seen_mae=1.6635, avg_unseen_mae=1.7491]
    Epoch 892:  [avg_train_loss=3.4495, avg_seen_mae=1.6635, avg_unseen_mae=1.7491]
    Epoch 893:  [avg_train_loss=3.4495, avg_seen_mae=1.6635, avg_unseen_mae=1.7491]
    Epoch 894:  [avg_train_loss=3.4495, avg_seen_mae=1.6635, avg_unseen_mae=1.7491]
    Epoch 895:  [avg_train_loss=3.4495, avg_seen_mae=1.6635, avg_unseen_mae=1.7491]
    Epoch 896:  [avg_train_loss=3.4495, avg_seen_mae=1.6635, avg_unseen_mae=1.7491]
    Epoch 897:  [avg_train_loss=3.4495, avg_seen_mae=1.6635, avg_unseen_mae=1.7491]
    Epoch 898:  [avg_train_loss=3.4495, avg_seen_mae=1.6635, avg_unseen_mae=1.7491]
    Epoch 899:  [avg_train_loss=3.4495, avg_seen_mae=1.6635, avg_unseen_mae=1.7491]
    Epoch 900:  [avg_train_loss=3.4495, avg_seen_mae=1.6635, avg_unseen_mae=1.7491]
    Epoch 901:  [avg_train_loss=3.4495, avg_seen_mae=1.6635, avg_unseen_mae=1.7491]
    Epoch 902:  [avg_train_loss=3.4495, avg_seen_mae=1.6635, avg_unseen_mae=1.7491]
    Epoch 903:  [avg_train_loss=3.4495, avg_seen_mae=1.6635, avg_unseen_mae=1.7491]
    Epoch 904:  [avg_train_loss=3.4495, avg_seen_mae=1.6635, avg_unseen_mae=1.7491]
    Epoch 905:  [avg_train_loss=3.4495, avg_seen_mae=1.6635, avg_unseen_mae=1.7491]
    Epoch 906:  [avg_train_loss=3.4495, avg_seen_mae=1.6635, avg_unseen_mae=1.7491]
    Epoch 907:  [avg_train_loss=3.4495, avg_seen_mae=1.6635, avg_unseen_mae=1.7491]
    Epoch 908:  [avg_train_loss=3.4495, avg_seen_mae=1.6635, avg_unseen_mae=1.7491]
    Epoch 909:  [avg_train_loss=3.4495, avg_seen_mae=1.6635, avg_unseen_mae=1.7491]
    Epoch 910:  [avg_train_loss=3.4495, avg_seen_mae=1.6635, avg_unseen_mae=1.7491]
    Epoch 911:  [avg_train_loss=3.4495, avg_seen_mae=1.6635, avg_unseen_mae=1.7491]
    Epoch 912:  [avg_train_loss=3.4495, avg_seen_mae=1.6635, avg_unseen_mae=1.7491]
    Epoch 913:  [avg_train_loss=3.4495, avg_seen_mae=1.6635, avg_unseen_mae=1.7491]
    Epoch 914:  [avg_train_loss=3.4495, avg_seen_mae=1.6635, avg_unseen_mae=1.7491]
    Epoch 915:  [avg_train_loss=3.4495, avg_seen_mae=1.6635, avg_unseen_mae=1.7491]
    Epoch 916:  [avg_train_loss=3.4495, avg_seen_mae=1.6635, avg_unseen_mae=1.7491]
    Epoch 917:  [avg_train_loss=3.4495, avg_seen_mae=1.6635, avg_unseen_mae=1.7491]
    Epoch 918:  [avg_train_loss=3.4495, avg_seen_mae=1.6635, avg_unseen_mae=1.7491]
    Epoch 919:  [avg_train_loss=3.4495, avg_seen_mae=1.6635, avg_unseen_mae=1.7491]
    Epoch 920:  [avg_train_loss=3.4495, avg_seen_mae=1.6635, avg_unseen_mae=1.7491]
    Epoch 921:  [avg_train_loss=3.4495, avg_seen_mae=1.6635, avg_unseen_mae=1.7491]
    Epoch 922:  [avg_train_loss=3.4495, avg_seen_mae=1.6635, avg_unseen_mae=1.7491]
    Epoch 923:  [avg_train_loss=3.4495, avg_seen_mae=1.6635, avg_unseen_mae=1.7491]
    Epoch 924:  [avg_train_loss=3.4495, avg_seen_mae=1.6635, avg_unseen_mae=1.7491]
    Epoch 925:  [avg_train_loss=3.4495, avg_seen_mae=1.6635, avg_unseen_mae=1.7491]
    Epoch 926:  [avg_train_loss=3.4495, avg_seen_mae=1.6635, avg_unseen_mae=1.7491]
    Epoch 927:  [avg_train_loss=3.4495, avg_seen_mae=1.6635, avg_unseen_mae=1.7491]
    Epoch 928:  [avg_train_loss=3.4495, avg_seen_mae=1.6635, avg_unseen_mae=1.7491]
    Epoch 929:  [avg_train_loss=3.4495, avg_seen_mae=1.6635, avg_unseen_mae=1.7491]
    Epoch 930:  [avg_train_loss=3.4495, avg_seen_mae=1.6635, avg_unseen_mae=1.7491]
    Epoch 931:  [avg_train_loss=3.4495, avg_seen_mae=1.6635, avg_unseen_mae=1.7491]
    Epoch 932:  [avg_train_loss=3.4495, avg_seen_mae=1.6635, avg_unseen_mae=1.7491]
    Epoch 933:  [avg_train_loss=3.4495, avg_seen_mae=1.6635, avg_unseen_mae=1.7491]
    Epoch 934:  [avg_train_loss=3.4495, avg_seen_mae=1.6635, avg_unseen_mae=1.7491]
    Epoch 935:  [avg_train_loss=3.4495, avg_seen_mae=1.6635, avg_unseen_mae=1.7491]
    Epoch 936:  [avg_train_loss=3.4495, avg_seen_mae=1.6635, avg_unseen_mae=1.7491]
    Epoch 937:  [avg_train_loss=3.4495, avg_seen_mae=1.6635, avg_unseen_mae=1.7491]
    Epoch 938:  [avg_train_loss=3.4495, avg_seen_mae=1.6635, avg_unseen_mae=1.7491]
    Epoch 939:  [avg_train_loss=3.4495, avg_seen_mae=1.6635, avg_unseen_mae=1.7491]
    Epoch 940:  [avg_train_loss=3.4495, avg_seen_mae=1.6635, avg_unseen_mae=1.7491]
    Epoch 941:  [avg_train_loss=3.4495, avg_seen_mae=1.6635, avg_unseen_mae=1.7491]
    Epoch 942:  [avg_train_loss=3.4495, avg_seen_mae=1.6635, avg_unseen_mae=1.7491]
    Epoch 943:  [avg_train_loss=3.4495, avg_seen_mae=1.6635, avg_unseen_mae=1.7491]
    Epoch 944:  [avg_train_loss=3.4495, avg_seen_mae=1.6635, avg_unseen_mae=1.7491]
    Epoch 945:  [avg_train_loss=3.4495, avg_seen_mae=1.6635, avg_unseen_mae=1.7491]
    Epoch 946:  [avg_train_loss=3.4495, avg_seen_mae=1.6635, avg_unseen_mae=1.7491]
    Epoch 947:  [avg_train_loss=3.4495, avg_seen_mae=1.6635, avg_unseen_mae=1.7491]
    Epoch 948:  [avg_train_loss=3.4495, avg_seen_mae=1.6635, avg_unseen_mae=1.7491]
    Epoch 949:  [avg_train_loss=3.4495, avg_seen_mae=1.6635, avg_unseen_mae=1.7491]
    Epoch 950:  [avg_train_loss=3.4495, avg_seen_mae=1.6635, avg_unseen_mae=1.7491]
    Epoch 951:  [avg_train_loss=3.4495, avg_seen_mae=1.6635, avg_unseen_mae=1.7491]
    Epoch 952:  [avg_train_loss=3.4495, avg_seen_mae=1.6635, avg_unseen_mae=1.7491]
    Epoch 953:  [avg_train_loss=3.4495, avg_seen_mae=1.6635, avg_unseen_mae=1.7491]
    Epoch 954:  [avg_train_loss=3.4495, avg_seen_mae=1.6635, avg_unseen_mae=1.7491]
    Epoch 955:  [avg_train_loss=3.4495, avg_seen_mae=1.6635, avg_unseen_mae=1.7491]
    Epoch 956:  [avg_train_loss=3.4495, avg_seen_mae=1.6635, avg_unseen_mae=1.7491]
    Epoch 957:  [avg_train_loss=3.4495, avg_seen_mae=1.6635, avg_unseen_mae=1.7491]
    Epoch 958:  [avg_train_loss=3.4495, avg_seen_mae=1.6635, avg_unseen_mae=1.7491]
    Epoch 959:  [avg_train_loss=3.4495, avg_seen_mae=1.6635, avg_unseen_mae=1.7491]
    Epoch 960:  [avg_train_loss=3.4495, avg_seen_mae=1.6635, avg_unseen_mae=1.7491]
    Epoch 961:  [avg_train_loss=3.4495, avg_seen_mae=1.6635, avg_unseen_mae=1.7491]
    Epoch 962:  [avg_train_loss=3.4495, avg_seen_mae=1.6635, avg_unseen_mae=1.7491]
    Epoch 963:  [avg_train_loss=3.4495, avg_seen_mae=1.6635, avg_unseen_mae=1.7491]
    Epoch 964:  [avg_train_loss=3.4495, avg_seen_mae=1.6635, avg_unseen_mae=1.7491]
    Epoch 965:  [avg_train_loss=3.4495, avg_seen_mae=1.6635, avg_unseen_mae=1.7491]
    Epoch 966:  [avg_train_loss=3.4495, avg_seen_mae=1.6635, avg_unseen_mae=1.7491]
    Epoch 967:  [avg_train_loss=3.4495, avg_seen_mae=1.6635, avg_unseen_mae=1.7491]
    Epoch 968:  [avg_train_loss=3.4495, avg_seen_mae=1.6635, avg_unseen_mae=1.7491]
    Epoch 969:  [avg_train_loss=3.4495, avg_seen_mae=1.6635, avg_unseen_mae=1.7491]
    Epoch 970:  [avg_train_loss=3.4495, avg_seen_mae=1.6635, avg_unseen_mae=1.7491]
    Epoch 971:  [avg_train_loss=3.4495, avg_seen_mae=1.6635, avg_unseen_mae=1.7491]
    Epoch 972:  [avg_train_loss=3.4495, avg_seen_mae=1.6635, avg_unseen_mae=1.7491]
    Epoch 973:  [avg_train_loss=3.4495, avg_seen_mae=1.6635, avg_unseen_mae=1.7491]
    Epoch 974:  [avg_train_loss=3.4495, avg_seen_mae=1.6635, avg_unseen_mae=1.7491]
    Epoch 975:  [avg_train_loss=3.4495, avg_seen_mae=1.6635, avg_unseen_mae=1.7491]
    Epoch 976:  [avg_train_loss=3.4495, avg_seen_mae=1.6635, avg_unseen_mae=1.7491]
    Epoch 977:  [avg_train_loss=3.4495, avg_seen_mae=1.6635, avg_unseen_mae=1.7491]
    Epoch 978:  [avg_train_loss=3.4495, avg_seen_mae=1.6635, avg_unseen_mae=1.7491]
    Epoch 979:  [avg_train_loss=3.4495, avg_seen_mae=1.6635, avg_unseen_mae=1.7491]
    Epoch 980:  [avg_train_loss=3.4495, avg_seen_mae=1.6635, avg_unseen_mae=1.7491]
    Epoch 981:  [avg_train_loss=3.4495, avg_seen_mae=1.6635, avg_unseen_mae=1.7491]
    Epoch 982:  [avg_train_loss=3.4495, avg_seen_mae=1.6635, avg_unseen_mae=1.7491]
    Epoch 983:  [avg_train_loss=3.4495, avg_seen_mae=1.6635, avg_unseen_mae=1.7491]
    Epoch 984:  [avg_train_loss=3.4495, avg_seen_mae=1.6635, avg_unseen_mae=1.7491]
    Epoch 985:  [avg_train_loss=3.4495, avg_seen_mae=1.6635, avg_unseen_mae=1.7491]
    Epoch 986:  [avg_train_loss=3.4495, avg_seen_mae=1.6635, avg_unseen_mae=1.7491]
    Epoch 987:  [avg_train_loss=3.4495, avg_seen_mae=1.6635, avg_unseen_mae=1.7491]
    Epoch 988:  [avg_train_loss=3.4495, avg_seen_mae=1.6635, avg_unseen_mae=1.7491]
    Epoch 989:  [avg_train_loss=3.4495, avg_seen_mae=1.6635, avg_unseen_mae=1.7491]
    Epoch 990:  [avg_train_loss=3.4495, avg_seen_mae=1.6635, avg_unseen_mae=1.7491]
    Epoch 991:  [avg_train_loss=3.4495, avg_seen_mae=1.6635, avg_unseen_mae=1.7491]
    Epoch 992:  [avg_train_loss=3.4495, avg_seen_mae=1.6635, avg_unseen_mae=1.7491]
    Epoch 993:  [avg_train_loss=3.4495, avg_seen_mae=1.6635, avg_unseen_mae=1.7491]
    Epoch 994:  [avg_train_loss=3.4495, avg_seen_mae=1.6635, avg_unseen_mae=1.7491]
    Epoch 995:  [avg_train_loss=3.4495, avg_seen_mae=1.6635, avg_unseen_mae=1.7491]
    Epoch 996:  [avg_train_loss=3.4495, avg_seen_mae=1.6635, avg_unseen_mae=1.7491]
    Epoch 997:  [avg_train_loss=3.4495, avg_seen_mae=1.6635, avg_unseen_mae=1.7491]
    Epoch 998:  [avg_train_loss=3.4495, avg_seen_mae=1.6635, avg_unseen_mae=1.7491]
    Epoch 999:  [avg_train_loss=3.4495, avg_seen_mae=1.6635, avg_unseen_mae=1.7491]
    Epoch 1000:  [avg_train_loss=3.4495, avg_seen_mae=1.6635, avg_unseen_mae=1.7491]
  [AGGREGATED_CURVES_END]


==================================================
  Experiment: Withholding m=15 stations
==================================================
  Running 10 iterations for m=15...

  --- Iteration 1/10 ---
  Unseen stations (15): ['0-20000-0-06240', '0-20000-0-06260', '0-20000-0-06270', '0-20000-0-06273', '0-20000-0-06278', '0-20000-0-06279', '0-20000-0-06283', '0-20000-0-06290', '0-20000-0-06320', '0-20000-0-06330', '0-20000-0-06344', '0-20000-0-06348', '0-20000-0-06356', '0-20000-0-06370', '0-20000-0-06380']
  [Time Est] ~36.8s/epoch. ETA for m=15: ~122.5 mins.
    Epoch   10/1000 | Loss: 3.5710 | Monitor MAE: 1.7810 | Patience: 5/10
    Early stopping triggered after 14 epochs.
    Iter 1 Results -> Seen MAE: 1.7517 | Unseen MAE: 1.7808

  --- Iteration 2/10 ---
  Unseen stations (15): ['0-20000-0-06235', '0-20000-0-06240', '0-20000-0-06260', '0-20000-0-06270', '0-20000-0-06273', '0-20000-0-06280', '0-20000-0-06286', '0-20000-0-06290', '0-20000-0-06320', '0-20000-0-06330', '0-20000-0-06344', '0-20000-0-06356', '0-20000-0-06370', '0-20000-0-06375', '0-20000-0-06380']
    Epoch   10/1000 | Loss: 3.6215 | Monitor MAE: 1.7559 | Patience: 0/10
    Epoch   20/1000 | Loss: 3.5830 | Monitor MAE: 1.7353 | Patience: 1/10
    Epoch   30/1000 | Loss: 3.5542 | Monitor MAE: 1.7388 | Patience: 9/10
    Early stopping triggered after 30 epochs.
    Iter 2 Results -> Seen MAE: 1.7276 | Unseen MAE: 1.7353

  --- Iteration 3/10 ---
  Unseen stations (15): ['0-20000-0-06235', '0-20000-0-06240', '0-20000-0-06275', '0-20000-0-06278', '0-20000-0-06279', '0-20000-0-06280', '0-20000-0-06283', '0-20000-0-06310', '0-20000-0-06330', '0-20000-0-06344', '0-20000-0-06348', '0-20000-0-06350', '0-20000-0-06370', '0-20000-0-06375', '0-20000-0-06380']
    Epoch   10/1000 | Loss: 3.4421 | Monitor MAE: 1.8148 | Patience: 0/10
    Epoch   20/1000 | Loss: 3.4058 | Monitor MAE: 1.8015 | Patience: 1/10
    Epoch   30/1000 | Loss: 3.3810 | Monitor MAE: 1.7947 | Patience: 2/10
    Early stopping triggered after 37 epochs.
    Iter 3 Results -> Seen MAE: 1.6272 | Unseen MAE: 1.7912

  --- Iteration 4/10 ---
  Unseen stations (15): ['0-20000-0-06240', '0-20000-0-06270', '0-20000-0-06273', '0-20000-0-06275', '0-20000-0-06279', '0-20000-0-06280', '0-20000-0-06283', '0-20000-0-06286', '0-20000-0-06320', '0-20000-0-06330', '0-20000-0-06344', '0-20000-0-06350', '0-20000-0-06356', '0-20000-0-06370', '0-20000-0-06375']
    Epoch   10/1000 | Loss: 3.5409 | Monitor MAE: 1.7712 | Patience: 0/10
    Epoch   20/1000 | Loss: 3.5035 | Monitor MAE: 1.7689 | Patience: 8/10
    Early stopping triggered after 21 epochs.
    Iter 4 Results -> Seen MAE: 1.7064 | Unseen MAE: 1.7682

  --- Iteration 5/10 ---
  Unseen stations (15): ['0-20000-0-06240', '0-20000-0-06260', '0-20000-0-06269', '0-20000-0-06273', '0-20000-0-06278', '0-20000-0-06279', '0-20000-0-06280', '0-20000-0-06283', '0-20000-0-06290', '0-20000-0-06310', '0-20000-0-06320', '0-20000-0-06330', '0-20000-0-06348', '0-20000-0-06350', '0-20000-0-06370']
    Epoch   10/1000 | Loss: 3.5854 | Monitor MAE: 1.7853 | Patience: 3/10
    Epoch   20/1000 | Loss: 3.5457 | Monitor MAE: 1.7753 | Patience: 0/10
    Epoch   30/1000 | Loss: 3.5135 | Monitor MAE: 1.7966 | Patience: 0/10
    Epoch   40/1000 | Loss: 3.4921 | Monitor MAE: 1.7636 | Patience: 4/10
    Epoch   50/1000 | Loss: 3.4795 | Monitor MAE: 1.7602 | Patience: 3/10
    Epoch   60/1000 | Loss: 3.4689 | Monitor MAE: 1.7409 | Patience: 3/10
    Early stopping triggered after 66 epochs.
    Iter 5 Results -> Seen MAE: 1.6643 | Unseen MAE: 1.7331

  --- Iteration 6/10 ---
  Unseen stations (15): ['0-20000-0-06269', '0-20000-0-06270', '0-20000-0-06273', '0-20000-0-06275', '0-20000-0-06278', '0-20000-0-06279', '0-20000-0-06280', '0-20000-0-06283', '0-20000-0-06286', '0-20000-0-06330', '0-20000-0-06344', '0-20000-0-06348', '0-20000-0-06356', '0-20000-0-06375', '0-20000-0-06380']
    Epoch   10/1000 | Loss: 3.3894 | Monitor MAE: 1.8774 | Patience: 7/10
    Early stopping triggered after 12 epochs.
    Iter 6 Results -> Seen MAE: 1.7068 | Unseen MAE: 1.8431

  --- Iteration 7/10 ---
  Unseen stations (15): ['0-20000-0-06235', '0-20000-0-06240', '0-20000-0-06269', '0-20000-0-06279', '0-20000-0-06280', '0-20000-0-06283', '0-20000-0-06286', '0-20000-0-06290', '0-20000-0-06310', '0-20000-0-06344', '0-20000-0-06348', '0-20000-0-06350', '0-20000-0-06370', '0-20000-0-06375', '0-20000-0-06380']
    Epoch   10/1000 | Loss: 3.4395 | Monitor MAE: 1.8342 | Patience: 0/10
    Epoch   20/1000 | Loss: 3.3851 | Monitor MAE: 1.8253 | Patience: 4/10
    Epoch   30/1000 | Loss: 3.3550 | Monitor MAE: 1.8030 | Patience: 2/10
    Epoch   40/1000 | Loss: 3.3266 | Monitor MAE: 1.8036 | Patience: 4/10
    Early stopping triggered after 45 epochs.
    Iter 7 Results -> Seen MAE: 1.6152 | Unseen MAE: 1.7968

  --- Iteration 8/10 ---
  Unseen stations (15): ['0-20000-0-06240', '0-20000-0-06260', '0-20000-0-06270', '0-20000-0-06278', '0-20000-0-06279', '0-20000-0-06280', '0-20000-0-06283', '0-20000-0-06290', '0-20000-0-06310', '0-20000-0-06320', '0-20000-0-06330', '0-20000-0-06344', '0-20000-0-06348', '0-20000-0-06370', '0-20000-0-06375']
    Epoch   10/1000 | Loss: 3.6089 | Monitor MAE: 1.7642 | Patience: 1/10
