Loading merged.csv ...
Training years used: [2020, 2021, 2022, 2023]

==================================================
  Experiment: Withholding m=0 stations
==================================================
  Running 1 iterations for m=0...

  --- Iteration 1/1 ---
  Unseen stations (0): []
  [Time Est] ~13.0s/epoch. ETA for m=0: ~4.3 mins.
    Epoch   10/1000 | Loss: 3.5704 | Monitor MAE: 1.7450 | Patience: 0/10
    Epoch   20/1000 | Loss: 3.5363 | Monitor MAE: 1.7070 | Patience: 1/10
    Epoch   30/1000 | Loss: 3.5042 | Monitor MAE: 1.6981 | Patience: 0/10
    Epoch   40/1000 | Loss: 3.4960 | Monitor MAE: 1.6765 | Patience: 3/10
    Epoch   50/1000 | Loss: 3.4638 | Monitor MAE: 1.6651 | Patience: 7/10
    Epoch   60/1000 | Loss: 3.4567 | Monitor MAE: 1.6581 | Patience: 3/10
    Early stopping triggered after 66 epochs.
    Iter 1 Results -> Seen MAE: 1.6528

  ========================================
  AGGREGATED RESULTS (Across all iterations)
  SEEN   mean MAE Tmax: 1.6528
  ========================================

  [AGGREGATED_CURVES_START]
    Epoch 1:  [avg_train_loss=3.7413, avg_seen_mae=1.8092]
    Epoch 2:  [avg_train_loss=3.6653, avg_seen_mae=1.7905]
    Epoch 3:  [avg_train_loss=3.6368, avg_seen_mae=1.8120]
    Epoch 4:  [avg_train_loss=3.6238, avg_seen_mae=1.7924]
    Epoch 5:  [avg_train_loss=3.6028, avg_seen_mae=1.7770]
    Epoch 6:  [avg_train_loss=3.5928, avg_seen_mae=1.7660]
    Epoch 7:  [avg_train_loss=3.5843, avg_seen_mae=1.7647]
    Epoch 8:  [avg_train_loss=3.5775, avg_seen_mae=1.7651]
    Epoch 9:  [avg_train_loss=3.5778, avg_seen_mae=1.7423]
    Epoch 10:  [avg_train_loss=3.5704, avg_seen_mae=1.7450]
    Epoch 11:  [avg_train_loss=3.5660, avg_seen_mae=1.7475]
    Epoch 12:  [avg_train_loss=3.5589, avg_seen_mae=1.7458]
    Epoch 13:  [avg_train_loss=3.5544, avg_seen_mae=1.7367]
    Epoch 14:  [avg_train_loss=3.5567, avg_seen_mae=1.7379]
    Epoch 15:  [avg_train_loss=3.5518, avg_seen_mae=1.7307]
    Epoch 16:  [avg_train_loss=3.5432, avg_seen_mae=1.7354]
    Epoch 17:  [avg_train_loss=3.5379, avg_seen_mae=1.7328]
    Epoch 18:  [avg_train_loss=3.5376, avg_seen_mae=1.7251]
    Epoch 19:  [avg_train_loss=3.5390, avg_seen_mae=1.7306]
    Epoch 20:  [avg_train_loss=3.5363, avg_seen_mae=1.7070]
    Epoch 21:  [avg_train_loss=3.5258, avg_seen_mae=1.7045]
    Epoch 22:  [avg_train_loss=3.5284, avg_seen_mae=1.7177]
    Epoch 23:  [avg_train_loss=3.5229, avg_seen_mae=1.7079]
    Epoch 24:  [avg_train_loss=3.5210, avg_seen_mae=1.7179]
    Epoch 25:  [avg_train_loss=3.5186, avg_seen_mae=1.7150]
    Epoch 26:  [avg_train_loss=3.5236, avg_seen_mae=1.7070]
    Epoch 27:  [avg_train_loss=3.5168, avg_seen_mae=1.7142]
    Epoch 28:  [avg_train_loss=3.5129, avg_seen_mae=1.7039]
    Epoch 29:  [avg_train_loss=3.5088, avg_seen_mae=1.6994]
    Epoch 30:  [avg_train_loss=3.5042, avg_seen_mae=1.6981]
    Epoch 31:  [avg_train_loss=3.5071, avg_seen_mae=1.7033]
    Epoch 32:  [avg_train_loss=3.5057, avg_seen_mae=1.6975]
    Epoch 33:  [avg_train_loss=3.5045, avg_seen_mae=1.7081]
    Epoch 34:  [avg_train_loss=3.5058, avg_seen_mae=1.6968]
    Epoch 35:  [avg_train_loss=3.5020, avg_seen_mae=1.7015]
    Epoch 36:  [avg_train_loss=3.4928, avg_seen_mae=1.6865]
    Epoch 37:  [avg_train_loss=3.4951, avg_seen_mae=1.6951]
    Epoch 38:  [avg_train_loss=3.4895, avg_seen_mae=1.6872]
    Epoch 39:  [avg_train_loss=3.4886, avg_seen_mae=1.6893]
    Epoch 40:  [avg_train_loss=3.4960, avg_seen_mae=1.6765]
    Epoch 41:  [avg_train_loss=3.4854, avg_seen_mae=1.6729]
    Epoch 42:  [avg_train_loss=3.4811, avg_seen_mae=1.6698]
    Epoch 43:  [avg_train_loss=3.4786, avg_seen_mae=1.6708]
    Epoch 44:  [avg_train_loss=3.4736, avg_seen_mae=1.6760]
    Epoch 45:  [avg_train_loss=3.4829, avg_seen_mae=1.6767]
    Epoch 46:  [avg_train_loss=3.4853, avg_seen_mae=1.6755]
    Epoch 47:  [avg_train_loss=3.4712, avg_seen_mae=1.6793]
    Epoch 48:  [avg_train_loss=3.4764, avg_seen_mae=1.6751]
    Epoch 49:  [avg_train_loss=3.4685, avg_seen_mae=1.6741]
    Epoch 50:  [avg_train_loss=3.4638, avg_seen_mae=1.6651]
    Epoch 51:  [avg_train_loss=3.4670, avg_seen_mae=1.6721]
    Epoch 52:  [avg_train_loss=3.4675, avg_seen_mae=1.6607]
    Epoch 53:  [avg_train_loss=3.4669, avg_seen_mae=1.6720]
    Epoch 54:  [avg_train_loss=3.4679, avg_seen_mae=1.6716]
    Epoch 55:  [avg_train_loss=3.4645, avg_seen_mae=1.6615]
    Epoch 56:  [avg_train_loss=3.4574, avg_seen_mae=1.6528]
    Epoch 57:  [avg_train_loss=3.4610, avg_seen_mae=1.6744]
    Epoch 58:  [avg_train_loss=3.4602, avg_seen_mae=1.6633]
    Epoch 59:  [avg_train_loss=3.4596, avg_seen_mae=1.6748]
    Epoch 60:  [avg_train_loss=3.4567, avg_seen_mae=1.6581]
    Epoch 61:  [avg_train_loss=3.4515, avg_seen_mae=1.6544]
    Epoch 62:  [avg_train_loss=3.4496, avg_seen_mae=1.6594]
    Epoch 63:  [avg_train_loss=3.4550, avg_seen_mae=1.6552]
    Epoch 64:  [avg_train_loss=3.4529, avg_seen_mae=1.6622]
    Epoch 65:  [avg_train_loss=3.4548, avg_seen_mae=1.6538]
    Epoch 66:  [avg_train_loss=3.4469, avg_seen_mae=1.6587]
    Epoch 67:  [avg_train_loss=3.4469, avg_seen_mae=1.6587]
    Epoch 68:  [avg_train_loss=3.4469, avg_seen_mae=1.6587]
    Epoch 69:  [avg_train_loss=3.4469, avg_seen_mae=1.6587]
    Epoch 70:  [avg_train_loss=3.4469, avg_seen_mae=1.6587]
    Epoch 71:  [avg_train_loss=3.4469, avg_seen_mae=1.6587]
    Epoch 72:  [avg_train_loss=3.4469, avg_seen_mae=1.6587]
    Epoch 73:  [avg_train_loss=3.4469, avg_seen_mae=1.6587]
    Epoch 74:  [avg_train_loss=3.4469, avg_seen_mae=1.6587]
    Epoch 75:  [avg_train_loss=3.4469, avg_seen_mae=1.6587]
    Epoch 76:  [avg_train_loss=3.4469, avg_seen_mae=1.6587]
    Epoch 77:  [avg_train_loss=3.4469, avg_seen_mae=1.6587]
    Epoch 78:  [avg_train_loss=3.4469, avg_seen_mae=1.6587]
    Epoch 79:  [avg_train_loss=3.4469, avg_seen_mae=1.6587]
    Epoch 80:  [avg_train_loss=3.4469, avg_seen_mae=1.6587]
    Epoch 81:  [avg_train_loss=3.4469, avg_seen_mae=1.6587]
    Epoch 82:  [avg_train_loss=3.4469, avg_seen_mae=1.6587]
    Epoch 83:  [avg_train_loss=3.4469, avg_seen_mae=1.6587]
    Epoch 84:  [avg_train_loss=3.4469, avg_seen_mae=1.6587]
    Epoch 85:  [avg_train_loss=3.4469, avg_seen_mae=1.6587]
    Epoch 86:  [avg_train_loss=3.4469, avg_seen_mae=1.6587]
    Epoch 87:  [avg_train_loss=3.4469, avg_seen_mae=1.6587]
    Epoch 88:  [avg_train_loss=3.4469, avg_seen_mae=1.6587]
    Epoch 89:  [avg_train_loss=3.4469, avg_seen_mae=1.6587]
    Epoch 90:  [avg_train_loss=3.4469, avg_seen_mae=1.6587]
    Epoch 91:  [avg_train_loss=3.4469, avg_seen_mae=1.6587]
    Epoch 92:  [avg_train_loss=3.4469, avg_seen_mae=1.6587]
    Epoch 93:  [avg_train_loss=3.4469, avg_seen_mae=1.6587]
    Epoch 94:  [avg_train_loss=3.4469, avg_seen_mae=1.6587]
    Epoch 95:  [avg_train_loss=3.4469, avg_seen_mae=1.6587]
    Epoch 96:  [avg_train_loss=3.4469, avg_seen_mae=1.6587]
    Epoch 97:  [avg_train_loss=3.4469, avg_seen_mae=1.6587]
    Epoch 98:  [avg_train_loss=3.4469, avg_seen_mae=1.6587]
    Epoch 99:  [avg_train_loss=3.4469, avg_seen_mae=1.6587]
    Epoch 100:  [avg_train_loss=3.4469, avg_seen_mae=1.6587]
    Epoch 101:  [avg_train_loss=3.4469, avg_seen_mae=1.6587]
    Epoch 102:  [avg_train_loss=3.4469, avg_seen_mae=1.6587]
    Epoch 103:  [avg_train_loss=3.4469, avg_seen_mae=1.6587]
    Epoch 104:  [avg_train_loss=3.4469, avg_seen_mae=1.6587]
    Epoch 105:  [avg_train_loss=3.4469, avg_seen_mae=1.6587]
    Epoch 106:  [avg_train_loss=3.4469, avg_seen_mae=1.6587]
    Epoch 107:  [avg_train_loss=3.4469, avg_seen_mae=1.6587]
    Epoch 108:  [avg_train_loss=3.4469, avg_seen_mae=1.6587]
    Epoch 109:  [avg_train_loss=3.4469, avg_seen_mae=1.6587]
    Epoch 110:  [avg_train_loss=3.4469, avg_seen_mae=1.6587]
    Epoch 111:  [avg_train_loss=3.4469, avg_seen_mae=1.6587]
    Epoch 112:  [avg_train_loss=3.4469, avg_seen_mae=1.6587]
    Epoch 113:  [avg_train_loss=3.4469, avg_seen_mae=1.6587]
    Epoch 114:  [avg_train_loss=3.4469, avg_seen_mae=1.6587]
    Epoch 115:  [avg_train_loss=3.4469, avg_seen_mae=1.6587]
    Epoch 116:  [avg_train_loss=3.4469, avg_seen_mae=1.6587]
    Epoch 117:  [avg_train_loss=3.4469, avg_seen_mae=1.6587]
    Epoch 118:  [avg_train_loss=3.4469, avg_seen_mae=1.6587]
    Epoch 119:  [avg_train_loss=3.4469, avg_seen_mae=1.6587]
    Epoch 120:  [avg_train_loss=3.4469, avg_seen_mae=1.6587]
    Epoch 121:  [avg_train_loss=3.4469, avg_seen_mae=1.6587]
    Epoch 122:  [avg_train_loss=3.4469, avg_seen_mae=1.6587]
    Epoch 123:  [avg_train_loss=3.4469, avg_seen_mae=1.6587]
    Epoch 124:  [avg_train_loss=3.4469, avg_seen_mae=1.6587]
    Epoch 125:  [avg_train_loss=3.4469, avg_seen_mae=1.6587]
    Epoch 126:  [avg_train_loss=3.4469, avg_seen_mae=1.6587]
    Epoch 127:  [avg_train_loss=3.4469, avg_seen_mae=1.6587]
    Epoch 128:  [avg_train_loss=3.4469, avg_seen_mae=1.6587]
    Epoch 129:  [avg_train_loss=3.4469, avg_seen_mae=1.6587]
    Epoch 130:  [avg_train_loss=3.4469, avg_seen_mae=1.6587]
    Epoch 131:  [avg_train_loss=3.4469, avg_seen_mae=1.6587]
    Epoch 132:  [avg_train_loss=3.4469, avg_seen_mae=1.6587]
    Epoch 133:  [avg_train_loss=3.4469, avg_seen_mae=1.6587]
    Epoch 134:  [avg_train_loss=3.4469, avg_seen_mae=1.6587]
    Epoch 135:  [avg_train_loss=3.4469, avg_seen_mae=1.6587]
    Epoch 136:  [avg_train_loss=3.4469, avg_seen_mae=1.6587]
    Epoch 137:  [avg_train_loss=3.4469, avg_seen_mae=1.6587]
    Epoch 138:  [avg_train_loss=3.4469, avg_seen_mae=1.6587]
    Epoch 139:  [avg_train_loss=3.4469, avg_seen_mae=1.6587]
    Epoch 140:  [avg_train_loss=3.4469, avg_seen_mae=1.6587]
    Epoch 141:  [avg_train_loss=3.4469, avg_seen_mae=1.6587]
    Epoch 142:  [avg_train_loss=3.4469, avg_seen_mae=1.6587]
    Epoch 143:  [avg_train_loss=3.4469, avg_seen_mae=1.6587]
    Epoch 144:  [avg_train_loss=3.4469, avg_seen_mae=1.6587]
    Epoch 145:  [avg_train_loss=3.4469, avg_seen_mae=1.6587]
    Epoch 146:  [avg_train_loss=3.4469, avg_seen_mae=1.6587]
    Epoch 147:  [avg_train_loss=3.4469, avg_seen_mae=1.6587]
    Epoch 148:  [avg_train_loss=3.4469, avg_seen_mae=1.6587]
    Epoch 149:  [avg_train_loss=3.4469, avg_seen_mae=1.6587]
    Epoch 150:  [avg_train_loss=3.4469, avg_seen_mae=1.6587]
    Epoch 151:  [avg_train_loss=3.4469, avg_seen_mae=1.6587]
    Epoch 152:  [avg_train_loss=3.4469, avg_seen_mae=1.6587]
    Epoch 153:  [avg_train_loss=3.4469, avg_seen_mae=1.6587]
    Epoch 154:  [avg_train_loss=3.4469, avg_seen_mae=1.6587]
    Epoch 155:  [avg_train_loss=3.4469, avg_seen_mae=1.6587]
    Epoch 156:  [avg_train_loss=3.4469, avg_seen_mae=1.6587]
    Epoch 157:  [avg_train_loss=3.4469, avg_seen_mae=1.6587]
    Epoch 158:  [avg_train_loss=3.4469, avg_seen_mae=1.6587]
    Epoch 159:  [avg_train_loss=3.4469, avg_seen_mae=1.6587]
    Epoch 160:  [avg_train_loss=3.4469, avg_seen_mae=1.6587]
    Epoch 161:  [avg_train_loss=3.4469, avg_seen_mae=1.6587]
    Epoch 162:  [avg_train_loss=3.4469, avg_seen_mae=1.6587]
    Epoch 163:  [avg_train_loss=3.4469, avg_seen_mae=1.6587]
    Epoch 164:  [avg_train_loss=3.4469, avg_seen_mae=1.6587]
    Epoch 165:  [avg_train_loss=3.4469, avg_seen_mae=1.6587]
    Epoch 166:  [avg_train_loss=3.4469, avg_seen_mae=1.6587]
    Epoch 167:  [avg_train_loss=3.4469, avg_seen_mae=1.6587]
    Epoch 168:  [avg_train_loss=3.4469, avg_seen_mae=1.6587]
    Epoch 169:  [avg_train_loss=3.4469, avg_seen_mae=1.6587]
    Epoch 170:  [avg_train_loss=3.4469, avg_seen_mae=1.6587]
    Epoch 171:  [avg_train_loss=3.4469, avg_seen_mae=1.6587]
    Epoch 172:  [avg_train_loss=3.4469, avg_seen_mae=1.6587]
    Epoch 173:  [avg_train_loss=3.4469, avg_seen_mae=1.6587]
    Epoch 174:  [avg_train_loss=3.4469, avg_seen_mae=1.6587]
    Epoch 175:  [avg_train_loss=3.4469, avg_seen_mae=1.6587]
    Epoch 176:  [avg_train_loss=3.4469, avg_seen_mae=1.6587]
    Epoch 177:  [avg_train_loss=3.4469, avg_seen_mae=1.6587]
    Epoch 178:  [avg_train_loss=3.4469, avg_seen_mae=1.6587]
    Epoch 179:  [avg_train_loss=3.4469, avg_seen_mae=1.6587]
    Epoch 180:  [avg_train_loss=3.4469, avg_seen_mae=1.6587]
    Epoch 181:  [avg_train_loss=3.4469, avg_seen_mae=1.6587]
    Epoch 182:  [avg_train_loss=3.4469, avg_seen_mae=1.6587]
    Epoch 183:  [avg_train_loss=3.4469, avg_seen_mae=1.6587]
    Epoch 184:  [avg_train_loss=3.4469, avg_seen_mae=1.6587]
    Epoch 185:  [avg_train_loss=3.4469, avg_seen_mae=1.6587]
    Epoch 186:  [avg_train_loss=3.4469, avg_seen_mae=1.6587]
    Epoch 187:  [avg_train_loss=3.4469, avg_seen_mae=1.6587]
    Epoch 188:  [avg_train_loss=3.4469, avg_seen_mae=1.6587]
    Epoch 189:  [avg_train_loss=3.4469, avg_seen_mae=1.6587]
    Epoch 190:  [avg_train_loss=3.4469, avg_seen_mae=1.6587]
    Epoch 191:  [avg_train_loss=3.4469, avg_seen_mae=1.6587]
    Epoch 192:  [avg_train_loss=3.4469, avg_seen_mae=1.6587]
    Epoch 193:  [avg_train_loss=3.4469, avg_seen_mae=1.6587]
    Epoch 194:  [avg_train_loss=3.4469, avg_seen_mae=1.6587]
    Epoch 195:  [avg_train_loss=3.4469, avg_seen_mae=1.6587]
    Epoch 196:  [avg_train_loss=3.4469, avg_seen_mae=1.6587]
    Epoch 197:  [avg_train_loss=3.4469, avg_seen_mae=1.6587]
    Epoch 198:  [avg_train_loss=3.4469, avg_seen_mae=1.6587]
    Epoch 199:  [avg_train_loss=3.4469, avg_seen_mae=1.6587]
    Epoch 200:  [avg_train_loss=3.4469, avg_seen_mae=1.6587]
    Epoch 201:  [avg_train_loss=3.4469, avg_seen_mae=1.6587]
    Epoch 202:  [avg_train_loss=3.4469, avg_seen_mae=1.6587]
    Epoch 203:  [avg_train_loss=3.4469, avg_seen_mae=1.6587]
    Epoch 204:  [avg_train_loss=3.4469, avg_seen_mae=1.6587]
    Epoch 205:  [avg_train_loss=3.4469, avg_seen_mae=1.6587]
    Epoch 206:  [avg_train_loss=3.4469, avg_seen_mae=1.6587]
    Epoch 207:  [avg_train_loss=3.4469, avg_seen_mae=1.6587]
    Epoch 208:  [avg_train_loss=3.4469, avg_seen_mae=1.6587]
    Epoch 209:  [avg_train_loss=3.4469, avg_seen_mae=1.6587]
    Epoch 210:  [avg_train_loss=3.4469, avg_seen_mae=1.6587]
    Epoch 211:  [avg_train_loss=3.4469, avg_seen_mae=1.6587]
    Epoch 212:  [avg_train_loss=3.4469, avg_seen_mae=1.6587]
    Epoch 213:  [avg_train_loss=3.4469, avg_seen_mae=1.6587]
    Epoch 214:  [avg_train_loss=3.4469, avg_seen_mae=1.6587]
    Epoch 215:  [avg_train_loss=3.4469, avg_seen_mae=1.6587]
    Epoch 216:  [avg_train_loss=3.4469, avg_seen_mae=1.6587]
    Epoch 217:  [avg_train_loss=3.4469, avg_seen_mae=1.6587]
    Epoch 218:  [avg_train_loss=3.4469, avg_seen_mae=1.6587]
    Epoch 219:  [avg_train_loss=3.4469, avg_seen_mae=1.6587]
    Epoch 220:  [avg_train_loss=3.4469, avg_seen_mae=1.6587]
    Epoch 221:  [avg_train_loss=3.4469, avg_seen_mae=1.6587]
    Epoch 222:  [avg_train_loss=3.4469, avg_seen_mae=1.6587]
    Epoch 223:  [avg_train_loss=3.4469, avg_seen_mae=1.6587]
    Epoch 224:  [avg_train_loss=3.4469, avg_seen_mae=1.6587]
    Epoch 225:  [avg_train_loss=3.4469, avg_seen_mae=1.6587]
    Epoch 226:  [avg_train_loss=3.4469, avg_seen_mae=1.6587]
    Epoch 227:  [avg_train_loss=3.4469, avg_seen_mae=1.6587]
    Epoch 228:  [avg_train_loss=3.4469, avg_seen_mae=1.6587]
    Epoch 229:  [avg_train_loss=3.4469, avg_seen_mae=1.6587]
    Epoch 230:  [avg_train_loss=3.4469, avg_seen_mae=1.6587]
    Epoch 231:  [avg_train_loss=3.4469, avg_seen_mae=1.6587]
    Epoch 232:  [avg_train_loss=3.4469, avg_seen_mae=1.6587]
    Epoch 233:  [avg_train_loss=3.4469, avg_seen_mae=1.6587]
    Epoch 234:  [avg_train_loss=3.4469, avg_seen_mae=1.6587]
    Epoch 235:  [avg_train_loss=3.4469, avg_seen_mae=1.6587]
    Epoch 236:  [avg_train_loss=3.4469, avg_seen_mae=1.6587]
    Epoch 237:  [avg_train_loss=3.4469, avg_seen_mae=1.6587]
    Epoch 238:  [avg_train_loss=3.4469, avg_seen_mae=1.6587]
    Epoch 239:  [avg_train_loss=3.4469, avg_seen_mae=1.6587]
    Epoch 240:  [avg_train_loss=3.4469, avg_seen_mae=1.6587]
    Epoch 241:  [avg_train_loss=3.4469, avg_seen_mae=1.6587]
    Epoch 242:  [avg_train_loss=3.4469, avg_seen_mae=1.6587]
    Epoch 243:  [avg_train_loss=3.4469, avg_seen_mae=1.6587]
    Epoch 244:  [avg_train_loss=3.4469, avg_seen_mae=1.6587]
    Epoch 245:  [avg_train_loss=3.4469, avg_seen_mae=1.6587]
    Epoch 246:  [avg_train_loss=3.4469, avg_seen_mae=1.6587]
    Epoch 247:  [avg_train_loss=3.4469, avg_seen_mae=1.6587]
    Epoch 248:  [avg_train_loss=3.4469, avg_seen_mae=1.6587]
    Epoch 249:  [avg_train_loss=3.4469, avg_seen_mae=1.6587]
    Epoch 250:  [avg_train_loss=3.4469, avg_seen_mae=1.6587]
    Epoch 251:  [avg_train_loss=3.4469, avg_seen_mae=1.6587]
    Epoch 252:  [avg_train_loss=3.4469, avg_seen_mae=1.6587]
    Epoch 253:  [avg_train_loss=3.4469, avg_seen_mae=1.6587]
    Epoch 254:  [avg_train_loss=3.4469, avg_seen_mae=1.6587]
    Epoch 255:  [avg_train_loss=3.4469, avg_seen_mae=1.6587]
    Epoch 256:  [avg_train_loss=3.4469, avg_seen_mae=1.6587]
    Epoch 257:  [avg_train_loss=3.4469, avg_seen_mae=1.6587]
    Epoch 258:  [avg_train_loss=3.4469, avg_seen_mae=1.6587]
    Epoch 259:  [avg_train_loss=3.4469, avg_seen_mae=1.6587]
    Epoch 260:  [avg_train_loss=3.4469, avg_seen_mae=1.6587]
    Epoch 261:  [avg_train_loss=3.4469, avg_seen_mae=1.6587]
    Epoch 262:  [avg_train_loss=3.4469, avg_seen_mae=1.6587]
    Epoch 263:  [avg_train_loss=3.4469, avg_seen_mae=1.6587]
    Epoch 264:  [avg_train_loss=3.4469, avg_seen_mae=1.6587]
    Epoch 265:  [avg_train_loss=3.4469, avg_seen_mae=1.6587]
    Epoch 266:  [avg_train_loss=3.4469, avg_seen_mae=1.6587]
    Epoch 267:  [avg_train_loss=3.4469, avg_seen_mae=1.6587]
    Epoch 268:  [avg_train_loss=3.4469, avg_seen_mae=1.6587]
    Epoch 269:  [avg_train_loss=3.4469, avg_seen_mae=1.6587]
    Epoch 270:  [avg_train_loss=3.4469, avg_seen_mae=1.6587]
    Epoch 271:  [avg_train_loss=3.4469, avg_seen_mae=1.6587]
    Epoch 272:  [avg_train_loss=3.4469, avg_seen_mae=1.6587]
    Epoch 273:  [avg_train_loss=3.4469, avg_seen_mae=1.6587]
    Epoch 274:  [avg_train_loss=3.4469, avg_seen_mae=1.6587]
    Epoch 275:  [avg_train_loss=3.4469, avg_seen_mae=1.6587]
    Epoch 276:  [avg_train_loss=3.4469, avg_seen_mae=1.6587]
    Epoch 277:  [avg_train_loss=3.4469, avg_seen_mae=1.6587]
    Epoch 278:  [avg_train_loss=3.4469, avg_seen_mae=1.6587]
    Epoch 279:  [avg_train_loss=3.4469, avg_seen_mae=1.6587]
    Epoch 280:  [avg_train_loss=3.4469, avg_seen_mae=1.6587]
    Epoch 281:  [avg_train_loss=3.4469, avg_seen_mae=1.6587]
    Epoch 282:  [avg_train_loss=3.4469, avg_seen_mae=1.6587]
    Epoch 283:  [avg_train_loss=3.4469, avg_seen_mae=1.6587]
    Epoch 284:  [avg_train_loss=3.4469, avg_seen_mae=1.6587]
    Epoch 285:  [avg_train_loss=3.4469, avg_seen_mae=1.6587]
    Epoch 286:  [avg_train_loss=3.4469, avg_seen_mae=1.6587]
    Epoch 287:  [avg_train_loss=3.4469, avg_seen_mae=1.6587]
    Epoch 288:  [avg_train_loss=3.4469, avg_seen_mae=1.6587]
    Epoch 289:  [avg_train_loss=3.4469, avg_seen_mae=1.6587]
    Epoch 290:  [avg_train_loss=3.4469, avg_seen_mae=1.6587]
    Epoch 291:  [avg_train_loss=3.4469, avg_seen_mae=1.6587]
    Epoch 292:  [avg_train_loss=3.4469, avg_seen_mae=1.6587]
    Epoch 293:  [avg_train_loss=3.4469, avg_seen_mae=1.6587]
    Epoch 294:  [avg_train_loss=3.4469, avg_seen_mae=1.6587]
    Epoch 295:  [avg_train_loss=3.4469, avg_seen_mae=1.6587]
    Epoch 296:  [avg_train_loss=3.4469, avg_seen_mae=1.6587]
    Epoch 297:  [avg_train_loss=3.4469, avg_seen_mae=1.6587]
    Epoch 298:  [avg_train_loss=3.4469, avg_seen_mae=1.6587]
    Epoch 299:  [avg_train_loss=3.4469, avg_seen_mae=1.6587]
    Epoch 300:  [avg_train_loss=3.4469, avg_seen_mae=1.6587]
    Epoch 301:  [avg_train_loss=3.4469, avg_seen_mae=1.6587]
    Epoch 302:  [avg_train_loss=3.4469, avg_seen_mae=1.6587]
    Epoch 303:  [avg_train_loss=3.4469, avg_seen_mae=1.6587]
    Epoch 304:  [avg_train_loss=3.4469, avg_seen_mae=1.6587]
    Epoch 305:  [avg_train_loss=3.4469, avg_seen_mae=1.6587]
    Epoch 306:  [avg_train_loss=3.4469, avg_seen_mae=1.6587]
    Epoch 307:  [avg_train_loss=3.4469, avg_seen_mae=1.6587]
    Epoch 308:  [avg_train_loss=3.4469, avg_seen_mae=1.6587]
    Epoch 309:  [avg_train_loss=3.4469, avg_seen_mae=1.6587]
    Epoch 310:  [avg_train_loss=3.4469, avg_seen_mae=1.6587]
    Epoch 311:  [avg_train_loss=3.4469, avg_seen_mae=1.6587]
    Epoch 312:  [avg_train_loss=3.4469, avg_seen_mae=1.6587]
    Epoch 313:  [avg_train_loss=3.4469, avg_seen_mae=1.6587]
    Epoch 314:  [avg_train_loss=3.4469, avg_seen_mae=1.6587]
    Epoch 315:  [avg_train_loss=3.4469, avg_seen_mae=1.6587]
    Epoch 316:  [avg_train_loss=3.4469, avg_seen_mae=1.6587]
    Epoch 317:  [avg_train_loss=3.4469, avg_seen_mae=1.6587]
    Epoch 318:  [avg_train_loss=3.4469, avg_seen_mae=1.6587]
    Epoch 319:  [avg_train_loss=3.4469, avg_seen_mae=1.6587]
    Epoch 320:  [avg_train_loss=3.4469, avg_seen_mae=1.6587]
    Epoch 321:  [avg_train_loss=3.4469, avg_seen_mae=1.6587]
    Epoch 322:  [avg_train_loss=3.4469, avg_seen_mae=1.6587]
    Epoch 323:  [avg_train_loss=3.4469, avg_seen_mae=1.6587]
    Epoch 324:  [avg_train_loss=3.4469, avg_seen_mae=1.6587]
    Epoch 325:  [avg_train_loss=3.4469, avg_seen_mae=1.6587]
    Epoch 326:  [avg_train_loss=3.4469, avg_seen_mae=1.6587]
    Epoch 327:  [avg_train_loss=3.4469, avg_seen_mae=1.6587]
    Epoch 328:  [avg_train_loss=3.4469, avg_seen_mae=1.6587]
    Epoch 329:  [avg_train_loss=3.4469, avg_seen_mae=1.6587]
    Epoch 330:  [avg_train_loss=3.4469, avg_seen_mae=1.6587]
    Epoch 331:  [avg_train_loss=3.4469, avg_seen_mae=1.6587]
    Epoch 332:  [avg_train_loss=3.4469, avg_seen_mae=1.6587]
    Epoch 333:  [avg_train_loss=3.4469, avg_seen_mae=1.6587]
    Epoch 334:  [avg_train_loss=3.4469, avg_seen_mae=1.6587]
    Epoch 335:  [avg_train_loss=3.4469, avg_seen_mae=1.6587]
    Epoch 336:  [avg_train_loss=3.4469, avg_seen_mae=1.6587]
    Epoch 337:  [avg_train_loss=3.4469, avg_seen_mae=1.6587]
    Epoch 338:  [avg_train_loss=3.4469, avg_seen_mae=1.6587]
    Epoch 339:  [avg_train_loss=3.4469, avg_seen_mae=1.6587]
    Epoch 340:  [avg_train_loss=3.4469, avg_seen_mae=1.6587]
    Epoch 341:  [avg_train_loss=3.4469, avg_seen_mae=1.6587]
    Epoch 342:  [avg_train_loss=3.4469, avg_seen_mae=1.6587]
    Epoch 343:  [avg_train_loss=3.4469, avg_seen_mae=1.6587]
    Epoch 344:  [avg_train_loss=3.4469, avg_seen_mae=1.6587]
    Epoch 345:  [avg_train_loss=3.4469, avg_seen_mae=1.6587]
    Epoch 346:  [avg_train_loss=3.4469, avg_seen_mae=1.6587]
    Epoch 347:  [avg_train_loss=3.4469, avg_seen_mae=1.6587]
    Epoch 348:  [avg_train_loss=3.4469, avg_seen_mae=1.6587]
    Epoch 349:  [avg_train_loss=3.4469, avg_seen_mae=1.6587]
    Epoch 350:  [avg_train_loss=3.4469, avg_seen_mae=1.6587]
    Epoch 351:  [avg_train_loss=3.4469, avg_seen_mae=1.6587]
    Epoch 352:  [avg_train_loss=3.4469, avg_seen_mae=1.6587]
    Epoch 353:  [avg_train_loss=3.4469, avg_seen_mae=1.6587]
    Epoch 354:  [avg_train_loss=3.4469, avg_seen_mae=1.6587]
    Epoch 355:  [avg_train_loss=3.4469, avg_seen_mae=1.6587]
    Epoch 356:  [avg_train_loss=3.4469, avg_seen_mae=1.6587]
    Epoch 357:  [avg_train_loss=3.4469, avg_seen_mae=1.6587]
    Epoch 358:  [avg_train_loss=3.4469, avg_seen_mae=1.6587]
    Epoch 359:  [avg_train_loss=3.4469, avg_seen_mae=1.6587]
    Epoch 360:  [avg_train_loss=3.4469, avg_seen_mae=1.6587]
    Epoch 361:  [avg_train_loss=3.4469, avg_seen_mae=1.6587]
    Epoch 362:  [avg_train_loss=3.4469, avg_seen_mae=1.6587]
    Epoch 363:  [avg_train_loss=3.4469, avg_seen_mae=1.6587]
    Epoch 364:  [avg_train_loss=3.4469, avg_seen_mae=1.6587]
    Epoch 365:  [avg_train_loss=3.4469, avg_seen_mae=1.6587]
    Epoch 366:  [avg_train_loss=3.4469, avg_seen_mae=1.6587]
    Epoch 367:  [avg_train_loss=3.4469, avg_seen_mae=1.6587]
    Epoch 368:  [avg_train_loss=3.4469, avg_seen_mae=1.6587]
    Epoch 369:  [avg_train_loss=3.4469, avg_seen_mae=1.6587]
    Epoch 370:  [avg_train_loss=3.4469, avg_seen_mae=1.6587]
    Epoch 371:  [avg_train_loss=3.4469, avg_seen_mae=1.6587]
    Epoch 372:  [avg_train_loss=3.4469, avg_seen_mae=1.6587]
    Epoch 373:  [avg_train_loss=3.4469, avg_seen_mae=1.6587]
    Epoch 374:  [avg_train_loss=3.4469, avg_seen_mae=1.6587]
    Epoch 375:  [avg_train_loss=3.4469, avg_seen_mae=1.6587]
    Epoch 376:  [avg_train_loss=3.4469, avg_seen_mae=1.6587]
    Epoch 377:  [avg_train_loss=3.4469, avg_seen_mae=1.6587]
    Epoch 378:  [avg_train_loss=3.4469, avg_seen_mae=1.6587]
    Epoch 379:  [avg_train_loss=3.4469, avg_seen_mae=1.6587]
    Epoch 380:  [avg_train_loss=3.4469, avg_seen_mae=1.6587]
    Epoch 381:  [avg_train_loss=3.4469, avg_seen_mae=1.6587]
    Epoch 382:  [avg_train_loss=3.4469, avg_seen_mae=1.6587]
    Epoch 383:  [avg_train_loss=3.4469, avg_seen_mae=1.6587]
    Epoch 384:  [avg_train_loss=3.4469, avg_seen_mae=1.6587]
    Epoch 385:  [avg_train_loss=3.4469, avg_seen_mae=1.6587]
    Epoch 386:  [avg_train_loss=3.4469, avg_seen_mae=1.6587]
    Epoch 387:  [avg_train_loss=3.4469, avg_seen_mae=1.6587]
    Epoch 388:  [avg_train_loss=3.4469, avg_seen_mae=1.6587]
    Epoch 389:  [avg_train_loss=3.4469, avg_seen_mae=1.6587]
    Epoch 390:  [avg_train_loss=3.4469, avg_seen_mae=1.6587]
    Epoch 391:  [avg_train_loss=3.4469, avg_seen_mae=1.6587]
    Epoch 392:  [avg_train_loss=3.4469, avg_seen_mae=1.6587]
    Epoch 393:  [avg_train_loss=3.4469, avg_seen_mae=1.6587]
    Epoch 394:  [avg_train_loss=3.4469, avg_seen_mae=1.6587]
    Epoch 395:  [avg_train_loss=3.4469, avg_seen_mae=1.6587]
    Epoch 396:  [avg_train_loss=3.4469, avg_seen_mae=1.6587]
    Epoch 397:  [avg_train_loss=3.4469, avg_seen_mae=1.6587]
    Epoch 398:  [avg_train_loss=3.4469, avg_seen_mae=1.6587]
    Epoch 399:  [avg_train_loss=3.4469, avg_seen_mae=1.6587]
    Epoch 400:  [avg_train_loss=3.4469, avg_seen_mae=1.6587]
    Epoch 401:  [avg_train_loss=3.4469, avg_seen_mae=1.6587]
    Epoch 402:  [avg_train_loss=3.4469, avg_seen_mae=1.6587]
    Epoch 403:  [avg_train_loss=3.4469, avg_seen_mae=1.6587]
    Epoch 404:  [avg_train_loss=3.4469, avg_seen_mae=1.6587]
    Epoch 405:  [avg_train_loss=3.4469, avg_seen_mae=1.6587]
    Epoch 406:  [avg_train_loss=3.4469, avg_seen_mae=1.6587]
    Epoch 407:  [avg_train_loss=3.4469, avg_seen_mae=1.6587]
    Epoch 408:  [avg_train_loss=3.4469, avg_seen_mae=1.6587]
    Epoch 409:  [avg_train_loss=3.4469, avg_seen_mae=1.6587]
    Epoch 410:  [avg_train_loss=3.4469, avg_seen_mae=1.6587]
    Epoch 411:  [avg_train_loss=3.4469, avg_seen_mae=1.6587]
    Epoch 412:  [avg_train_loss=3.4469, avg_seen_mae=1.6587]
    Epoch 413:  [avg_train_loss=3.4469, avg_seen_mae=1.6587]
    Epoch 414:  [avg_train_loss=3.4469, avg_seen_mae=1.6587]
    Epoch 415:  [avg_train_loss=3.4469, avg_seen_mae=1.6587]
    Epoch 416:  [avg_train_loss=3.4469, avg_seen_mae=1.6587]
    Epoch 417:  [avg_train_loss=3.4469, avg_seen_mae=1.6587]
    Epoch 418:  [avg_train_loss=3.4469, avg_seen_mae=1.6587]
    Epoch 419:  [avg_train_loss=3.4469, avg_seen_mae=1.6587]
    Epoch 420:  [avg_train_loss=3.4469, avg_seen_mae=1.6587]
    Epoch 421:  [avg_train_loss=3.4469, avg_seen_mae=1.6587]
    Epoch 422:  [avg_train_loss=3.4469, avg_seen_mae=1.6587]
    Epoch 423:  [avg_train_loss=3.4469, avg_seen_mae=1.6587]
    Epoch 424:  [avg_train_loss=3.4469, avg_seen_mae=1.6587]
    Epoch 425:  [avg_train_loss=3.4469, avg_seen_mae=1.6587]
    Epoch 426:  [avg_train_loss=3.4469, avg_seen_mae=1.6587]
    Epoch 427:  [avg_train_loss=3.4469, avg_seen_mae=1.6587]
    Epoch 428:  [avg_train_loss=3.4469, avg_seen_mae=1.6587]
    Epoch 429:  [avg_train_loss=3.4469, avg_seen_mae=1.6587]
    Epoch 430:  [avg_train_loss=3.4469, avg_seen_mae=1.6587]
    Epoch 431:  [avg_train_loss=3.4469, avg_seen_mae=1.6587]
    Epoch 432:  [avg_train_loss=3.4469, avg_seen_mae=1.6587]
    Epoch 433:  [avg_train_loss=3.4469, avg_seen_mae=1.6587]
    Epoch 434:  [avg_train_loss=3.4469, avg_seen_mae=1.6587]
    Epoch 435:  [avg_train_loss=3.4469, avg_seen_mae=1.6587]
    Epoch 436:  [avg_train_loss=3.4469, avg_seen_mae=1.6587]
    Epoch 437:  [avg_train_loss=3.4469, avg_seen_mae=1.6587]
    Epoch 438:  [avg_train_loss=3.4469, avg_seen_mae=1.6587]
    Epoch 439:  [avg_train_loss=3.4469, avg_seen_mae=1.6587]
    Epoch 440:  [avg_train_loss=3.4469, avg_seen_mae=1.6587]
    Epoch 441:  [avg_train_loss=3.4469, avg_seen_mae=1.6587]
    Epoch 442:  [avg_train_loss=3.4469, avg_seen_mae=1.6587]
    Epoch 443:  [avg_train_loss=3.4469, avg_seen_mae=1.6587]
    Epoch 444:  [avg_train_loss=3.4469, avg_seen_mae=1.6587]
    Epoch 445:  [avg_train_loss=3.4469, avg_seen_mae=1.6587]
    Epoch 446:  [avg_train_loss=3.4469, avg_seen_mae=1.6587]
    Epoch 447:  [avg_train_loss=3.4469, avg_seen_mae=1.6587]
    Epoch 448:  [avg_train_loss=3.4469, avg_seen_mae=1.6587]
    Epoch 449:  [avg_train_loss=3.4469, avg_seen_mae=1.6587]
    Epoch 450:  [avg_train_loss=3.4469, avg_seen_mae=1.6587]
    Epoch 451:  [avg_train_loss=3.4469, avg_seen_mae=1.6587]
    Epoch 452:  [avg_train_loss=3.4469, avg_seen_mae=1.6587]
    Epoch 453:  [avg_train_loss=3.4469, avg_seen_mae=1.6587]
    Epoch 454:  [avg_train_loss=3.4469, avg_seen_mae=1.6587]
    Epoch 455:  [avg_train_loss=3.4469, avg_seen_mae=1.6587]
    Epoch 456:  [avg_train_loss=3.4469, avg_seen_mae=1.6587]
    Epoch 457:  [avg_train_loss=3.4469, avg_seen_mae=1.6587]
    Epoch 458:  [avg_train_loss=3.4469, avg_seen_mae=1.6587]
    Epoch 459:  [avg_train_loss=3.4469, avg_seen_mae=1.6587]
    Epoch 460:  [avg_train_loss=3.4469, avg_seen_mae=1.6587]
    Epoch 461:  [avg_train_loss=3.4469, avg_seen_mae=1.6587]
    Epoch 462:  [avg_train_loss=3.4469, avg_seen_mae=1.6587]
    Epoch 463:  [avg_train_loss=3.4469, avg_seen_mae=1.6587]
    Epoch 464:  [avg_train_loss=3.4469, avg_seen_mae=1.6587]
    Epoch 465:  [avg_train_loss=3.4469, avg_seen_mae=1.6587]
    Epoch 466:  [avg_train_loss=3.4469, avg_seen_mae=1.6587]
    Epoch 467:  [avg_train_loss=3.4469, avg_seen_mae=1.6587]
    Epoch 468:  [avg_train_loss=3.4469, avg_seen_mae=1.6587]
    Epoch 469:  [avg_train_loss=3.4469, avg_seen_mae=1.6587]
    Epoch 470:  [avg_train_loss=3.4469, avg_seen_mae=1.6587]
    Epoch 471:  [avg_train_loss=3.4469, avg_seen_mae=1.6587]
    Epoch 472:  [avg_train_loss=3.4469, avg_seen_mae=1.6587]
    Epoch 473:  [avg_train_loss=3.4469, avg_seen_mae=1.6587]
    Epoch 474:  [avg_train_loss=3.4469, avg_seen_mae=1.6587]
    Epoch 475:  [avg_train_loss=3.4469, avg_seen_mae=1.6587]
    Epoch 476:  [avg_train_loss=3.4469, avg_seen_mae=1.6587]
    Epoch 477:  [avg_train_loss=3.4469, avg_seen_mae=1.6587]
    Epoch 478:  [avg_train_loss=3.4469, avg_seen_mae=1.6587]
    Epoch 479:  [avg_train_loss=3.4469, avg_seen_mae=1.6587]
    Epoch 480:  [avg_train_loss=3.4469, avg_seen_mae=1.6587]
    Epoch 481:  [avg_train_loss=3.4469, avg_seen_mae=1.6587]
    Epoch 482:  [avg_train_loss=3.4469, avg_seen_mae=1.6587]
    Epoch 483:  [avg_train_loss=3.4469, avg_seen_mae=1.6587]
    Epoch 484:  [avg_train_loss=3.4469, avg_seen_mae=1.6587]
    Epoch 485:  [avg_train_loss=3.4469, avg_seen_mae=1.6587]
    Epoch 486:  [avg_train_loss=3.4469, avg_seen_mae=1.6587]
    Epoch 487:  [avg_train_loss=3.4469, avg_seen_mae=1.6587]
    Epoch 488:  [avg_train_loss=3.4469, avg_seen_mae=1.6587]
    Epoch 489:  [avg_train_loss=3.4469, avg_seen_mae=1.6587]
    Epoch 490:  [avg_train_loss=3.4469, avg_seen_mae=1.6587]
    Epoch 491:  [avg_train_loss=3.4469, avg_seen_mae=1.6587]
    Epoch 492:  [avg_train_loss=3.4469, avg_seen_mae=1.6587]
    Epoch 493:  [avg_train_loss=3.4469, avg_seen_mae=1.6587]
    Epoch 494:  [avg_train_loss=3.4469, avg_seen_mae=1.6587]
    Epoch 495:  [avg_train_loss=3.4469, avg_seen_mae=1.6587]
    Epoch 496:  [avg_train_loss=3.4469, avg_seen_mae=1.6587]
    Epoch 497:  [avg_train_loss=3.4469, avg_seen_mae=1.6587]
    Epoch 498:  [avg_train_loss=3.4469, avg_seen_mae=1.6587]
    Epoch 499:  [avg_train_loss=3.4469, avg_seen_mae=1.6587]
    Epoch 500:  [avg_train_loss=3.4469, avg_seen_mae=1.6587]
    Epoch 501:  [avg_train_loss=3.4469, avg_seen_mae=1.6587]
    Epoch 502:  [avg_train_loss=3.4469, avg_seen_mae=1.6587]
    Epoch 503:  [avg_train_loss=3.4469, avg_seen_mae=1.6587]
    Epoch 504:  [avg_train_loss=3.4469, avg_seen_mae=1.6587]
    Epoch 505:  [avg_train_loss=3.4469, avg_seen_mae=1.6587]
    Epoch 506:  [avg_train_loss=3.4469, avg_seen_mae=1.6587]
    Epoch 507:  [avg_train_loss=3.4469, avg_seen_mae=1.6587]
    Epoch 508:  [avg_train_loss=3.4469, avg_seen_mae=1.6587]
    Epoch 509:  [avg_train_loss=3.4469, avg_seen_mae=1.6587]
    Epoch 510:  [avg_train_loss=3.4469, avg_seen_mae=1.6587]
    Epoch 511:  [avg_train_loss=3.4469, avg_seen_mae=1.6587]
    Epoch 512:  [avg_train_loss=3.4469, avg_seen_mae=1.6587]
    Epoch 513:  [avg_train_loss=3.4469, avg_seen_mae=1.6587]
    Epoch 514:  [avg_train_loss=3.4469, avg_seen_mae=1.6587]
    Epoch 515:  [avg_train_loss=3.4469, avg_seen_mae=1.6587]
    Epoch 516:  [avg_train_loss=3.4469, avg_seen_mae=1.6587]
    Epoch 517:  [avg_train_loss=3.4469, avg_seen_mae=1.6587]
    Epoch 518:  [avg_train_loss=3.4469, avg_seen_mae=1.6587]
    Epoch 519:  [avg_train_loss=3.4469, avg_seen_mae=1.6587]
    Epoch 520:  [avg_train_loss=3.4469, avg_seen_mae=1.6587]
    Epoch 521:  [avg_train_loss=3.4469, avg_seen_mae=1.6587]
    Epoch 522:  [avg_train_loss=3.4469, avg_seen_mae=1.6587]
    Epoch 523:  [avg_train_loss=3.4469, avg_seen_mae=1.6587]
    Epoch 524:  [avg_train_loss=3.4469, avg_seen_mae=1.6587]
    Epoch 525:  [avg_train_loss=3.4469, avg_seen_mae=1.6587]
    Epoch 526:  [avg_train_loss=3.4469, avg_seen_mae=1.6587]
    Epoch 527:  [avg_train_loss=3.4469, avg_seen_mae=1.6587]
    Epoch 528:  [avg_train_loss=3.4469, avg_seen_mae=1.6587]
    Epoch 529:  [avg_train_loss=3.4469, avg_seen_mae=1.6587]
    Epoch 530:  [avg_train_loss=3.4469, avg_seen_mae=1.6587]
    Epoch 531:  [avg_train_loss=3.4469, avg_seen_mae=1.6587]
    Epoch 532:  [avg_train_loss=3.4469, avg_seen_mae=1.6587]
    Epoch 533:  [avg_train_loss=3.4469, avg_seen_mae=1.6587]
    Epoch 534:  [avg_train_loss=3.4469, avg_seen_mae=1.6587]
    Epoch 535:  [avg_train_loss=3.4469, avg_seen_mae=1.6587]
    Epoch 536:  [avg_train_loss=3.4469, avg_seen_mae=1.6587]
    Epoch 537:  [avg_train_loss=3.4469, avg_seen_mae=1.6587]
    Epoch 538:  [avg_train_loss=3.4469, avg_seen_mae=1.6587]
    Epoch 539:  [avg_train_loss=3.4469, avg_seen_mae=1.6587]
    Epoch 540:  [avg_train_loss=3.4469, avg_seen_mae=1.6587]
    Epoch 541:  [avg_train_loss=3.4469, avg_seen_mae=1.6587]
    Epoch 542:  [avg_train_loss=3.4469, avg_seen_mae=1.6587]
    Epoch 543:  [avg_train_loss=3.4469, avg_seen_mae=1.6587]
    Epoch 544:  [avg_train_loss=3.4469, avg_seen_mae=1.6587]
    Epoch 545:  [avg_train_loss=3.4469, avg_seen_mae=1.6587]
    Epoch 546:  [avg_train_loss=3.4469, avg_seen_mae=1.6587]
    Epoch 547:  [avg_train_loss=3.4469, avg_seen_mae=1.6587]
    Epoch 548:  [avg_train_loss=3.4469, avg_seen_mae=1.6587]
    Epoch 549:  [avg_train_loss=3.4469, avg_seen_mae=1.6587]
    Epoch 550:  [avg_train_loss=3.4469, avg_seen_mae=1.6587]
    Epoch 551:  [avg_train_loss=3.4469, avg_seen_mae=1.6587]
    Epoch 552:  [avg_train_loss=3.4469, avg_seen_mae=1.6587]
    Epoch 553:  [avg_train_loss=3.4469, avg_seen_mae=1.6587]
    Epoch 554:  [avg_train_loss=3.4469, avg_seen_mae=1.6587]
    Epoch 555:  [avg_train_loss=3.4469, avg_seen_mae=1.6587]
    Epoch 556:  [avg_train_loss=3.4469, avg_seen_mae=1.6587]
    Epoch 557:  [avg_train_loss=3.4469, avg_seen_mae=1.6587]
    Epoch 558:  [avg_train_loss=3.4469, avg_seen_mae=1.6587]
    Epoch 559:  [avg_train_loss=3.4469, avg_seen_mae=1.6587]
    Epoch 560:  [avg_train_loss=3.4469, avg_seen_mae=1.6587]
    Epoch 561:  [avg_train_loss=3.4469, avg_seen_mae=1.6587]
    Epoch 562:  [avg_train_loss=3.4469, avg_seen_mae=1.6587]
    Epoch 563:  [avg_train_loss=3.4469, avg_seen_mae=1.6587]
    Epoch 564:  [avg_train_loss=3.4469, avg_seen_mae=1.6587]
    Epoch 565:  [avg_train_loss=3.4469, avg_seen_mae=1.6587]
    Epoch 566:  [avg_train_loss=3.4469, avg_seen_mae=1.6587]
    Epoch 567:  [avg_train_loss=3.4469, avg_seen_mae=1.6587]
    Epoch 568:  [avg_train_loss=3.4469, avg_seen_mae=1.6587]
    Epoch 569:  [avg_train_loss=3.4469, avg_seen_mae=1.6587]
    Epoch 570:  [avg_train_loss=3.4469, avg_seen_mae=1.6587]
    Epoch 571:  [avg_train_loss=3.4469, avg_seen_mae=1.6587]
    Epoch 572:  [avg_train_loss=3.4469, avg_seen_mae=1.6587]
    Epoch 573:  [avg_train_loss=3.4469, avg_seen_mae=1.6587]
    Epoch 574:  [avg_train_loss=3.4469, avg_seen_mae=1.6587]
    Epoch 575:  [avg_train_loss=3.4469, avg_seen_mae=1.6587]
    Epoch 576:  [avg_train_loss=3.4469, avg_seen_mae=1.6587]
    Epoch 577:  [avg_train_loss=3.4469, avg_seen_mae=1.6587]
    Epoch 578:  [avg_train_loss=3.4469, avg_seen_mae=1.6587]
    Epoch 579:  [avg_train_loss=3.4469, avg_seen_mae=1.6587]
    Epoch 580:  [avg_train_loss=3.4469, avg_seen_mae=1.6587]
    Epoch 581:  [avg_train_loss=3.4469, avg_seen_mae=1.6587]
    Epoch 582:  [avg_train_loss=3.4469, avg_seen_mae=1.6587]
    Epoch 583:  [avg_train_loss=3.4469, avg_seen_mae=1.6587]
    Epoch 584:  [avg_train_loss=3.4469, avg_seen_mae=1.6587]
    Epoch 585:  [avg_train_loss=3.4469, avg_seen_mae=1.6587]
    Epoch 586:  [avg_train_loss=3.4469, avg_seen_mae=1.6587]
    Epoch 587:  [avg_train_loss=3.4469, avg_seen_mae=1.6587]
    Epoch 588:  [avg_train_loss=3.4469, avg_seen_mae=1.6587]
    Epoch 589:  [avg_train_loss=3.4469, avg_seen_mae=1.6587]
    Epoch 590:  [avg_train_loss=3.4469, avg_seen_mae=1.6587]
    Epoch 591:  [avg_train_loss=3.4469, avg_seen_mae=1.6587]
    Epoch 592:  [avg_train_loss=3.4469, avg_seen_mae=1.6587]
    Epoch 593:  [avg_train_loss=3.4469, avg_seen_mae=1.6587]
    Epoch 594:  [avg_train_loss=3.4469, avg_seen_mae=1.6587]
    Epoch 595:  [avg_train_loss=3.4469, avg_seen_mae=1.6587]
    Epoch 596:  [avg_train_loss=3.4469, avg_seen_mae=1.6587]
    Epoch 597:  [avg_train_loss=3.4469, avg_seen_mae=1.6587]
    Epoch 598:  [avg_train_loss=3.4469, avg_seen_mae=1.6587]
    Epoch 599:  [avg_train_loss=3.4469, avg_seen_mae=1.6587]
    Epoch 600:  [avg_train_loss=3.4469, avg_seen_mae=1.6587]
    Epoch 601:  [avg_train_loss=3.4469, avg_seen_mae=1.6587]
    Epoch 602:  [avg_train_loss=3.4469, avg_seen_mae=1.6587]
    Epoch 603:  [avg_train_loss=3.4469, avg_seen_mae=1.6587]
    Epoch 604:  [avg_train_loss=3.4469, avg_seen_mae=1.6587]
    Epoch 605:  [avg_train_loss=3.4469, avg_seen_mae=1.6587]
    Epoch 606:  [avg_train_loss=3.4469, avg_seen_mae=1.6587]
    Epoch 607:  [avg_train_loss=3.4469, avg_seen_mae=1.6587]
    Epoch 608:  [avg_train_loss=3.4469, avg_seen_mae=1.6587]
    Epoch 609:  [avg_train_loss=3.4469, avg_seen_mae=1.6587]
    Epoch 610:  [avg_train_loss=3.4469, avg_seen_mae=1.6587]
    Epoch 611:  [avg_train_loss=3.4469, avg_seen_mae=1.6587]
    Epoch 612:  [avg_train_loss=3.4469, avg_seen_mae=1.6587]
    Epoch 613:  [avg_train_loss=3.4469, avg_seen_mae=1.6587]
    Epoch 614:  [avg_train_loss=3.4469, avg_seen_mae=1.6587]
    Epoch 615:  [avg_train_loss=3.4469, avg_seen_mae=1.6587]
    Epoch 616:  [avg_train_loss=3.4469, avg_seen_mae=1.6587]
    Epoch 617:  [avg_train_loss=3.4469, avg_seen_mae=1.6587]
    Epoch 618:  [avg_train_loss=3.4469, avg_seen_mae=1.6587]
    Epoch 619:  [avg_train_loss=3.4469, avg_seen_mae=1.6587]
    Epoch 620:  [avg_train_loss=3.4469, avg_seen_mae=1.6587]
    Epoch 621:  [avg_train_loss=3.4469, avg_seen_mae=1.6587]
    Epoch 622:  [avg_train_loss=3.4469, avg_seen_mae=1.6587]
    Epoch 623:  [avg_train_loss=3.4469, avg_seen_mae=1.6587]
    Epoch 624:  [avg_train_loss=3.4469, avg_seen_mae=1.6587]
    Epoch 625:  [avg_train_loss=3.4469, avg_seen_mae=1.6587]
    Epoch 626:  [avg_train_loss=3.4469, avg_seen_mae=1.6587]
    Epoch 627:  [avg_train_loss=3.4469, avg_seen_mae=1.6587]
    Epoch 628:  [avg_train_loss=3.4469, avg_seen_mae=1.6587]
    Epoch 629:  [avg_train_loss=3.4469, avg_seen_mae=1.6587]
    Epoch 630:  [avg_train_loss=3.4469, avg_seen_mae=1.6587]
    Epoch 631:  [avg_train_loss=3.4469, avg_seen_mae=1.6587]
    Epoch 632:  [avg_train_loss=3.4469, avg_seen_mae=1.6587]
    Epoch 633:  [avg_train_loss=3.4469, avg_seen_mae=1.6587]
    Epoch 634:  [avg_train_loss=3.4469, avg_seen_mae=1.6587]
    Epoch 635:  [avg_train_loss=3.4469, avg_seen_mae=1.6587]
    Epoch 636:  [avg_train_loss=3.4469, avg_seen_mae=1.6587]
    Epoch 637:  [avg_train_loss=3.4469, avg_seen_mae=1.6587]
    Epoch 638:  [avg_train_loss=3.4469, avg_seen_mae=1.6587]
    Epoch 639:  [avg_train_loss=3.4469, avg_seen_mae=1.6587]
    Epoch 640:  [avg_train_loss=3.4469, avg_seen_mae=1.6587]
    Epoch 641:  [avg_train_loss=3.4469, avg_seen_mae=1.6587]
    Epoch 642:  [avg_train_loss=3.4469, avg_seen_mae=1.6587]
    Epoch 643:  [avg_train_loss=3.4469, avg_seen_mae=1.6587]
    Epoch 644:  [avg_train_loss=3.4469, avg_seen_mae=1.6587]
    Epoch 645:  [avg_train_loss=3.4469, avg_seen_mae=1.6587]
    Epoch 646:  [avg_train_loss=3.4469, avg_seen_mae=1.6587]
    Epoch 647:  [avg_train_loss=3.4469, avg_seen_mae=1.6587]
    Epoch 648:  [avg_train_loss=3.4469, avg_seen_mae=1.6587]
    Epoch 649:  [avg_train_loss=3.4469, avg_seen_mae=1.6587]
    Epoch 650:  [avg_train_loss=3.4469, avg_seen_mae=1.6587]
    Epoch 651:  [avg_train_loss=3.4469, avg_seen_mae=1.6587]
    Epoch 652:  [avg_train_loss=3.4469, avg_seen_mae=1.6587]
    Epoch 653:  [avg_train_loss=3.4469, avg_seen_mae=1.6587]
    Epoch 654:  [avg_train_loss=3.4469, avg_seen_mae=1.6587]
    Epoch 655:  [avg_train_loss=3.4469, avg_seen_mae=1.6587]
    Epoch 656:  [avg_train_loss=3.4469, avg_seen_mae=1.6587]
    Epoch 657:  [avg_train_loss=3.4469, avg_seen_mae=1.6587]
    Epoch 658:  [avg_train_loss=3.4469, avg_seen_mae=1.6587]
    Epoch 659:  [avg_train_loss=3.4469, avg_seen_mae=1.6587]
    Epoch 660:  [avg_train_loss=3.4469, avg_seen_mae=1.6587]
    Epoch 661:  [avg_train_loss=3.4469, avg_seen_mae=1.6587]
    Epoch 662:  [avg_train_loss=3.4469, avg_seen_mae=1.6587]
    Epoch 663:  [avg_train_loss=3.4469, avg_seen_mae=1.6587]
    Epoch 664:  [avg_train_loss=3.4469, avg_seen_mae=1.6587]
    Epoch 665:  [avg_train_loss=3.4469, avg_seen_mae=1.6587]
    Epoch 666:  [avg_train_loss=3.4469, avg_seen_mae=1.6587]
    Epoch 667:  [avg_train_loss=3.4469, avg_seen_mae=1.6587]
    Epoch 668:  [avg_train_loss=3.4469, avg_seen_mae=1.6587]
    Epoch 669:  [avg_train_loss=3.4469, avg_seen_mae=1.6587]
    Epoch 670:  [avg_train_loss=3.4469, avg_seen_mae=1.6587]
    Epoch 671:  [avg_train_loss=3.4469, avg_seen_mae=1.6587]
    Epoch 672:  [avg_train_loss=3.4469, avg_seen_mae=1.6587]
    Epoch 673:  [avg_train_loss=3.4469, avg_seen_mae=1.6587]
    Epoch 674:  [avg_train_loss=3.4469, avg_seen_mae=1.6587]
    Epoch 675:  [avg_train_loss=3.4469, avg_seen_mae=1.6587]
    Epoch 676:  [avg_train_loss=3.4469, avg_seen_mae=1.6587]
    Epoch 677:  [avg_train_loss=3.4469, avg_seen_mae=1.6587]
    Epoch 678:  [avg_train_loss=3.4469, avg_seen_mae=1.6587]
    Epoch 679:  [avg_train_loss=3.4469, avg_seen_mae=1.6587]
    Epoch 680:  [avg_train_loss=3.4469, avg_seen_mae=1.6587]
    Epoch 681:  [avg_train_loss=3.4469, avg_seen_mae=1.6587]
    Epoch 682:  [avg_train_loss=3.4469, avg_seen_mae=1.6587]
    Epoch 683:  [avg_train_loss=3.4469, avg_seen_mae=1.6587]
    Epoch 684:  [avg_train_loss=3.4469, avg_seen_mae=1.6587]
    Epoch 685:  [avg_train_loss=3.4469, avg_seen_mae=1.6587]
    Epoch 686:  [avg_train_loss=3.4469, avg_seen_mae=1.6587]
    Epoch 687:  [avg_train_loss=3.4469, avg_seen_mae=1.6587]
    Epoch 688:  [avg_train_loss=3.4469, avg_seen_mae=1.6587]
    Epoch 689:  [avg_train_loss=3.4469, avg_seen_mae=1.6587]
    Epoch 690:  [avg_train_loss=3.4469, avg_seen_mae=1.6587]
    Epoch 691:  [avg_train_loss=3.4469, avg_seen_mae=1.6587]
    Epoch 692:  [avg_train_loss=3.4469, avg_seen_mae=1.6587]
    Epoch 693:  [avg_train_loss=3.4469, avg_seen_mae=1.6587]
    Epoch 694:  [avg_train_loss=3.4469, avg_seen_mae=1.6587]
    Epoch 695:  [avg_train_loss=3.4469, avg_seen_mae=1.6587]
    Epoch 696:  [avg_train_loss=3.4469, avg_seen_mae=1.6587]
    Epoch 697:  [avg_train_loss=3.4469, avg_seen_mae=1.6587]
    Epoch 698:  [avg_train_loss=3.4469, avg_seen_mae=1.6587]
    Epoch 699:  [avg_train_loss=3.4469, avg_seen_mae=1.6587]
    Epoch 700:  [avg_train_loss=3.4469, avg_seen_mae=1.6587]
    Epoch 701:  [avg_train_loss=3.4469, avg_seen_mae=1.6587]
    Epoch 702:  [avg_train_loss=3.4469, avg_seen_mae=1.6587]
    Epoch 703:  [avg_train_loss=3.4469, avg_seen_mae=1.6587]
    Epoch 704:  [avg_train_loss=3.4469, avg_seen_mae=1.6587]
    Epoch 705:  [avg_train_loss=3.4469, avg_seen_mae=1.6587]
    Epoch 706:  [avg_train_loss=3.4469, avg_seen_mae=1.6587]
    Epoch 707:  [avg_train_loss=3.4469, avg_seen_mae=1.6587]
    Epoch 708:  [avg_train_loss=3.4469, avg_seen_mae=1.6587]
    Epoch 709:  [avg_train_loss=3.4469, avg_seen_mae=1.6587]
    Epoch 710:  [avg_train_loss=3.4469, avg_seen_mae=1.6587]
    Epoch 711:  [avg_train_loss=3.4469, avg_seen_mae=1.6587]
    Epoch 712:  [avg_train_loss=3.4469, avg_seen_mae=1.6587]
    Epoch 713:  [avg_train_loss=3.4469, avg_seen_mae=1.6587]
    Epoch 714:  [avg_train_loss=3.4469, avg_seen_mae=1.6587]
    Epoch 715:  [avg_train_loss=3.4469, avg_seen_mae=1.6587]
    Epoch 716:  [avg_train_loss=3.4469, avg_seen_mae=1.6587]
    Epoch 717:  [avg_train_loss=3.4469, avg_seen_mae=1.6587]
    Epoch 718:  [avg_train_loss=3.4469, avg_seen_mae=1.6587]
    Epoch 719:  [avg_train_loss=3.4469, avg_seen_mae=1.6587]
    Epoch 720:  [avg_train_loss=3.4469, avg_seen_mae=1.6587]
    Epoch 721:  [avg_train_loss=3.4469, avg_seen_mae=1.6587]
    Epoch 722:  [avg_train_loss=3.4469, avg_seen_mae=1.6587]
    Epoch 723:  [avg_train_loss=3.4469, avg_seen_mae=1.6587]
    Epoch 724:  [avg_train_loss=3.4469, avg_seen_mae=1.6587]
    Epoch 725:  [avg_train_loss=3.4469, avg_seen_mae=1.6587]
    Epoch 726:  [avg_train_loss=3.4469, avg_seen_mae=1.6587]
    Epoch 727:  [avg_train_loss=3.4469, avg_seen_mae=1.6587]
    Epoch 728:  [avg_train_loss=3.4469, avg_seen_mae=1.6587]
    Epoch 729:  [avg_train_loss=3.4469, avg_seen_mae=1.6587]
    Epoch 730:  [avg_train_loss=3.4469, avg_seen_mae=1.6587]
    Epoch 731:  [avg_train_loss=3.4469, avg_seen_mae=1.6587]
    Epoch 732:  [avg_train_loss=3.4469, avg_seen_mae=1.6587]
    Epoch 733:  [avg_train_loss=3.4469, avg_seen_mae=1.6587]
    Epoch 734:  [avg_train_loss=3.4469, avg_seen_mae=1.6587]
    Epoch 735:  [avg_train_loss=3.4469, avg_seen_mae=1.6587]
    Epoch 736:  [avg_train_loss=3.4469, avg_seen_mae=1.6587]
    Epoch 737:  [avg_train_loss=3.4469, avg_seen_mae=1.6587]
    Epoch 738:  [avg_train_loss=3.4469, avg_seen_mae=1.6587]
    Epoch 739:  [avg_train_loss=3.4469, avg_seen_mae=1.6587]
    Epoch 740:  [avg_train_loss=3.4469, avg_seen_mae=1.6587]
    Epoch 741:  [avg_train_loss=3.4469, avg_seen_mae=1.6587]
    Epoch 742:  [avg_train_loss=3.4469, avg_seen_mae=1.6587]
    Epoch 743:  [avg_train_loss=3.4469, avg_seen_mae=1.6587]
    Epoch 744:  [avg_train_loss=3.4469, avg_seen_mae=1.6587]
    Epoch 745:  [avg_train_loss=3.4469, avg_seen_mae=1.6587]
    Epoch 746:  [avg_train_loss=3.4469, avg_seen_mae=1.6587]
    Epoch 747:  [avg_train_loss=3.4469, avg_seen_mae=1.6587]
    Epoch 748:  [avg_train_loss=3.4469, avg_seen_mae=1.6587]
    Epoch 749:  [avg_train_loss=3.4469, avg_seen_mae=1.6587]
    Epoch 750:  [avg_train_loss=3.4469, avg_seen_mae=1.6587]
    Epoch 751:  [avg_train_loss=3.4469, avg_seen_mae=1.6587]
    Epoch 752:  [avg_train_loss=3.4469, avg_seen_mae=1.6587]
    Epoch 753:  [avg_train_loss=3.4469, avg_seen_mae=1.6587]
    Epoch 754:  [avg_train_loss=3.4469, avg_seen_mae=1.6587]
    Epoch 755:  [avg_train_loss=3.4469, avg_seen_mae=1.6587]
    Epoch 756:  [avg_train_loss=3.4469, avg_seen_mae=1.6587]
    Epoch 757:  [avg_train_loss=3.4469, avg_seen_mae=1.6587]
    Epoch 758:  [avg_train_loss=3.4469, avg_seen_mae=1.6587]
    Epoch 759:  [avg_train_loss=3.4469, avg_seen_mae=1.6587]
    Epoch 760:  [avg_train_loss=3.4469, avg_seen_mae=1.6587]
    Epoch 761:  [avg_train_loss=3.4469, avg_seen_mae=1.6587]
    Epoch 762:  [avg_train_loss=3.4469, avg_seen_mae=1.6587]
    Epoch 763:  [avg_train_loss=3.4469, avg_seen_mae=1.6587]
    Epoch 764:  [avg_train_loss=3.4469, avg_seen_mae=1.6587]
    Epoch 765:  [avg_train_loss=3.4469, avg_seen_mae=1.6587]
    Epoch 766:  [avg_train_loss=3.4469, avg_seen_mae=1.6587]
    Epoch 767:  [avg_train_loss=3.4469, avg_seen_mae=1.6587]
    Epoch 768:  [avg_train_loss=3.4469, avg_seen_mae=1.6587]
    Epoch 769:  [avg_train_loss=3.4469, avg_seen_mae=1.6587]
    Epoch 770:  [avg_train_loss=3.4469, avg_seen_mae=1.6587]
    Epoch 771:  [avg_train_loss=3.4469, avg_seen_mae=1.6587]
    Epoch 772:  [avg_train_loss=3.4469, avg_seen_mae=1.6587]
    Epoch 773:  [avg_train_loss=3.4469, avg_seen_mae=1.6587]
    Epoch 774:  [avg_train_loss=3.4469, avg_seen_mae=1.6587]
    Epoch 775:  [avg_train_loss=3.4469, avg_seen_mae=1.6587]
    Epoch 776:  [avg_train_loss=3.4469, avg_seen_mae=1.6587]
    Epoch 777:  [avg_train_loss=3.4469, avg_seen_mae=1.6587]
    Epoch 778:  [avg_train_loss=3.4469, avg_seen_mae=1.6587]
    Epoch 779:  [avg_train_loss=3.4469, avg_seen_mae=1.6587]
    Epoch 780:  [avg_train_loss=3.4469, avg_seen_mae=1.6587]
    Epoch 781:  [avg_train_loss=3.4469, avg_seen_mae=1.6587]
    Epoch 782:  [avg_train_loss=3.4469, avg_seen_mae=1.6587]
    Epoch 783:  [avg_train_loss=3.4469, avg_seen_mae=1.6587]
    Epoch 784:  [avg_train_loss=3.4469, avg_seen_mae=1.6587]
    Epoch 785:  [avg_train_loss=3.4469, avg_seen_mae=1.6587]
    Epoch 786:  [avg_train_loss=3.4469, avg_seen_mae=1.6587]
    Epoch 787:  [avg_train_loss=3.4469, avg_seen_mae=1.6587]
    Epoch 788:  [avg_train_loss=3.4469, avg_seen_mae=1.6587]
    Epoch 789:  [avg_train_loss=3.4469, avg_seen_mae=1.6587]
    Epoch 790:  [avg_train_loss=3.4469, avg_seen_mae=1.6587]
    Epoch 791:  [avg_train_loss=3.4469, avg_seen_mae=1.6587]
    Epoch 792:  [avg_train_loss=3.4469, avg_seen_mae=1.6587]
    Epoch 793:  [avg_train_loss=3.4469, avg_seen_mae=1.6587]
    Epoch 794:  [avg_train_loss=3.4469, avg_seen_mae=1.6587]
    Epoch 795:  [avg_train_loss=3.4469, avg_seen_mae=1.6587]
    Epoch 796:  [avg_train_loss=3.4469, avg_seen_mae=1.6587]
    Epoch 797:  [avg_train_loss=3.4469, avg_seen_mae=1.6587]
    Epoch 798:  [avg_train_loss=3.4469, avg_seen_mae=1.6587]
    Epoch 799:  [avg_train_loss=3.4469, avg_seen_mae=1.6587]
    Epoch 800:  [avg_train_loss=3.4469, avg_seen_mae=1.6587]
    Epoch 801:  [avg_train_loss=3.4469, avg_seen_mae=1.6587]
    Epoch 802:  [avg_train_loss=3.4469, avg_seen_mae=1.6587]
    Epoch 803:  [avg_train_loss=3.4469, avg_seen_mae=1.6587]
    Epoch 804:  [avg_train_loss=3.4469, avg_seen_mae=1.6587]
    Epoch 805:  [avg_train_loss=3.4469, avg_seen_mae=1.6587]
    Epoch 806:  [avg_train_loss=3.4469, avg_seen_mae=1.6587]
    Epoch 807:  [avg_train_loss=3.4469, avg_seen_mae=1.6587]
    Epoch 808:  [avg_train_loss=3.4469, avg_seen_mae=1.6587]
    Epoch 809:  [avg_train_loss=3.4469, avg_seen_mae=1.6587]
    Epoch 810:  [avg_train_loss=3.4469, avg_seen_mae=1.6587]
    Epoch 811:  [avg_train_loss=3.4469, avg_seen_mae=1.6587]
    Epoch 812:  [avg_train_loss=3.4469, avg_seen_mae=1.6587]
    Epoch 813:  [avg_train_loss=3.4469, avg_seen_mae=1.6587]
    Epoch 814:  [avg_train_loss=3.4469, avg_seen_mae=1.6587]
    Epoch 815:  [avg_train_loss=3.4469, avg_seen_mae=1.6587]
    Epoch 816:  [avg_train_loss=3.4469, avg_seen_mae=1.6587]
    Epoch 817:  [avg_train_loss=3.4469, avg_seen_mae=1.6587]
    Epoch 818:  [avg_train_loss=3.4469, avg_seen_mae=1.6587]
    Epoch 819:  [avg_train_loss=3.4469, avg_seen_mae=1.6587]
    Epoch 820:  [avg_train_loss=3.4469, avg_seen_mae=1.6587]
    Epoch 821:  [avg_train_loss=3.4469, avg_seen_mae=1.6587]
    Epoch 822:  [avg_train_loss=3.4469, avg_seen_mae=1.6587]
    Epoch 823:  [avg_train_loss=3.4469, avg_seen_mae=1.6587]
    Epoch 824:  [avg_train_loss=3.4469, avg_seen_mae=1.6587]
    Epoch 825:  [avg_train_loss=3.4469, avg_seen_mae=1.6587]
    Epoch 826:  [avg_train_loss=3.4469, avg_seen_mae=1.6587]
    Epoch 827:  [avg_train_loss=3.4469, avg_seen_mae=1.6587]
    Epoch 828:  [avg_train_loss=3.4469, avg_seen_mae=1.6587]
    Epoch 829:  [avg_train_loss=3.4469, avg_seen_mae=1.6587]
    Epoch 830:  [avg_train_loss=3.4469, avg_seen_mae=1.6587]
    Epoch 831:  [avg_train_loss=3.4469, avg_seen_mae=1.6587]
    Epoch 832:  [avg_train_loss=3.4469, avg_seen_mae=1.6587]
    Epoch 833:  [avg_train_loss=3.4469, avg_seen_mae=1.6587]
    Epoch 834:  [avg_train_loss=3.4469, avg_seen_mae=1.6587]
    Epoch 835:  [avg_train_loss=3.4469, avg_seen_mae=1.6587]
    Epoch 836:  [avg_train_loss=3.4469, avg_seen_mae=1.6587]
    Epoch 837:  [avg_train_loss=3.4469, avg_seen_mae=1.6587]
    Epoch 838:  [avg_train_loss=3.4469, avg_seen_mae=1.6587]
    Epoch 839:  [avg_train_loss=3.4469, avg_seen_mae=1.6587]
    Epoch 840:  [avg_train_loss=3.4469, avg_seen_mae=1.6587]
    Epoch 841:  [avg_train_loss=3.4469, avg_seen_mae=1.6587]
    Epoch 842:  [avg_train_loss=3.4469, avg_seen_mae=1.6587]
    Epoch 843:  [avg_train_loss=3.4469, avg_seen_mae=1.6587]
    Epoch 844:  [avg_train_loss=3.4469, avg_seen_mae=1.6587]
    Epoch 845:  [avg_train_loss=3.4469, avg_seen_mae=1.6587]
    Epoch 846:  [avg_train_loss=3.4469, avg_seen_mae=1.6587]
    Epoch 847:  [avg_train_loss=3.4469, avg_seen_mae=1.6587]
    Epoch 848:  [avg_train_loss=3.4469, avg_seen_mae=1.6587]
    Epoch 849:  [avg_train_loss=3.4469, avg_seen_mae=1.6587]
    Epoch 850:  [avg_train_loss=3.4469, avg_seen_mae=1.6587]
    Epoch 851:  [avg_train_loss=3.4469, avg_seen_mae=1.6587]
    Epoch 852:  [avg_train_loss=3.4469, avg_seen_mae=1.6587]
    Epoch 853:  [avg_train_loss=3.4469, avg_seen_mae=1.6587]
    Epoch 854:  [avg_train_loss=3.4469, avg_seen_mae=1.6587]
    Epoch 855:  [avg_train_loss=3.4469, avg_seen_mae=1.6587]
    Epoch 856:  [avg_train_loss=3.4469, avg_seen_mae=1.6587]
    Epoch 857:  [avg_train_loss=3.4469, avg_seen_mae=1.6587]
    Epoch 858:  [avg_train_loss=3.4469, avg_seen_mae=1.6587]
    Epoch 859:  [avg_train_loss=3.4469, avg_seen_mae=1.6587]
    Epoch 860:  [avg_train_loss=3.4469, avg_seen_mae=1.6587]
    Epoch 861:  [avg_train_loss=3.4469, avg_seen_mae=1.6587]
    Epoch 862:  [avg_train_loss=3.4469, avg_seen_mae=1.6587]
    Epoch 863:  [avg_train_loss=3.4469, avg_seen_mae=1.6587]
    Epoch 864:  [avg_train_loss=3.4469, avg_seen_mae=1.6587]
    Epoch 865:  [avg_train_loss=3.4469, avg_seen_mae=1.6587]
    Epoch 866:  [avg_train_loss=3.4469, avg_seen_mae=1.6587]
    Epoch 867:  [avg_train_loss=3.4469, avg_seen_mae=1.6587]
    Epoch 868:  [avg_train_loss=3.4469, avg_seen_mae=1.6587]
    Epoch 869:  [avg_train_loss=3.4469, avg_seen_mae=1.6587]
    Epoch 870:  [avg_train_loss=3.4469, avg_seen_mae=1.6587]
    Epoch 871:  [avg_train_loss=3.4469, avg_seen_mae=1.6587]
    Epoch 872:  [avg_train_loss=3.4469, avg_seen_mae=1.6587]
    Epoch 873:  [avg_train_loss=3.4469, avg_seen_mae=1.6587]
    Epoch 874:  [avg_train_loss=3.4469, avg_seen_mae=1.6587]
    Epoch 875:  [avg_train_loss=3.4469, avg_seen_mae=1.6587]
    Epoch 876:  [avg_train_loss=3.4469, avg_seen_mae=1.6587]
    Epoch 877:  [avg_train_loss=3.4469, avg_seen_mae=1.6587]
    Epoch 878:  [avg_train_loss=3.4469, avg_seen_mae=1.6587]
    Epoch 879:  [avg_train_loss=3.4469, avg_seen_mae=1.6587]
    Epoch 880:  [avg_train_loss=3.4469, avg_seen_mae=1.6587]
    Epoch 881:  [avg_train_loss=3.4469, avg_seen_mae=1.6587]
    Epoch 882:  [avg_train_loss=3.4469, avg_seen_mae=1.6587]
    Epoch 883:  [avg_train_loss=3.4469, avg_seen_mae=1.6587]
    Epoch 884:  [avg_train_loss=3.4469, avg_seen_mae=1.6587]
    Epoch 885:  [avg_train_loss=3.4469, avg_seen_mae=1.6587]
    Epoch 886:  [avg_train_loss=3.4469, avg_seen_mae=1.6587]
    Epoch 887:  [avg_train_loss=3.4469, avg_seen_mae=1.6587]
    Epoch 888:  [avg_train_loss=3.4469, avg_seen_mae=1.6587]
    Epoch 889:  [avg_train_loss=3.4469, avg_seen_mae=1.6587]
    Epoch 890:  [avg_train_loss=3.4469, avg_seen_mae=1.6587]
    Epoch 891:  [avg_train_loss=3.4469, avg_seen_mae=1.6587]
    Epoch 892:  [avg_train_loss=3.4469, avg_seen_mae=1.6587]
    Epoch 893:  [avg_train_loss=3.4469, avg_seen_mae=1.6587]
    Epoch 894:  [avg_train_loss=3.4469, avg_seen_mae=1.6587]
    Epoch 895:  [avg_train_loss=3.4469, avg_seen_mae=1.6587]
    Epoch 896:  [avg_train_loss=3.4469, avg_seen_mae=1.6587]
    Epoch 897:  [avg_train_loss=3.4469, avg_seen_mae=1.6587]
    Epoch 898:  [avg_train_loss=3.4469, avg_seen_mae=1.6587]
    Epoch 899:  [avg_train_loss=3.4469, avg_seen_mae=1.6587]
    Epoch 900:  [avg_train_loss=3.4469, avg_seen_mae=1.6587]
    Epoch 901:  [avg_train_loss=3.4469, avg_seen_mae=1.6587]
    Epoch 902:  [avg_train_loss=3.4469, avg_seen_mae=1.6587]
    Epoch 903:  [avg_train_loss=3.4469, avg_seen_mae=1.6587]
    Epoch 904:  [avg_train_loss=3.4469, avg_seen_mae=1.6587]
    Epoch 905:  [avg_train_loss=3.4469, avg_seen_mae=1.6587]
    Epoch 906:  [avg_train_loss=3.4469, avg_seen_mae=1.6587]
    Epoch 907:  [avg_train_loss=3.4469, avg_seen_mae=1.6587]
    Epoch 908:  [avg_train_loss=3.4469, avg_seen_mae=1.6587]
    Epoch 909:  [avg_train_loss=3.4469, avg_seen_mae=1.6587]
    Epoch 910:  [avg_train_loss=3.4469, avg_seen_mae=1.6587]
    Epoch 911:  [avg_train_loss=3.4469, avg_seen_mae=1.6587]
    Epoch 912:  [avg_train_loss=3.4469, avg_seen_mae=1.6587]
    Epoch 913:  [avg_train_loss=3.4469, avg_seen_mae=1.6587]
    Epoch 914:  [avg_train_loss=3.4469, avg_seen_mae=1.6587]
    Epoch 915:  [avg_train_loss=3.4469, avg_seen_mae=1.6587]
    Epoch 916:  [avg_train_loss=3.4469, avg_seen_mae=1.6587]
    Epoch 917:  [avg_train_loss=3.4469, avg_seen_mae=1.6587]
    Epoch 918:  [avg_train_loss=3.4469, avg_seen_mae=1.6587]
    Epoch 919:  [avg_train_loss=3.4469, avg_seen_mae=1.6587]
    Epoch 920:  [avg_train_loss=3.4469, avg_seen_mae=1.6587]
    Epoch 921:  [avg_train_loss=3.4469, avg_seen_mae=1.6587]
    Epoch 922:  [avg_train_loss=3.4469, avg_seen_mae=1.6587]
    Epoch 923:  [avg_train_loss=3.4469, avg_seen_mae=1.6587]
    Epoch 924:  [avg_train_loss=3.4469, avg_seen_mae=1.6587]
    Epoch 925:  [avg_train_loss=3.4469, avg_seen_mae=1.6587]
    Epoch 926:  [avg_train_loss=3.4469, avg_seen_mae=1.6587]
    Epoch 927:  [avg_train_loss=3.4469, avg_seen_mae=1.6587]
    Epoch 928:  [avg_train_loss=3.4469, avg_seen_mae=1.6587]
    Epoch 929:  [avg_train_loss=3.4469, avg_seen_mae=1.6587]
    Epoch 930:  [avg_train_loss=3.4469, avg_seen_mae=1.6587]
    Epoch 931:  [avg_train_loss=3.4469, avg_seen_mae=1.6587]
    Epoch 932:  [avg_train_loss=3.4469, avg_seen_mae=1.6587]
    Epoch 933:  [avg_train_loss=3.4469, avg_seen_mae=1.6587]
    Epoch 934:  [avg_train_loss=3.4469, avg_seen_mae=1.6587]
    Epoch 935:  [avg_train_loss=3.4469, avg_seen_mae=1.6587]
    Epoch 936:  [avg_train_loss=3.4469, avg_seen_mae=1.6587]
    Epoch 937:  [avg_train_loss=3.4469, avg_seen_mae=1.6587]
    Epoch 938:  [avg_train_loss=3.4469, avg_seen_mae=1.6587]
    Epoch 939:  [avg_train_loss=3.4469, avg_seen_mae=1.6587]
    Epoch 940:  [avg_train_loss=3.4469, avg_seen_mae=1.6587]
    Epoch 941:  [avg_train_loss=3.4469, avg_seen_mae=1.6587]
    Epoch 942:  [avg_train_loss=3.4469, avg_seen_mae=1.6587]
    Epoch 943:  [avg_train_loss=3.4469, avg_seen_mae=1.6587]
    Epoch 944:  [avg_train_loss=3.4469, avg_seen_mae=1.6587]
    Epoch 945:  [avg_train_loss=3.4469, avg_seen_mae=1.6587]
    Epoch 946:  [avg_train_loss=3.4469, avg_seen_mae=1.6587]
    Epoch 947:  [avg_train_loss=3.4469, avg_seen_mae=1.6587]
    Epoch 948:  [avg_train_loss=3.4469, avg_seen_mae=1.6587]
    Epoch 949:  [avg_train_loss=3.4469, avg_seen_mae=1.6587]
    Epoch 950:  [avg_train_loss=3.4469, avg_seen_mae=1.6587]
    Epoch 951:  [avg_train_loss=3.4469, avg_seen_mae=1.6587]
    Epoch 952:  [avg_train_loss=3.4469, avg_seen_mae=1.6587]
    Epoch 953:  [avg_train_loss=3.4469, avg_seen_mae=1.6587]
    Epoch 954:  [avg_train_loss=3.4469, avg_seen_mae=1.6587]
    Epoch 955:  [avg_train_loss=3.4469, avg_seen_mae=1.6587]
    Epoch 956:  [avg_train_loss=3.4469, avg_seen_mae=1.6587]
    Epoch 957:  [avg_train_loss=3.4469, avg_seen_mae=1.6587]
    Epoch 958:  [avg_train_loss=3.4469, avg_seen_mae=1.6587]
    Epoch 959:  [avg_train_loss=3.4469, avg_seen_mae=1.6587]
    Epoch 960:  [avg_train_loss=3.4469, avg_seen_mae=1.6587]
    Epoch 961:  [avg_train_loss=3.4469, avg_seen_mae=1.6587]
    Epoch 962:  [avg_train_loss=3.4469, avg_seen_mae=1.6587]
    Epoch 963:  [avg_train_loss=3.4469, avg_seen_mae=1.6587]
    Epoch 964:  [avg_train_loss=3.4469, avg_seen_mae=1.6587]
    Epoch 965:  [avg_train_loss=3.4469, avg_seen_mae=1.6587]
    Epoch 966:  [avg_train_loss=3.4469, avg_seen_mae=1.6587]
    Epoch 967:  [avg_train_loss=3.4469, avg_seen_mae=1.6587]
    Epoch 968:  [avg_train_loss=3.4469, avg_seen_mae=1.6587]
    Epoch 969:  [avg_train_loss=3.4469, avg_seen_mae=1.6587]
    Epoch 970:  [avg_train_loss=3.4469, avg_seen_mae=1.6587]
    Epoch 971:  [avg_train_loss=3.4469, avg_seen_mae=1.6587]
    Epoch 972:  [avg_train_loss=3.4469, avg_seen_mae=1.6587]
    Epoch 973:  [avg_train_loss=3.4469, avg_seen_mae=1.6587]
    Epoch 974:  [avg_train_loss=3.4469, avg_seen_mae=1.6587]
    Epoch 975:  [avg_train_loss=3.4469, avg_seen_mae=1.6587]
    Epoch 976:  [avg_train_loss=3.4469, avg_seen_mae=1.6587]
    Epoch 977:  [avg_train_loss=3.4469, avg_seen_mae=1.6587]
    Epoch 978:  [avg_train_loss=3.4469, avg_seen_mae=1.6587]
    Epoch 979:  [avg_train_loss=3.4469, avg_seen_mae=1.6587]
    Epoch 980:  [avg_train_loss=3.4469, avg_seen_mae=1.6587]
    Epoch 981:  [avg_train_loss=3.4469, avg_seen_mae=1.6587]
    Epoch 982:  [avg_train_loss=3.4469, avg_seen_mae=1.6587]
    Epoch 983:  [avg_train_loss=3.4469, avg_seen_mae=1.6587]
    Epoch 984:  [avg_train_loss=3.4469, avg_seen_mae=1.6587]
    Epoch 985:  [avg_train_loss=3.4469, avg_seen_mae=1.6587]
    Epoch 986:  [avg_train_loss=3.4469, avg_seen_mae=1.6587]
    Epoch 987:  [avg_train_loss=3.4469, avg_seen_mae=1.6587]
    Epoch 988:  [avg_train_loss=3.4469, avg_seen_mae=1.6587]
    Epoch 989:  [avg_train_loss=3.4469, avg_seen_mae=1.6587]
    Epoch 990:  [avg_train_loss=3.4469, avg_seen_mae=1.6587]
    Epoch 991:  [avg_train_loss=3.4469, avg_seen_mae=1.6587]
    Epoch 992:  [avg_train_loss=3.4469, avg_seen_mae=1.6587]
    Epoch 993:  [avg_train_loss=3.4469, avg_seen_mae=1.6587]
    Epoch 994:  [avg_train_loss=3.4469, avg_seen_mae=1.6587]
    Epoch 995:  [avg_train_loss=3.4469, avg_seen_mae=1.6587]
    Epoch 996:  [avg_train_loss=3.4469, avg_seen_mae=1.6587]
    Epoch 997:  [avg_train_loss=3.4469, avg_seen_mae=1.6587]
    Epoch 998:  [avg_train_loss=3.4469, avg_seen_mae=1.6587]
    Epoch 999:  [avg_train_loss=3.4469, avg_seen_mae=1.6587]
    Epoch 1000:  [avg_train_loss=3.4469, avg_seen_mae=1.6587]
  [AGGREGATED_CURVES_END]


==================================================
  Experiment: Withholding m=1 stations
==================================================
  Running 23 iterations for m=1...

  --- Iteration 1/23 ---
  Unseen stations (1): ['0-20000-0-06235']
  [Time Est] ~16.3s/epoch. ETA for m=1: ~124.7 mins.
    Epoch   10/1000 | Loss: 3.5876 | Monitor MAE: 1.6207 | Patience: 0/10
    Epoch   20/1000 | Loss: 3.5548 | Monitor MAE: 1.6143 | Patience: 6/10
    Epoch   30/1000 | Loss: 3.5392 | Monitor MAE: 1.6282 | Patience: 8/10
    Early stopping triggered after 31 epochs.
    Iter 1 Results -> Seen MAE: 1.7377 | Unseen MAE: 1.6065

  --- Iteration 2/23 ---
  Unseen stations (1): ['0-20000-0-06240']
    Epoch   10/1000 | Loss: 3.5795 | Monitor MAE: 1.6459 | Patience: 2/10
    Epoch   20/1000 | Loss: 3.5418 | Monitor MAE: 1.6343 | Patience: 2/10
    Epoch   30/1000 | Loss: 3.5228 | Monitor MAE: 1.6203 | Patience: 3/10
    Early stopping triggered after 36 epochs.
    Iter 2 Results -> Seen MAE: 1.7221 | Unseen MAE: 1.6047

  --- Iteration 3/23 ---
  Unseen stations (1): ['0-20000-0-06260']
    Epoch   10/1000 | Loss: 3.5659 | Monitor MAE: 1.7591 | Patience: 0/10
    Epoch   20/1000 | Loss: 3.5334 | Monitor MAE: 1.7207 | Patience: 4/10
    Epoch   30/1000 | Loss: 3.5121 | Monitor MAE: 1.6944 | Patience: 1/10
    Epoch   40/1000 | Loss: 3.4890 | Monitor MAE: 1.7017 | Patience: 3/10
    Epoch   50/1000 | Loss: 3.4688 | Monitor MAE: 1.6698 | Patience: 3/10
    Epoch   60/1000 | Loss: 3.4504 | Monitor MAE: 1.6572 | Patience: 3/10
    Epoch   70/1000 | Loss: 3.4498 | Monitor MAE: 1.6644 | Patience: 9/10
    Early stopping triggered after 70 epochs.
    Iter 3 Results -> Seen MAE: 1.6609 | Unseen MAE: 1.6572

  --- Iteration 4/23 ---
  Unseen stations (1): ['0-20000-0-06269']
    Epoch   10/1000 | Loss: 3.5686 | Monitor MAE: 1.6949 | Patience: 1/10
    Epoch   20/1000 | Loss: 3.5372 | Monitor MAE: 1.7051 | Patience: 0/10
    Epoch   30/1000 | Loss: 3.5150 | Monitor MAE: 1.6649 | Patience: 1/10
    Epoch   40/1000 | Loss: 3.4987 | Monitor MAE: 1.6465 | Patience: 0/10
    Epoch   50/1000 | Loss: 3.4892 | Monitor MAE: 1.6323 | Patience: 7/10
    Early stopping triggered after 52 epochs.
    Iter 4 Results -> Seen MAE: 1.6892 | Unseen MAE: 1.6287

  --- Iteration 5/23 ---
  Unseen stations (1): ['0-20000-0-06270']
    Epoch   10/1000 | Loss: 3.5729 | Monitor MAE: 1.6227 | Patience: 3/10
    Epoch   20/1000 | Loss: 3.5386 | Monitor MAE: 1.6078 | Patience: 0/10
    Epoch   30/1000 | Loss: 3.5178 | Monitor MAE: 1.5772 | Patience: 2/10
    Early stopping triggered after 37 epochs.
    Iter 5 Results -> Seen MAE: 1.6978 | Unseen MAE: 1.5471

  --- Iteration 6/23 ---
  Unseen stations (1): ['0-20000-0-06273']
    Epoch   10/1000 | Loss: 3.5846 | Monitor MAE: 1.7284 | Patience: 0/10
    Epoch   20/1000 | Loss: 3.5435 | Monitor MAE: 1.6979 | Patience: 0/10
    Epoch   30/1000 | Loss: 3.5227 | Monitor MAE: 1.6788 | Patience: 4/10
    Epoch   40/1000 | Loss: 3.5048 | Monitor MAE: 1.6795 | Patience: 7/10
    Epoch   50/1000 | Loss: 3.4882 | Monitor MAE: 1.6668 | Patience: 2/10
    Epoch   60/1000 | Loss: 3.4750 | Monitor MAE: 1.6636 | Patience: 3/10
    Early stopping triggered after 66 epochs.
    Iter 6 Results -> Seen MAE: 1.6742 | Unseen MAE: 1.6543

  --- Iteration 7/23 ---
  Unseen stations (1): ['0-20000-0-06275']
    Epoch   10/1000 | Loss: 3.5580 | Monitor MAE: 1.8910 | Patience: 1/10
    Epoch   20/1000 | Loss: 3.5156 | Monitor MAE: 1.8532 | Patience: 1/10
    Epoch   30/1000 | Loss: 3.4904 | Monitor MAE: 1.8505 | Patience: 1/10
    Epoch   40/1000 | Loss: 3.4770 | Monitor MAE: 1.8489 | Patience: 4/10
    Epoch   50/1000 | Loss: 3.4727 | Monitor MAE: 1.8430 | Patience: 8/10
    Early stopping triggered after 51 epochs.
    Iter 7 Results -> Seen MAE: 1.6731 | Unseen MAE: 1.8250

  --- Iteration 8/23 ---
  Unseen stations (1): ['0-20000-0-06278']
    Epoch   10/1000 | Loss: 3.5622 | Monitor MAE: 1.7937 | Patience: 0/10
    Epoch   20/1000 | Loss: 3.5199 | Monitor MAE: 1.7892 | Patience: 2/10
    Epoch   30/1000 | Loss: 3.4930 | Monitor MAE: 1.7640 | Patience: 1/10
    Epoch   40/1000 | Loss: 3.4721 | Monitor MAE: 1.7553 | Patience: 0/10
    Epoch   50/1000 | Loss: 3.4587 | Monitor MAE: 1.7338 | Patience: 1/10
    Epoch   60/1000 | Loss: 3.4452 | Monitor MAE: 1.7160 | Patience: 4/10
    Epoch   70/1000 | Loss: 3.4280 | Monitor MAE: 1.7173 | Patience: 6/10
    Early stopping triggered after 73 epochs.
    Iter 8 Results -> Seen MAE: 1.6398 | Unseen MAE: 1.7039

  --- Iteration 9/23 ---
  Unseen stations (1): ['0-20000-0-06279']
    Epoch   10/1000 | Loss: 3.5666 | Monitor MAE: 1.8113 | Patience: 3/10
    Epoch   20/1000 | Loss: 3.5297 | Monitor MAE: 1.7781 | Patience: 1/10
    Epoch   30/1000 | Loss: 3.5037 | Monitor MAE: 1.7396 | Patience: 1/10
    Epoch   40/1000 | Loss: 3.4796 | Monitor MAE: 1.7221 | Patience: 0/10
    Epoch   50/1000 | Loss: 3.4699 | Monitor MAE: 1.7242 | Patience: 2/10
    Early stopping triggered after 57 epochs.
    Iter 9 Results -> Seen MAE: 1.6681 | Unseen MAE: 1.7086

  --- Iteration 10/23 ---
  Unseen stations (1): ['0-20000-0-06280']
    Epoch   10/1000 | Loss: 3.5483 | Monitor MAE: 1.7718 | Patience: 0/10
    Epoch   20/1000 | Loss: 3.5093 | Monitor MAE: 1.7734 | Patience: 3/10
    Epoch   30/1000 | Loss: 3.4893 | Monitor MAE: 1.7768 | Patience: 5/10
    Early stopping triggered after 34 epochs.
    Iter 10 Results -> Seen MAE: 1.7072 | Unseen MAE: 1.7464

  --- Iteration 11/23 ---
  Unseen stations (1): ['0-20000-0-06283']
    Epoch   10/1000 | Loss: 3.5464 | Monitor MAE: 1.8494 | Patience: 0/10
    Epoch   20/1000 | Loss: 3.5157 | Monitor MAE: 1.8207 | Patience: 4/10
    Epoch   30/1000 | Loss: 3.4822 | Monitor MAE: 1.8058 | Patience: 2/10
    Epoch   40/1000 | Loss: 3.4651 | Monitor MAE: 1.7868 | Patience: 2/10
    Early stopping triggered after 47 epochs.
    Iter 11 Results -> Seen MAE: 1.6704 | Unseen MAE: 1.7853

  --- Iteration 12/23 ---
  Unseen stations (1): ['0-20000-0-06286']
    Epoch   10/1000 | Loss: 3.5703 | Monitor MAE: 1.8656 | Patience: 3/10
    Early stopping triggered after 16 epochs.
    Iter 12 Results -> Seen MAE: 1.7460 | Unseen MAE: 1.8645

  --- Iteration 13/23 ---
  Unseen stations (1): ['0-20000-0-06290']
    Epoch   10/1000 | Loss: 3.5525 | Monitor MAE: 1.8874 | Patience: 0/10
    Epoch   20/1000 | Loss: 3.5103 | Monitor MAE: 1.8361 | Patience: 1/10
    Epoch   30/1000 | Loss: 3.4843 | Monitor MAE: 1.8248 | Patience: 2/10
    Epoch   40/1000 | Loss: 3.4640 | Monitor MAE: 1.8103 | Patience: 3/10
    Epoch   50/1000 | Loss: 3.4414 | Monitor MAE: 1.7951 | Patience: 0/10
    Epoch   60/1000 | Loss: 3.4341 | Monitor MAE: 1.7936 | Patience: 1/10
    Epoch   70/1000 | Loss: 3.4187 | Monitor MAE: 1.7892 | Patience: 1/10
    Epoch   80/1000 | Loss: 3.3981 | Monitor MAE: 1.7746 | Patience: 4/10
    Epoch   90/1000 | Loss: 3.3931 | Monitor MAE: 1.7894 | Patience: 1/10
    Epoch  100/1000 | Loss: 3.3841 | Monitor MAE: 1.7620 | Patience: 1/10
    Early stopping triggered after 108 epochs.
    Iter 13 Results -> Seen MAE: 1.6113 | Unseen MAE: 1.7567

  --- Iteration 14/23 ---
  Unseen stations (1): ['0-20000-0-06310']
    Epoch   10/1000 | Loss: 3.5980 | Monitor MAE: 1.5954 | Patience: 0/10
    Epoch   20/1000 | Loss: 3.5671 | Monitor MAE: 1.5649 | Patience: 0/10
    Epoch   30/1000 | Loss: 3.5423 | Monitor MAE: 1.5472 | Patience: 3/10
    Early stopping triggered after 36 epochs.
    Iter 14 Results -> Seen MAE: 1.7136 | Unseen MAE: 1.5354

  --- Iteration 15/23 ---
  Unseen stations (1): ['0-20000-0-06320']
    Epoch   10/1000 | Loss: 3.6163 | Monitor MAE: 1.6526 | Patience: 3/10
    Epoch   20/1000 | Loss: 3.5805 | Monitor MAE: 1.7816 | Patience: 9/10
    Early stopping triggered after 20 epochs.
    Iter 15 Results -> Seen MAE: 1.7376 | Unseen MAE: 1.6526

  --- Iteration 16/23 ---
  Unseen stations (1): ['0-20000-0-06330']
    Epoch   10/1000 | Loss: 3.5920 | Monitor MAE: 1.7629 | Patience: 5/10
    Early stopping triggered after 14 epochs.
    Iter 16 Results -> Seen MAE: 1.7691 | Unseen MAE: 1.7502

  --- Iteration 17/23 ---
  Unseen stations (1): ['0-20000-0-06344']
    Epoch   10/1000 | Loss: 3.5812 | Monitor MAE: 1.7071 | Patience: 1/10
    Epoch   20/1000 | Loss: 3.5361 | Monitor MAE: 1.6673 | Patience: 0/10
    Epoch   30/1000 | Loss: 3.5115 | Monitor MAE: 1.6458 | Patience: 2/10
    Epoch   40/1000 | Loss: 3.4925 | Monitor MAE: 1.6318 | Patience: 2/10
    Epoch   50/1000 | Loss: 3.4715 | Monitor MAE: 1.6222 | Patience: 4/10
    Early stopping triggered after 55 epochs.
    Iter 17 Results -> Seen MAE: 1.6667 | Unseen MAE: 1.6149

  --- Iteration 18/23 ---
  Unseen stations (1): ['0-20000-0-06348']
    Epoch   10/1000 | Loss: 3.5676 | Monitor MAE: 1.7221 | Patience: 0/10
    Epoch   20/1000 | Loss: 3.5424 | Monitor MAE: 1.6876 | Patience: 0/10
    Epoch   30/1000 | Loss: 3.5196 | Monitor MAE: 1.6907 | Patience: 0/10
    Epoch   40/1000 | Loss: 3.5012 | Monitor MAE: 1.6672 | Patience: 0/10
    Epoch   50/1000 | Loss: 3.4837 | Monitor MAE: 1.6642 | Patience: 4/10
    Epoch   60/1000 | Loss: 3.4696 | Monitor MAE: 1.6334 | Patience: 0/10
    Epoch   70/1000 | Loss: 3.4690 | Monitor MAE: 1.6189 | Patience: 3/10
    Epoch   80/1000 | Loss: 3.4624 | Monitor MAE: 1.6336 | Patience: 9/10
    Early stopping triggered after 80 epochs.
    Iter 18 Results -> Seen MAE: 1.6691 | Unseen MAE: 1.6189

  --- Iteration 19/23 ---
  Unseen stations (1): ['0-20000-0-06350']
    Epoch   10/1000 | Loss: 3.5572 | Monitor MAE: 1.8601 | Patience: 0/10
    Epoch   20/1000 | Loss: 3.5154 | Monitor MAE: 1.8658 | Patience: 1/10
    Epoch   30/1000 | Loss: 3.4840 | Monitor MAE: 1.8456 | Patience: 5/10
    Epoch   40/1000 | Loss: 3.4741 | Monitor MAE: 1.8288 | Patience: 5/10
    Epoch   50/1000 | Loss: 3.4571 | Monitor MAE: 1.8353 | Patience: 3/10
    Epoch   60/1000 | Loss: 3.4361 | Monitor MAE: 1.8110 | Patience: 8/10
    Early stopping triggered after 61 epochs.
    Iter 19 Results -> Seen MAE: 1.6492 | Unseen MAE: 1.7922

  --- Iteration 20/23 ---
  Unseen stations (1): ['0-20000-0-06356']
    Epoch   10/1000 | Loss: 3.5609 | Monitor MAE: 1.7653 | Patience: 0/10
    Epoch   20/1000 | Loss: 3.5267 | Monitor MAE: 1.7454 | Patience: 3/10
    Epoch   30/1000 | Loss: 3.5027 | Monitor MAE: 1.7125 | Patience: 3/10
    Epoch   40/1000 | Loss: 3.4746 | Monitor MAE: 1.7021 | Patience: 0/10
    Epoch   50/1000 | Loss: 3.4601 | Monitor MAE: 1.6905 | Patience: 1/10
    Epoch   60/1000 | Loss: 3.4575 | Monitor MAE: 1.6549 | Patience: 8/10
    Epoch   70/1000 | Loss: 3.4439 | Monitor MAE: 1.6841 | Patience: 9/10
    Early stopping triggered after 70 epochs.
    Iter 20 Results -> Seen MAE: 1.6480 | Unseen MAE: 1.6549

  --- Iteration 21/23 ---
  Unseen stations (1): ['0-20000-0-06370']
    Epoch   10/1000 | Loss: 3.5465 | Monitor MAE: 1.8804 | Patience: 0/10
    Epoch   20/1000 | Loss: 3.5055 | Monitor MAE: 1.8820 | Patience: 8/10
    Epoch   30/1000 | Loss: 3.4865 | Monitor MAE: 1.8756 | Patience: 0/10
    Early stopping triggered after 39 epochs.
    Iter 21 Results -> Seen MAE: 1.6843 | Unseen MAE: 1.8490

  --- Iteration 22/23 ---
  Unseen stations (1): ['0-20000-0-06375']
    Epoch   10/1000 | Loss: 3.5484 | Monitor MAE: 1.8585 | Patience: 2/10
    Epoch   20/1000 | Loss: 3.5126 | Monitor MAE: 1.8492 | Patience: 4/10
    Epoch   30/1000 | Loss: 3.4927 | Monitor MAE: 1.8287 | Patience: 1/10
    Epoch   40/1000 | Loss: 3.4807 | Monitor MAE: 1.8264 | Patience: 1/10
    Epoch   50/1000 | Loss: 3.4663 | Monitor MAE: 1.7956 | Patience: 0/10
    Epoch   60/1000 | Loss: 3.4536 | Monitor MAE: 1.8069 | Patience: 9/10
    Early stopping triggered after 60 epochs.
    Iter 22 Results -> Seen MAE: 1.6587 | Unseen MAE: 1.7956

  --- Iteration 23/23 ---
  Unseen stations (1): ['0-20000-0-06380']
    Epoch   10/1000 | Loss: 3.5653 | Monitor MAE: 1.9572 | Patience: 0/10
    Epoch   20/1000 | Loss: 3.5293 | Monitor MAE: 2.0003 | Patience: 3/10
    Early stopping triggered after 26 epochs.
    Iter 23 Results -> Seen MAE: 1.7179 | Unseen MAE: 1.9443

  ========================================
  AGGREGATED RESULTS (Across all iterations)
  SEEN   mean MAE Tmax: 1.6875
  UNSEEN mean MAE Tmax: 1.7086 ± 0.1045
  Degradation: 0.0211 °C
  ========================================

  [AGGREGATED_CURVES_START]
    Epoch 1:  [avg_train_loss=3.7569, avg_seen_mae=1.8222, avg_unseen_mae=1.8479]
    Epoch 2:  [avg_train_loss=3.6680, avg_seen_mae=1.7865, avg_unseen_mae=1.8144]
    Epoch 3:  [avg_train_loss=3.6345, avg_seen_mae=1.7796, avg_unseen_mae=1.8130]
    Epoch 4:  [avg_train_loss=3.6177, avg_seen_mae=1.7741, avg_unseen_mae=1.8047]
    Epoch 5:  [avg_train_loss=3.6046, avg_seen_mae=1.7659, avg_unseen_mae=1.8013]
    Epoch 6:  [avg_train_loss=3.5947, avg_seen_mae=1.7613, avg_unseen_mae=1.7904]
    Epoch 7:  [avg_train_loss=3.5859, avg_seen_mae=1.7566, avg_unseen_mae=1.7889]
    Epoch 8:  [avg_train_loss=3.5795, avg_seen_mae=1.7524, avg_unseen_mae=1.7914]
    Epoch 9:  [avg_train_loss=3.5742, avg_seen_mae=1.7458, avg_unseen_mae=1.7792]
    Epoch 10:  [avg_train_loss=3.5694, avg_seen_mae=1.7429, avg_unseen_mae=1.7697]
    Epoch 11:  [avg_train_loss=3.5642, avg_seen_mae=1.7384, avg_unseen_mae=1.7741]
    Epoch 12:  [avg_train_loss=3.5592, avg_seen_mae=1.7372, avg_unseen_mae=1.7779]
    Epoch 13:  [avg_train_loss=3.5556, avg_seen_mae=1.7376, avg_unseen_mae=1.7818]
    Epoch 14:  [avg_train_loss=3.5520, avg_seen_mae=1.7302, avg_unseen_mae=1.7748]
    Epoch 15:  [avg_train_loss=3.5485, avg_seen_mae=1.7276, avg_unseen_mae=1.7666]
    Epoch 16:  [avg_train_loss=3.5455, avg_seen_mae=1.7239, avg_unseen_mae=1.7672]
    Epoch 17:  [avg_train_loss=3.5423, avg_seen_mae=1.7219, avg_unseen_mae=1.7634]
    Epoch 18:  [avg_train_loss=3.5394, avg_seen_mae=1.7203, avg_unseen_mae=1.7600]
    Epoch 19:  [avg_train_loss=3.5355, avg_seen_mae=1.7182, avg_unseen_mae=1.7603]
    Epoch 20:  [avg_train_loss=3.5339, avg_seen_mae=1.7172, avg_unseen_mae=1.7622]
    Epoch 21:  [avg_train_loss=3.5316, avg_seen_mae=1.7157, avg_unseen_mae=1.7606]
    Epoch 22:  [avg_train_loss=3.5294, avg_seen_mae=1.7107, avg_unseen_mae=1.7574]
    Epoch 23:  [avg_train_loss=3.5261, avg_seen_mae=1.7106, avg_unseen_mae=1.7612]
    Epoch 24:  [avg_train_loss=3.5252, avg_seen_mae=1.7089, avg_unseen_mae=1.7500]
    Epoch 25:  [avg_train_loss=3.5234, avg_seen_mae=1.7099, avg_unseen_mae=1.7568]
    Epoch 26:  [avg_train_loss=3.5216, avg_seen_mae=1.7074, avg_unseen_mae=1.7566]
    Epoch 27:  [avg_train_loss=3.5203, avg_seen_mae=1.7031, avg_unseen_mae=1.7515]
    Epoch 28:  [avg_train_loss=3.5172, avg_seen_mae=1.7010, avg_unseen_mae=1.7518]
    Epoch 29:  [avg_train_loss=3.5158, avg_seen_mae=1.7031, avg_unseen_mae=1.7557]
    Epoch 30:  [avg_train_loss=3.5138, avg_seen_mae=1.6991, avg_unseen_mae=1.7505]
    Epoch 31:  [avg_train_loss=3.5127, avg_seen_mae=1.6971, avg_unseen_mae=1.7515]
    Epoch 32:  [avg_train_loss=3.5112, avg_seen_mae=1.6958, avg_unseen_mae=1.7501]
    Epoch 33:  [avg_train_loss=3.5097, avg_seen_mae=1.6978, avg_unseen_mae=1.7507]
    Epoch 34:  [avg_train_loss=3.5078, avg_seen_mae=1.6967, avg_unseen_mae=1.7536]
    Epoch 35:  [avg_train_loss=3.5061, avg_seen_mae=1.6940, avg_unseen_mae=1.7510]
    Epoch 36:  [avg_train_loss=3.5045, avg_seen_mae=1.6932, avg_unseen_mae=1.7531]
    Epoch 37:  [avg_train_loss=3.5037, avg_seen_mae=1.6916, avg_unseen_mae=1.7494]
    Epoch 38:  [avg_train_loss=3.5025, avg_seen_mae=1.6919, avg_unseen_mae=1.7507]
    Epoch 39:  [avg_train_loss=3.5010, avg_seen_mae=1.6895, avg_unseen_mae=1.7495]
    Epoch 40:  [avg_train_loss=3.5002, avg_seen_mae=1.6900, avg_unseen_mae=1.7481]
    Epoch 41:  [avg_train_loss=3.4987, avg_seen_mae=1.6906, avg_unseen_mae=1.7469]
    Epoch 42:  [avg_train_loss=3.4970, avg_seen_mae=1.6877, avg_unseen_mae=1.7451]
    Epoch 43:  [avg_train_loss=3.4969, avg_seen_mae=1.6880, avg_unseen_mae=1.7462]
    Epoch 44:  [avg_train_loss=3.4960, avg_seen_mae=1.6879, avg_unseen_mae=1.7478]
    Epoch 45:  [avg_train_loss=3.4962, avg_seen_mae=1.6852, avg_unseen_mae=1.7453]
    Epoch 46:  [avg_train_loss=3.4945, avg_seen_mae=1.6859, avg_unseen_mae=1.7432]
    Epoch 47:  [avg_train_loss=3.4946, avg_seen_mae=1.6859, avg_unseen_mae=1.7452]
    Epoch 48:  [avg_train_loss=3.4932, avg_seen_mae=1.6843, avg_unseen_mae=1.7429]
    Epoch 49:  [avg_train_loss=3.4921, avg_seen_mae=1.6838, avg_unseen_mae=1.7426]
    Epoch 50:  [avg_train_loss=3.4920, avg_seen_mae=1.6821, avg_unseen_mae=1.7420]
    Epoch 51:  [avg_train_loss=3.4915, avg_seen_mae=1.6823, avg_unseen_mae=1.7408]
    Epoch 52:  [avg_train_loss=3.4914, avg_seen_mae=1.6834, avg_unseen_mae=1.7416]
    Epoch 53:  [avg_train_loss=3.4904, avg_seen_mae=1.6815, avg_unseen_mae=1.7409]
    Epoch 54:  [avg_train_loss=3.4897, avg_seen_mae=1.6805, avg_unseen_mae=1.7419]
    Epoch 55:  [avg_train_loss=3.4886, avg_seen_mae=1.6824, avg_unseen_mae=1.7434]
    Epoch 56:  [avg_train_loss=3.4892, avg_seen_mae=1.6809, avg_unseen_mae=1.7399]
    Epoch 57:  [avg_train_loss=3.4882, avg_seen_mae=1.6797, avg_unseen_mae=1.7414]
    Epoch 58:  [avg_train_loss=3.4873, avg_seen_mae=1.6796, avg_unseen_mae=1.7394]
    Epoch 59:  [avg_train_loss=3.4872, avg_seen_mae=1.6806, avg_unseen_mae=1.7416]
    Epoch 60:  [avg_train_loss=3.4866, avg_seen_mae=1.6780, avg_unseen_mae=1.7380]
    Epoch 61:  [avg_train_loss=3.4863, avg_seen_mae=1.6794, avg_unseen_mae=1.7401]
    Epoch 62:  [avg_train_loss=3.4862, avg_seen_mae=1.6790, avg_unseen_mae=1.7410]
    Epoch 63:  [avg_train_loss=3.4848, avg_seen_mae=1.6789, avg_unseen_mae=1.7389]
    Epoch 64:  [avg_train_loss=3.4851, avg_seen_mae=1.6790, avg_unseen_mae=1.7406]
    Epoch 65:  [avg_train_loss=3.4847, avg_seen_mae=1.6789, avg_unseen_mae=1.7407]
    Epoch 66:  [avg_train_loss=3.4849, avg_seen_mae=1.6787, avg_unseen_mae=1.7407]
    Epoch 67:  [avg_train_loss=3.4843, avg_seen_mae=1.6790, avg_unseen_mae=1.7407]
    Epoch 68:  [avg_train_loss=3.4843, avg_seen_mae=1.6778, avg_unseen_mae=1.7397]
    Epoch 69:  [avg_train_loss=3.4836, avg_seen_mae=1.6783, avg_unseen_mae=1.7404]
    Epoch 70:  [avg_train_loss=3.4839, avg_seen_mae=1.6784, avg_unseen_mae=1.7399]
    Epoch 71:  [avg_train_loss=3.4839, avg_seen_mae=1.6779, avg_unseen_mae=1.7398]
    Epoch 72:  [avg_train_loss=3.4836, avg_seen_mae=1.6780, avg_unseen_mae=1.7404]
    Epoch 73:  [avg_train_loss=3.4836, avg_seen_mae=1.6784, avg_unseen_mae=1.7409]
    Epoch 74:  [avg_train_loss=3.4831, avg_seen_mae=1.6783, avg_unseen_mae=1.7412]
    Epoch 75:  [avg_train_loss=3.4828, avg_seen_mae=1.6776, avg_unseen_mae=1.7397]
    Epoch 76:  [avg_train_loss=3.4832, avg_seen_mae=1.6778, avg_unseen_mae=1.7406]
    Epoch 77:  [avg_train_loss=3.4827, avg_seen_mae=1.6772, avg_unseen_mae=1.7396]
    Epoch 78:  [avg_train_loss=3.4827, avg_seen_mae=1.6776, avg_unseen_mae=1.7406]
    Epoch 79:  [avg_train_loss=3.4829, avg_seen_mae=1.6774, avg_unseen_mae=1.7408]
    Epoch 80:  [avg_train_loss=3.4826, avg_seen_mae=1.6767, avg_unseen_mae=1.7395]
    Epoch 81:  [avg_train_loss=3.4829, avg_seen_mae=1.6772, avg_unseen_mae=1.7400]
    Epoch 82:  [avg_train_loss=3.4827, avg_seen_mae=1.6771, avg_unseen_mae=1.7394]
    Epoch 83:  [avg_train_loss=3.4827, avg_seen_mae=1.6774, avg_unseen_mae=1.7400]
    Epoch 84:  [avg_train_loss=3.4827, avg_seen_mae=1.6777, avg_unseen_mae=1.7409]
    Epoch 85:  [avg_train_loss=3.4827, avg_seen_mae=1.6777, avg_unseen_mae=1.7402]
    Epoch 86:  [avg_train_loss=3.4824, avg_seen_mae=1.6770, avg_unseen_mae=1.7398]
    Epoch 87:  [avg_train_loss=3.4828, avg_seen_mae=1.6775, avg_unseen_mae=1.7405]
    Epoch 88:  [avg_train_loss=3.4825, avg_seen_mae=1.6767, avg_unseen_mae=1.7392]
    Epoch 89:  [avg_train_loss=3.4823, avg_seen_mae=1.6774, avg_unseen_mae=1.7404]
    Epoch 90:  [avg_train_loss=3.4824, avg_seen_mae=1.6773, avg_unseen_mae=1.7402]
    Epoch 91:  [avg_train_loss=3.4831, avg_seen_mae=1.6772, avg_unseen_mae=1.7404]
    Epoch 92:  [avg_train_loss=3.4825, avg_seen_mae=1.6774, avg_unseen_mae=1.7405]
    Epoch 93:  [avg_train_loss=3.4825, avg_seen_mae=1.6772, avg_unseen_mae=1.7395]
    Epoch 94:  [avg_train_loss=3.4824, avg_seen_mae=1.6775, avg_unseen_mae=1.7399]
    Epoch 95:  [avg_train_loss=3.4824, avg_seen_mae=1.6764, avg_unseen_mae=1.7392]
    Epoch 96:  [avg_train_loss=3.4823, avg_seen_mae=1.6765, avg_unseen_mae=1.7394]
    Epoch 97:  [avg_train_loss=3.4819, avg_seen_mae=1.6770, avg_unseen_mae=1.7394]
    Epoch 98:  [avg_train_loss=3.4822, avg_seen_mae=1.6761, avg_unseen_mae=1.7387]
    Epoch 99:  [avg_train_loss=3.4816, avg_seen_mae=1.6773, avg_unseen_mae=1.7397]
    Epoch 100:  [avg_train_loss=3.4820, avg_seen_mae=1.6766, avg_unseen_mae=1.7390]
    Epoch 101:  [avg_train_loss=3.4818, avg_seen_mae=1.6772, avg_unseen_mae=1.7404]
    Epoch 102:  [avg_train_loss=3.4821, avg_seen_mae=1.6764, avg_unseen_mae=1.7390]
    Epoch 103:  [avg_train_loss=3.4821, avg_seen_mae=1.6763, avg_unseen_mae=1.7390]
    Epoch 104:  [avg_train_loss=3.4816, avg_seen_mae=1.6766, avg_unseen_mae=1.7393]
    Epoch 105:  [avg_train_loss=3.4817, avg_seen_mae=1.6771, avg_unseen_mae=1.7398]
    Epoch 106:  [avg_train_loss=3.4818, avg_seen_mae=1.6761, avg_unseen_mae=1.7390]
    Epoch 107:  [avg_train_loss=3.4815, avg_seen_mae=1.6763, avg_unseen_mae=1.7393]
    Epoch 108:  [avg_train_loss=3.4815, avg_seen_mae=1.6768, avg_unseen_mae=1.7400]
    Epoch 109:  [avg_train_loss=3.4815, avg_seen_mae=1.6768, avg_unseen_mae=1.7400]
    Epoch 110:  [avg_train_loss=3.4815, avg_seen_mae=1.6768, avg_unseen_mae=1.7400]
    Epoch 111:  [avg_train_loss=3.4815, avg_seen_mae=1.6768, avg_unseen_mae=1.7400]
    Epoch 112:  [avg_train_loss=3.4815, avg_seen_mae=1.6768, avg_unseen_mae=1.7400]
    Epoch 113:  [avg_train_loss=3.4815, avg_seen_mae=1.6768, avg_unseen_mae=1.7400]
    Epoch 114:  [avg_train_loss=3.4815, avg_seen_mae=1.6768, avg_unseen_mae=1.7400]
    Epoch 115:  [avg_train_loss=3.4815, avg_seen_mae=1.6768, avg_unseen_mae=1.7400]
    Epoch 116:  [avg_train_loss=3.4815, avg_seen_mae=1.6768, avg_unseen_mae=1.7400]
    Epoch 117:  [avg_train_loss=3.4815, avg_seen_mae=1.6768, avg_unseen_mae=1.7400]
    Epoch 118:  [avg_train_loss=3.4815, avg_seen_mae=1.6768, avg_unseen_mae=1.7400]
    Epoch 119:  [avg_train_loss=3.4815, avg_seen_mae=1.6768, avg_unseen_mae=1.7400]
    Epoch 120:  [avg_train_loss=3.4815, avg_seen_mae=1.6768, avg_unseen_mae=1.7400]
    Epoch 121:  [avg_train_loss=3.4815, avg_seen_mae=1.6768, avg_unseen_mae=1.7400]
    Epoch 122:  [avg_train_loss=3.4815, avg_seen_mae=1.6768, avg_unseen_mae=1.7400]
    Epoch 123:  [avg_train_loss=3.4815, avg_seen_mae=1.6768, avg_unseen_mae=1.7400]
    Epoch 124:  [avg_train_loss=3.4815, avg_seen_mae=1.6768, avg_unseen_mae=1.7400]
    Epoch 125:  [avg_train_loss=3.4815, avg_seen_mae=1.6768, avg_unseen_mae=1.7400]
    Epoch 126:  [avg_train_loss=3.4815, avg_seen_mae=1.6768, avg_unseen_mae=1.7400]
    Epoch 127:  [avg_train_loss=3.4815, avg_seen_mae=1.6768, avg_unseen_mae=1.7400]
    Epoch 128:  [avg_train_loss=3.4815, avg_seen_mae=1.6768, avg_unseen_mae=1.7400]
    Epoch 129:  [avg_train_loss=3.4815, avg_seen_mae=1.6768, avg_unseen_mae=1.7400]
    Epoch 130:  [avg_train_loss=3.4815, avg_seen_mae=1.6768, avg_unseen_mae=1.7400]
    Epoch 131:  [avg_train_loss=3.4815, avg_seen_mae=1.6768, avg_unseen_mae=1.7400]
    Epoch 132:  [avg_train_loss=3.4815, avg_seen_mae=1.6768, avg_unseen_mae=1.7400]
    Epoch 133:  [avg_train_loss=3.4815, avg_seen_mae=1.6768, avg_unseen_mae=1.7400]
    Epoch 134:  [avg_train_loss=3.4815, avg_seen_mae=1.6768, avg_unseen_mae=1.7400]
    Epoch 135:  [avg_train_loss=3.4815, avg_seen_mae=1.6768, avg_unseen_mae=1.7400]
    Epoch 136:  [avg_train_loss=3.4815, avg_seen_mae=1.6768, avg_unseen_mae=1.7400]
    Epoch 137:  [avg_train_loss=3.4815, avg_seen_mae=1.6768, avg_unseen_mae=1.7400]
    Epoch 138:  [avg_train_loss=3.4815, avg_seen_mae=1.6768, avg_unseen_mae=1.7400]
    Epoch 139:  [avg_train_loss=3.4815, avg_seen_mae=1.6768, avg_unseen_mae=1.7400]
    Epoch 140:  [avg_train_loss=3.4815, avg_seen_mae=1.6768, avg_unseen_mae=1.7400]
    Epoch 141:  [avg_train_loss=3.4815, avg_seen_mae=1.6768, avg_unseen_mae=1.7400]
    Epoch 142:  [avg_train_loss=3.4815, avg_seen_mae=1.6768, avg_unseen_mae=1.7400]
    Epoch 143:  [avg_train_loss=3.4815, avg_seen_mae=1.6768, avg_unseen_mae=1.7400]
    Epoch 144:  [avg_train_loss=3.4815, avg_seen_mae=1.6768, avg_unseen_mae=1.7400]
    Epoch 145:  [avg_train_loss=3.4815, avg_seen_mae=1.6768, avg_unseen_mae=1.7400]
    Epoch 146:  [avg_train_loss=3.4815, avg_seen_mae=1.6768, avg_unseen_mae=1.7400]
    Epoch 147:  [avg_train_loss=3.4815, avg_seen_mae=1.6768, avg_unseen_mae=1.7400]
    Epoch 148:  [avg_train_loss=3.4815, avg_seen_mae=1.6768, avg_unseen_mae=1.7400]
    Epoch 149:  [avg_train_loss=3.4815, avg_seen_mae=1.6768, avg_unseen_mae=1.7400]
    Epoch 150:  [avg_train_loss=3.4815, avg_seen_mae=1.6768, avg_unseen_mae=1.7400]
    Epoch 151:  [avg_train_loss=3.4815, avg_seen_mae=1.6768, avg_unseen_mae=1.7400]
    Epoch 152:  [avg_train_loss=3.4815, avg_seen_mae=1.6768, avg_unseen_mae=1.7400]
    Epoch 153:  [avg_train_loss=3.4815, avg_seen_mae=1.6768, avg_unseen_mae=1.7400]
    Epoch 154:  [avg_train_loss=3.4815, avg_seen_mae=1.6768, avg_unseen_mae=1.7400]
    Epoch 155:  [avg_train_loss=3.4815, avg_seen_mae=1.6768, avg_unseen_mae=1.7400]
    Epoch 156:  [avg_train_loss=3.4815, avg_seen_mae=1.6768, avg_unseen_mae=1.7400]
    Epoch 157:  [avg_train_loss=3.4815, avg_seen_mae=1.6768, avg_unseen_mae=1.7400]
    Epoch 158:  [avg_train_loss=3.4815, avg_seen_mae=1.6768, avg_unseen_mae=1.7400]
    Epoch 159:  [avg_train_loss=3.4815, avg_seen_mae=1.6768, avg_unseen_mae=1.7400]
    Epoch 160:  [avg_train_loss=3.4815, avg_seen_mae=1.6768, avg_unseen_mae=1.7400]
    Epoch 161:  [avg_train_loss=3.4815, avg_seen_mae=1.6768, avg_unseen_mae=1.7400]
    Epoch 162:  [avg_train_loss=3.4815, avg_seen_mae=1.6768, avg_unseen_mae=1.7400]
    Epoch 163:  [avg_train_loss=3.4815, avg_seen_mae=1.6768, avg_unseen_mae=1.7400]
    Epoch 164:  [avg_train_loss=3.4815, avg_seen_mae=1.6768, avg_unseen_mae=1.7400]
    Epoch 165:  [avg_train_loss=3.4815, avg_seen_mae=1.6768, avg_unseen_mae=1.7400]
    Epoch 166:  [avg_train_loss=3.4815, avg_seen_mae=1.6768, avg_unseen_mae=1.7400]
    Epoch 167:  [avg_train_loss=3.4815, avg_seen_mae=1.6768, avg_unseen_mae=1.7400]
    Epoch 168:  [avg_train_loss=3.4815, avg_seen_mae=1.6768, avg_unseen_mae=1.7400]
    Epoch 169:  [avg_train_loss=3.4815, avg_seen_mae=1.6768, avg_unseen_mae=1.7400]
    Epoch 170:  [avg_train_loss=3.4815, avg_seen_mae=1.6768, avg_unseen_mae=1.7400]
    Epoch 171:  [avg_train_loss=3.4815, avg_seen_mae=1.6768, avg_unseen_mae=1.7400]
    Epoch 172:  [avg_train_loss=3.4815, avg_seen_mae=1.6768, avg_unseen_mae=1.7400]
    Epoch 173:  [avg_train_loss=3.4815, avg_seen_mae=1.6768, avg_unseen_mae=1.7400]
    Epoch 174:  [avg_train_loss=3.4815, avg_seen_mae=1.6768, avg_unseen_mae=1.7400]
    Epoch 175:  [avg_train_loss=3.4815, avg_seen_mae=1.6768, avg_unseen_mae=1.7400]
    Epoch 176:  [avg_train_loss=3.4815, avg_seen_mae=1.6768, avg_unseen_mae=1.7400]
    Epoch 177:  [avg_train_loss=3.4815, avg_seen_mae=1.6768, avg_unseen_mae=1.7400]
    Epoch 178:  [avg_train_loss=3.4815, avg_seen_mae=1.6768, avg_unseen_mae=1.7400]
    Epoch 179:  [avg_train_loss=3.4815, avg_seen_mae=1.6768, avg_unseen_mae=1.7400]
    Epoch 180:  [avg_train_loss=3.4815, avg_seen_mae=1.6768, avg_unseen_mae=1.7400]
    Epoch 181:  [avg_train_loss=3.4815, avg_seen_mae=1.6768, avg_unseen_mae=1.7400]
    Epoch 182:  [avg_train_loss=3.4815, avg_seen_mae=1.6768, avg_unseen_mae=1.7400]
    Epoch 183:  [avg_train_loss=3.4815, avg_seen_mae=1.6768, avg_unseen_mae=1.7400]
    Epoch 184:  [avg_train_loss=3.4815, avg_seen_mae=1.6768, avg_unseen_mae=1.7400]
    Epoch 185:  [avg_train_loss=3.4815, avg_seen_mae=1.6768, avg_unseen_mae=1.7400]
    Epoch 186:  [avg_train_loss=3.4815, avg_seen_mae=1.6768, avg_unseen_mae=1.7400]
    Epoch 187:  [avg_train_loss=3.4815, avg_seen_mae=1.6768, avg_unseen_mae=1.7400]
    Epoch 188:  [avg_train_loss=3.4815, avg_seen_mae=1.6768, avg_unseen_mae=1.7400]
    Epoch 189:  [avg_train_loss=3.4815, avg_seen_mae=1.6768, avg_unseen_mae=1.7400]
    Epoch 190:  [avg_train_loss=3.4815, avg_seen_mae=1.6768, avg_unseen_mae=1.7400]
    Epoch 191:  [avg_train_loss=3.4815, avg_seen_mae=1.6768, avg_unseen_mae=1.7400]
    Epoch 192:  [avg_train_loss=3.4815, avg_seen_mae=1.6768, avg_unseen_mae=1.7400]
    Epoch 193:  [avg_train_loss=3.4815, avg_seen_mae=1.6768, avg_unseen_mae=1.7400]
    Epoch 194:  [avg_train_loss=3.4815, avg_seen_mae=1.6768, avg_unseen_mae=1.7400]
    Epoch 195:  [avg_train_loss=3.4815, avg_seen_mae=1.6768, avg_unseen_mae=1.7400]
    Epoch 196:  [avg_train_loss=3.4815, avg_seen_mae=1.6768, avg_unseen_mae=1.7400]
    Epoch 197:  [avg_train_loss=3.4815, avg_seen_mae=1.6768, avg_unseen_mae=1.7400]
    Epoch 198:  [avg_train_loss=3.4815, avg_seen_mae=1.6768, avg_unseen_mae=1.7400]
    Epoch 199:  [avg_train_loss=3.4815, avg_seen_mae=1.6768, avg_unseen_mae=1.7400]
    Epoch 200:  [avg_train_loss=3.4815, avg_seen_mae=1.6768, avg_unseen_mae=1.7400]
    Epoch 201:  [avg_train_loss=3.4815, avg_seen_mae=1.6768, avg_unseen_mae=1.7400]
    Epoch 202:  [avg_train_loss=3.4815, avg_seen_mae=1.6768, avg_unseen_mae=1.7400]
    Epoch 203:  [avg_train_loss=3.4815, avg_seen_mae=1.6768, avg_unseen_mae=1.7400]
    Epoch 204:  [avg_train_loss=3.4815, avg_seen_mae=1.6768, avg_unseen_mae=1.7400]
    Epoch 205:  [avg_train_loss=3.4815, avg_seen_mae=1.6768, avg_unseen_mae=1.7400]
    Epoch 206:  [avg_train_loss=3.4815, avg_seen_mae=1.6768, avg_unseen_mae=1.7400]
    Epoch 207:  [avg_train_loss=3.4815, avg_seen_mae=1.6768, avg_unseen_mae=1.7400]
    Epoch 208:  [avg_train_loss=3.4815, avg_seen_mae=1.6768, avg_unseen_mae=1.7400]
    Epoch 209:  [avg_train_loss=3.4815, avg_seen_mae=1.6768, avg_unseen_mae=1.7400]
    Epoch 210:  [avg_train_loss=3.4815, avg_seen_mae=1.6768, avg_unseen_mae=1.7400]
    Epoch 211:  [avg_train_loss=3.4815, avg_seen_mae=1.6768, avg_unseen_mae=1.7400]
    Epoch 212:  [avg_train_loss=3.4815, avg_seen_mae=1.6768, avg_unseen_mae=1.7400]
    Epoch 213:  [avg_train_loss=3.4815, avg_seen_mae=1.6768, avg_unseen_mae=1.7400]
    Epoch 214:  [avg_train_loss=3.4815, avg_seen_mae=1.6768, avg_unseen_mae=1.7400]
    Epoch 215:  [avg_train_loss=3.4815, avg_seen_mae=1.6768, avg_unseen_mae=1.7400]
    Epoch 216:  [avg_train_loss=3.4815, avg_seen_mae=1.6768, avg_unseen_mae=1.7400]
    Epoch 217:  [avg_train_loss=3.4815, avg_seen_mae=1.6768, avg_unseen_mae=1.7400]
    Epoch 218:  [avg_train_loss=3.4815, avg_seen_mae=1.6768, avg_unseen_mae=1.7400]
    Epoch 219:  [avg_train_loss=3.4815, avg_seen_mae=1.6768, avg_unseen_mae=1.7400]
    Epoch 220:  [avg_train_loss=3.4815, avg_seen_mae=1.6768, avg_unseen_mae=1.7400]
    Epoch 221:  [avg_train_loss=3.4815, avg_seen_mae=1.6768, avg_unseen_mae=1.7400]
    Epoch 222:  [avg_train_loss=3.4815, avg_seen_mae=1.6768, avg_unseen_mae=1.7400]
    Epoch 223:  [avg_train_loss=3.4815, avg_seen_mae=1.6768, avg_unseen_mae=1.7400]
    Epoch 224:  [avg_train_loss=3.4815, avg_seen_mae=1.6768, avg_unseen_mae=1.7400]
    Epoch 225:  [avg_train_loss=3.4815, avg_seen_mae=1.6768, avg_unseen_mae=1.7400]
    Epoch 226:  [avg_train_loss=3.4815, avg_seen_mae=1.6768, avg_unseen_mae=1.7400]
    Epoch 227:  [avg_train_loss=3.4815, avg_seen_mae=1.6768, avg_unseen_mae=1.7400]
    Epoch 228:  [avg_train_loss=3.4815, avg_seen_mae=1.6768, avg_unseen_mae=1.7400]
    Epoch 229:  [avg_train_loss=3.4815, avg_seen_mae=1.6768, avg_unseen_mae=1.7400]
    Epoch 230:  [avg_train_loss=3.4815, avg_seen_mae=1.6768, avg_unseen_mae=1.7400]
    Epoch 231:  [avg_train_loss=3.4815, avg_seen_mae=1.6768, avg_unseen_mae=1.7400]
    Epoch 232:  [avg_train_loss=3.4815, avg_seen_mae=1.6768, avg_unseen_mae=1.7400]
    Epoch 233:  [avg_train_loss=3.4815, avg_seen_mae=1.6768, avg_unseen_mae=1.7400]
    Epoch 234:  [avg_train_loss=3.4815, avg_seen_mae=1.6768, avg_unseen_mae=1.7400]
    Epoch 235:  [avg_train_loss=3.4815, avg_seen_mae=1.6768, avg_unseen_mae=1.7400]
    Epoch 236:  [avg_train_loss=3.4815, avg_seen_mae=1.6768, avg_unseen_mae=1.7400]
    Epoch 237:  [avg_train_loss=3.4815, avg_seen_mae=1.6768, avg_unseen_mae=1.7400]
    Epoch 238:  [avg_train_loss=3.4815, avg_seen_mae=1.6768, avg_unseen_mae=1.7400]
    Epoch 239:  [avg_train_loss=3.4815, avg_seen_mae=1.6768, avg_unseen_mae=1.7400]
    Epoch 240:  [avg_train_loss=3.4815, avg_seen_mae=1.6768, avg_unseen_mae=1.7400]
    Epoch 241:  [avg_train_loss=3.4815, avg_seen_mae=1.6768, avg_unseen_mae=1.7400]
    Epoch 242:  [avg_train_loss=3.4815, avg_seen_mae=1.6768, avg_unseen_mae=1.7400]
    Epoch 243:  [avg_train_loss=3.4815, avg_seen_mae=1.6768, avg_unseen_mae=1.7400]
    Epoch 244:  [avg_train_loss=3.4815, avg_seen_mae=1.6768, avg_unseen_mae=1.7400]
    Epoch 245:  [avg_train_loss=3.4815, avg_seen_mae=1.6768, avg_unseen_mae=1.7400]
    Epoch 246:  [avg_train_loss=3.4815, avg_seen_mae=1.6768, avg_unseen_mae=1.7400]
    Epoch 247:  [avg_train_loss=3.4815, avg_seen_mae=1.6768, avg_unseen_mae=1.7400]
    Epoch 248:  [avg_train_loss=3.4815, avg_seen_mae=1.6768, avg_unseen_mae=1.7400]
    Epoch 249:  [avg_train_loss=3.4815, avg_seen_mae=1.6768, avg_unseen_mae=1.7400]
    Epoch 250:  [avg_train_loss=3.4815, avg_seen_mae=1.6768, avg_unseen_mae=1.7400]
    Epoch 251:  [avg_train_loss=3.4815, avg_seen_mae=1.6768, avg_unseen_mae=1.7400]
    Epoch 252:  [avg_train_loss=3.4815, avg_seen_mae=1.6768, avg_unseen_mae=1.7400]
    Epoch 253:  [avg_train_loss=3.4815, avg_seen_mae=1.6768, avg_unseen_mae=1.7400]
    Epoch 254:  [avg_train_loss=3.4815, avg_seen_mae=1.6768, avg_unseen_mae=1.7400]
    Epoch 255:  [avg_train_loss=3.4815, avg_seen_mae=1.6768, avg_unseen_mae=1.7400]
    Epoch 256:  [avg_train_loss=3.4815, avg_seen_mae=1.6768, avg_unseen_mae=1.7400]
    Epoch 257:  [avg_train_loss=3.4815, avg_seen_mae=1.6768, avg_unseen_mae=1.7400]
    Epoch 258:  [avg_train_loss=3.4815, avg_seen_mae=1.6768, avg_unseen_mae=1.7400]
    Epoch 259:  [avg_train_loss=3.4815, avg_seen_mae=1.6768, avg_unseen_mae=1.7400]
    Epoch 260:  [avg_train_loss=3.4815, avg_seen_mae=1.6768, avg_unseen_mae=1.7400]
    Epoch 261:  [avg_train_loss=3.4815, avg_seen_mae=1.6768, avg_unseen_mae=1.7400]
    Epoch 262:  [avg_train_loss=3.4815, avg_seen_mae=1.6768, avg_unseen_mae=1.7400]
    Epoch 263:  [avg_train_loss=3.4815, avg_seen_mae=1.6768, avg_unseen_mae=1.7400]
    Epoch 264:  [avg_train_loss=3.4815, avg_seen_mae=1.6768, avg_unseen_mae=1.7400]
    Epoch 265:  [avg_train_loss=3.4815, avg_seen_mae=1.6768, avg_unseen_mae=1.7400]
    Epoch 266:  [avg_train_loss=3.4815, avg_seen_mae=1.6768, avg_unseen_mae=1.7400]
    Epoch 267:  [avg_train_loss=3.4815, avg_seen_mae=1.6768, avg_unseen_mae=1.7400]
    Epoch 268:  [avg_train_loss=3.4815, avg_seen_mae=1.6768, avg_unseen_mae=1.7400]
    Epoch 269:  [avg_train_loss=3.4815, avg_seen_mae=1.6768, avg_unseen_mae=1.7400]
    Epoch 270:  [avg_train_loss=3.4815, avg_seen_mae=1.6768, avg_unseen_mae=1.7400]
    Epoch 271:  [avg_train_loss=3.4815, avg_seen_mae=1.6768, avg_unseen_mae=1.7400]
    Epoch 272:  [avg_train_loss=3.4815, avg_seen_mae=1.6768, avg_unseen_mae=1.7400]
    Epoch 273:  [avg_train_loss=3.4815, avg_seen_mae=1.6768, avg_unseen_mae=1.7400]
    Epoch 274:  [avg_train_loss=3.4815, avg_seen_mae=1.6768, avg_unseen_mae=1.7400]
    Epoch 275:  [avg_train_loss=3.4815, avg_seen_mae=1.6768, avg_unseen_mae=1.7400]
    Epoch 276:  [avg_train_loss=3.4815, avg_seen_mae=1.6768, avg_unseen_mae=1.7400]
    Epoch 277:  [avg_train_loss=3.4815, avg_seen_mae=1.6768, avg_unseen_mae=1.7400]
    Epoch 278:  [avg_train_loss=3.4815, avg_seen_mae=1.6768, avg_unseen_mae=1.7400]
    Epoch 279:  [avg_train_loss=3.4815, avg_seen_mae=1.6768, avg_unseen_mae=1.7400]
    Epoch 280:  [avg_train_loss=3.4815, avg_seen_mae=1.6768, avg_unseen_mae=1.7400]
    Epoch 281:  [avg_train_loss=3.4815, avg_seen_mae=1.6768, avg_unseen_mae=1.7400]
    Epoch 282:  [avg_train_loss=3.4815, avg_seen_mae=1.6768, avg_unseen_mae=1.7400]
    Epoch 283:  [avg_train_loss=3.4815, avg_seen_mae=1.6768, avg_unseen_mae=1.7400]
    Epoch 284:  [avg_train_loss=3.4815, avg_seen_mae=1.6768, avg_unseen_mae=1.7400]
    Epoch 285:  [avg_train_loss=3.4815, avg_seen_mae=1.6768, avg_unseen_mae=1.7400]
    Epoch 286:  [avg_train_loss=3.4815, avg_seen_mae=1.6768, avg_unseen_mae=1.7400]
    Epoch 287:  [avg_train_loss=3.4815, avg_seen_mae=1.6768, avg_unseen_mae=1.7400]
    Epoch 288:  [avg_train_loss=3.4815, avg_seen_mae=1.6768, avg_unseen_mae=1.7400]
    Epoch 289:  [avg_train_loss=3.4815, avg_seen_mae=1.6768, avg_unseen_mae=1.7400]
    Epoch 290:  [avg_train_loss=3.4815, avg_seen_mae=1.6768, avg_unseen_mae=1.7400]
    Epoch 291:  [avg_train_loss=3.4815, avg_seen_mae=1.6768, avg_unseen_mae=1.7400]
    Epoch 292:  [avg_train_loss=3.4815, avg_seen_mae=1.6768, avg_unseen_mae=1.7400]
    Epoch 293:  [avg_train_loss=3.4815, avg_seen_mae=1.6768, avg_unseen_mae=1.7400]
    Epoch 294:  [avg_train_loss=3.4815, avg_seen_mae=1.6768, avg_unseen_mae=1.7400]
    Epoch 295:  [avg_train_loss=3.4815, avg_seen_mae=1.6768, avg_unseen_mae=1.7400]
    Epoch 296:  [avg_train_loss=3.4815, avg_seen_mae=1.6768, avg_unseen_mae=1.7400]
    Epoch 297:  [avg_train_loss=3.4815, avg_seen_mae=1.6768, avg_unseen_mae=1.7400]
    Epoch 298:  [avg_train_loss=3.4815, avg_seen_mae=1.6768, avg_unseen_mae=1.7400]
    Epoch 299:  [avg_train_loss=3.4815, avg_seen_mae=1.6768, avg_unseen_mae=1.7400]
    Epoch 300:  [avg_train_loss=3.4815, avg_seen_mae=1.6768, avg_unseen_mae=1.7400]
    Epoch 301:  [avg_train_loss=3.4815, avg_seen_mae=1.6768, avg_unseen_mae=1.7400]
    Epoch 302:  [avg_train_loss=3.4815, avg_seen_mae=1.6768, avg_unseen_mae=1.7400]
    Epoch 303:  [avg_train_loss=3.4815, avg_seen_mae=1.6768, avg_unseen_mae=1.7400]
    Epoch 304:  [avg_train_loss=3.4815, avg_seen_mae=1.6768, avg_unseen_mae=1.7400]
    Epoch 305:  [avg_train_loss=3.4815, avg_seen_mae=1.6768, avg_unseen_mae=1.7400]
    Epoch 306:  [avg_train_loss=3.4815, avg_seen_mae=1.6768, avg_unseen_mae=1.7400]
    Epoch 307:  [avg_train_loss=3.4815, avg_seen_mae=1.6768, avg_unseen_mae=1.7400]
    Epoch 308:  [avg_train_loss=3.4815, avg_seen_mae=1.6768, avg_unseen_mae=1.7400]
    Epoch 309:  [avg_train_loss=3.4815, avg_seen_mae=1.6768, avg_unseen_mae=1.7400]
    Epoch 310:  [avg_train_loss=3.4815, avg_seen_mae=1.6768, avg_unseen_mae=1.7400]
    Epoch 311:  [avg_train_loss=3.4815, avg_seen_mae=1.6768, avg_unseen_mae=1.7400]
    Epoch 312:  [avg_train_loss=3.4815, avg_seen_mae=1.6768, avg_unseen_mae=1.7400]
    Epoch 313:  [avg_train_loss=3.4815, avg_seen_mae=1.6768, avg_unseen_mae=1.7400]
    Epoch 314:  [avg_train_loss=3.4815, avg_seen_mae=1.6768, avg_unseen_mae=1.7400]
    Epoch 315:  [avg_train_loss=3.4815, avg_seen_mae=1.6768, avg_unseen_mae=1.7400]
    Epoch 316:  [avg_train_loss=3.4815, avg_seen_mae=1.6768, avg_unseen_mae=1.7400]
    Epoch 317:  [avg_train_loss=3.4815, avg_seen_mae=1.6768, avg_unseen_mae=1.7400]
    Epoch 318:  [avg_train_loss=3.4815, avg_seen_mae=1.6768, avg_unseen_mae=1.7400]
    Epoch 319:  [avg_train_loss=3.4815, avg_seen_mae=1.6768, avg_unseen_mae=1.7400]
    Epoch 320:  [avg_train_loss=3.4815, avg_seen_mae=1.6768, avg_unseen_mae=1.7400]
    Epoch 321:  [avg_train_loss=3.4815, avg_seen_mae=1.6768, avg_unseen_mae=1.7400]
    Epoch 322:  [avg_train_loss=3.4815, avg_seen_mae=1.6768, avg_unseen_mae=1.7400]
    Epoch 323:  [avg_train_loss=3.4815, avg_seen_mae=1.6768, avg_unseen_mae=1.7400]
    Epoch 324:  [avg_train_loss=3.4815, avg_seen_mae=1.6768, avg_unseen_mae=1.7400]
    Epoch 325:  [avg_train_loss=3.4815, avg_seen_mae=1.6768, avg_unseen_mae=1.7400]
    Epoch 326:  [avg_train_loss=3.4815, avg_seen_mae=1.6768, avg_unseen_mae=1.7400]
    Epoch 327:  [avg_train_loss=3.4815, avg_seen_mae=1.6768, avg_unseen_mae=1.7400]
    Epoch 328:  [avg_train_loss=3.4815, avg_seen_mae=1.6768, avg_unseen_mae=1.7400]
    Epoch 329:  [avg_train_loss=3.4815, avg_seen_mae=1.6768, avg_unseen_mae=1.7400]
    Epoch 330:  [avg_train_loss=3.4815, avg_seen_mae=1.6768, avg_unseen_mae=1.7400]
    Epoch 331:  [avg_train_loss=3.4815, avg_seen_mae=1.6768, avg_unseen_mae=1.7400]
    Epoch 332:  [avg_train_loss=3.4815, avg_seen_mae=1.6768, avg_unseen_mae=1.7400]
    Epoch 333:  [avg_train_loss=3.4815, avg_seen_mae=1.6768, avg_unseen_mae=1.7400]
    Epoch 334:  [avg_train_loss=3.4815, avg_seen_mae=1.6768, avg_unseen_mae=1.7400]
    Epoch 335:  [avg_train_loss=3.4815, avg_seen_mae=1.6768, avg_unseen_mae=1.7400]
    Epoch 336:  [avg_train_loss=3.4815, avg_seen_mae=1.6768, avg_unseen_mae=1.7400]
    Epoch 337:  [avg_train_loss=3.4815, avg_seen_mae=1.6768, avg_unseen_mae=1.7400]
    Epoch 338:  [avg_train_loss=3.4815, avg_seen_mae=1.6768, avg_unseen_mae=1.7400]
    Epoch 339:  [avg_train_loss=3.4815, avg_seen_mae=1.6768, avg_unseen_mae=1.7400]
    Epoch 340:  [avg_train_loss=3.4815, avg_seen_mae=1.6768, avg_unseen_mae=1.7400]
    Epoch 341:  [avg_train_loss=3.4815, avg_seen_mae=1.6768, avg_unseen_mae=1.7400]
    Epoch 342:  [avg_train_loss=3.4815, avg_seen_mae=1.6768, avg_unseen_mae=1.7400]
    Epoch 343:  [avg_train_loss=3.4815, avg_seen_mae=1.6768, avg_unseen_mae=1.7400]
    Epoch 344:  [avg_train_loss=3.4815, avg_seen_mae=1.6768, avg_unseen_mae=1.7400]
    Epoch 345:  [avg_train_loss=3.4815, avg_seen_mae=1.6768, avg_unseen_mae=1.7400]
    Epoch 346:  [avg_train_loss=3.4815, avg_seen_mae=1.6768, avg_unseen_mae=1.7400]
    Epoch 347:  [avg_train_loss=3.4815, avg_seen_mae=1.6768, avg_unseen_mae=1.7400]
    Epoch 348:  [avg_train_loss=3.4815, avg_seen_mae=1.6768, avg_unseen_mae=1.7400]
    Epoch 349:  [avg_train_loss=3.4815, avg_seen_mae=1.6768, avg_unseen_mae=1.7400]
    Epoch 350:  [avg_train_loss=3.4815, avg_seen_mae=1.6768, avg_unseen_mae=1.7400]
    Epoch 351:  [avg_train_loss=3.4815, avg_seen_mae=1.6768, avg_unseen_mae=1.7400]
    Epoch 352:  [avg_train_loss=3.4815, avg_seen_mae=1.6768, avg_unseen_mae=1.7400]
    Epoch 353:  [avg_train_loss=3.4815, avg_seen_mae=1.6768, avg_unseen_mae=1.7400]
    Epoch 354:  [avg_train_loss=3.4815, avg_seen_mae=1.6768, avg_unseen_mae=1.7400]
    Epoch 355:  [avg_train_loss=3.4815, avg_seen_mae=1.6768, avg_unseen_mae=1.7400]
    Epoch 356:  [avg_train_loss=3.4815, avg_seen_mae=1.6768, avg_unseen_mae=1.7400]
    Epoch 357:  [avg_train_loss=3.4815, avg_seen_mae=1.6768, avg_unseen_mae=1.7400]
    Epoch 358:  [avg_train_loss=3.4815, avg_seen_mae=1.6768, avg_unseen_mae=1.7400]
    Epoch 359:  [avg_train_loss=3.4815, avg_seen_mae=1.6768, avg_unseen_mae=1.7400]
    Epoch 360:  [avg_train_loss=3.4815, avg_seen_mae=1.6768, avg_unseen_mae=1.7400]
    Epoch 361:  [avg_train_loss=3.4815, avg_seen_mae=1.6768, avg_unseen_mae=1.7400]
    Epoch 362:  [avg_train_loss=3.4815, avg_seen_mae=1.6768, avg_unseen_mae=1.7400]
    Epoch 363:  [avg_train_loss=3.4815, avg_seen_mae=1.6768, avg_unseen_mae=1.7400]
    Epoch 364:  [avg_train_loss=3.4815, avg_seen_mae=1.6768, avg_unseen_mae=1.7400]
    Epoch 365:  [avg_train_loss=3.4815, avg_seen_mae=1.6768, avg_unseen_mae=1.7400]
    Epoch 366:  [avg_train_loss=3.4815, avg_seen_mae=1.6768, avg_unseen_mae=1.7400]
    Epoch 367:  [avg_train_loss=3.4815, avg_seen_mae=1.6768, avg_unseen_mae=1.7400]
    Epoch 368:  [avg_train_loss=3.4815, avg_seen_mae=1.6768, avg_unseen_mae=1.7400]
    Epoch 369:  [avg_train_loss=3.4815, avg_seen_mae=1.6768, avg_unseen_mae=1.7400]
    Epoch 370:  [avg_train_loss=3.4815, avg_seen_mae=1.6768, avg_unseen_mae=1.7400]
    Epoch 371:  [avg_train_loss=3.4815, avg_seen_mae=1.6768, avg_unseen_mae=1.7400]
    Epoch 372:  [avg_train_loss=3.4815, avg_seen_mae=1.6768, avg_unseen_mae=1.7400]
    Epoch 373:  [avg_train_loss=3.4815, avg_seen_mae=1.6768, avg_unseen_mae=1.7400]
    Epoch 374:  [avg_train_loss=3.4815, avg_seen_mae=1.6768, avg_unseen_mae=1.7400]
    Epoch 375:  [avg_train_loss=3.4815, avg_seen_mae=1.6768, avg_unseen_mae=1.7400]
    Epoch 376:  [avg_train_loss=3.4815, avg_seen_mae=1.6768, avg_unseen_mae=1.7400]
    Epoch 377:  [avg_train_loss=3.4815, avg_seen_mae=1.6768, avg_unseen_mae=1.7400]
    Epoch 378:  [avg_train_loss=3.4815, avg_seen_mae=1.6768, avg_unseen_mae=1.7400]
    Epoch 379:  [avg_train_loss=3.4815, avg_seen_mae=1.6768, avg_unseen_mae=1.7400]
    Epoch 380:  [avg_train_loss=3.4815, avg_seen_mae=1.6768, avg_unseen_mae=1.7400]
    Epoch 381:  [avg_train_loss=3.4815, avg_seen_mae=1.6768, avg_unseen_mae=1.7400]
    Epoch 382:  [avg_train_loss=3.4815, avg_seen_mae=1.6768, avg_unseen_mae=1.7400]
    Epoch 383:  [avg_train_loss=3.4815, avg_seen_mae=1.6768, avg_unseen_mae=1.7400]
    Epoch 384:  [avg_train_loss=3.4815, avg_seen_mae=1.6768, avg_unseen_mae=1.7400]
    Epoch 385:  [avg_train_loss=3.4815, avg_seen_mae=1.6768, avg_unseen_mae=1.7400]
    Epoch 386:  [avg_train_loss=3.4815, avg_seen_mae=1.6768, avg_unseen_mae=1.7400]
    Epoch 387:  [avg_train_loss=3.4815, avg_seen_mae=1.6768, avg_unseen_mae=1.7400]
    Epoch 388:  [avg_train_loss=3.4815, avg_seen_mae=1.6768, avg_unseen_mae=1.7400]
    Epoch 389:  [avg_train_loss=3.4815, avg_seen_mae=1.6768, avg_unseen_mae=1.7400]
    Epoch 390:  [avg_train_loss=3.4815, avg_seen_mae=1.6768, avg_unseen_mae=1.7400]
    Epoch 391:  [avg_train_loss=3.4815, avg_seen_mae=1.6768, avg_unseen_mae=1.7400]
    Epoch 392:  [avg_train_loss=3.4815, avg_seen_mae=1.6768, avg_unseen_mae=1.7400]
    Epoch 393:  [avg_train_loss=3.4815, avg_seen_mae=1.6768, avg_unseen_mae=1.7400]
    Epoch 394:  [avg_train_loss=3.4815, avg_seen_mae=1.6768, avg_unseen_mae=1.7400]
    Epoch 395:  [avg_train_loss=3.4815, avg_seen_mae=1.6768, avg_unseen_mae=1.7400]
    Epoch 396:  [avg_train_loss=3.4815, avg_seen_mae=1.6768, avg_unseen_mae=1.7400]
    Epoch 397:  [avg_train_loss=3.4815, avg_seen_mae=1.6768, avg_unseen_mae=1.7400]
    Epoch 398:  [avg_train_loss=3.4815, avg_seen_mae=1.6768, avg_unseen_mae=1.7400]
    Epoch 399:  [avg_train_loss=3.4815, avg_seen_mae=1.6768, avg_unseen_mae=1.7400]
    Epoch 400:  [avg_train_loss=3.4815, avg_seen_mae=1.6768, avg_unseen_mae=1.7400]
    Epoch 401:  [avg_train_loss=3.4815, avg_seen_mae=1.6768, avg_unseen_mae=1.7400]
    Epoch 402:  [avg_train_loss=3.4815, avg_seen_mae=1.6768, avg_unseen_mae=1.7400]
    Epoch 403:  [avg_train_loss=3.4815, avg_seen_mae=1.6768, avg_unseen_mae=1.7400]
    Epoch 404:  [avg_train_loss=3.4815, avg_seen_mae=1.6768, avg_unseen_mae=1.7400]
    Epoch 405:  [avg_train_loss=3.4815, avg_seen_mae=1.6768, avg_unseen_mae=1.7400]
    Epoch 406:  [avg_train_loss=3.4815, avg_seen_mae=1.6768, avg_unseen_mae=1.7400]
    Epoch 407:  [avg_train_loss=3.4815, avg_seen_mae=1.6768, avg_unseen_mae=1.7400]
    Epoch 408:  [avg_train_loss=3.4815, avg_seen_mae=1.6768, avg_unseen_mae=1.7400]
    Epoch 409:  [avg_train_loss=3.4815, avg_seen_mae=1.6768, avg_unseen_mae=1.7400]
    Epoch 410:  [avg_train_loss=3.4815, avg_seen_mae=1.6768, avg_unseen_mae=1.7400]
    Epoch 411:  [avg_train_loss=3.4815, avg_seen_mae=1.6768, avg_unseen_mae=1.7400]
    Epoch 412:  [avg_train_loss=3.4815, avg_seen_mae=1.6768, avg_unseen_mae=1.7400]
    Epoch 413:  [avg_train_loss=3.4815, avg_seen_mae=1.6768, avg_unseen_mae=1.7400]
    Epoch 414:  [avg_train_loss=3.4815, avg_seen_mae=1.6768, avg_unseen_mae=1.7400]
    Epoch 415:  [avg_train_loss=3.4815, avg_seen_mae=1.6768, avg_unseen_mae=1.7400]
    Epoch 416:  [avg_train_loss=3.4815, avg_seen_mae=1.6768, avg_unseen_mae=1.7400]
    Epoch 417:  [avg_train_loss=3.4815, avg_seen_mae=1.6768, avg_unseen_mae=1.7400]
    Epoch 418:  [avg_train_loss=3.4815, avg_seen_mae=1.6768, avg_unseen_mae=1.7400]
    Epoch 419:  [avg_train_loss=3.4815, avg_seen_mae=1.6768, avg_unseen_mae=1.7400]
    Epoch 420:  [avg_train_loss=3.4815, avg_seen_mae=1.6768, avg_unseen_mae=1.7400]
    Epoch 421:  [avg_train_loss=3.4815, avg_seen_mae=1.6768, avg_unseen_mae=1.7400]
    Epoch 422:  [avg_train_loss=3.4815, avg_seen_mae=1.6768, avg_unseen_mae=1.7400]
    Epoch 423:  [avg_train_loss=3.4815, avg_seen_mae=1.6768, avg_unseen_mae=1.7400]
    Epoch 424:  [avg_train_loss=3.4815, avg_seen_mae=1.6768, avg_unseen_mae=1.7400]
    Epoch 425:  [avg_train_loss=3.4815, avg_seen_mae=1.6768, avg_unseen_mae=1.7400]
    Epoch 426:  [avg_train_loss=3.4815, avg_seen_mae=1.6768, avg_unseen_mae=1.7400]
    Epoch 427:  [avg_train_loss=3.4815, avg_seen_mae=1.6768, avg_unseen_mae=1.7400]
    Epoch 428:  [avg_train_loss=3.4815, avg_seen_mae=1.6768, avg_unseen_mae=1.7400]
    Epoch 429:  [avg_train_loss=3.4815, avg_seen_mae=1.6768, avg_unseen_mae=1.7400]
    Epoch 430:  [avg_train_loss=3.4815, avg_seen_mae=1.6768, avg_unseen_mae=1.7400]
    Epoch 431:  [avg_train_loss=3.4815, avg_seen_mae=1.6768, avg_unseen_mae=1.7400]
    Epoch 432:  [avg_train_loss=3.4815, avg_seen_mae=1.6768, avg_unseen_mae=1.7400]
    Epoch 433:  [avg_train_loss=3.4815, avg_seen_mae=1.6768, avg_unseen_mae=1.7400]
    Epoch 434:  [avg_train_loss=3.4815, avg_seen_mae=1.6768, avg_unseen_mae=1.7400]
    Epoch 435:  [avg_train_loss=3.4815, avg_seen_mae=1.6768, avg_unseen_mae=1.7400]
    Epoch 436:  [avg_train_loss=3.4815, avg_seen_mae=1.6768, avg_unseen_mae=1.7400]
    Epoch 437:  [avg_train_loss=3.4815, avg_seen_mae=1.6768, avg_unseen_mae=1.7400]
    Epoch 438:  [avg_train_loss=3.4815, avg_seen_mae=1.6768, avg_unseen_mae=1.7400]
    Epoch 439:  [avg_train_loss=3.4815, avg_seen_mae=1.6768, avg_unseen_mae=1.7400]
    Epoch 440:  [avg_train_loss=3.4815, avg_seen_mae=1.6768, avg_unseen_mae=1.7400]
    Epoch 441:  [avg_train_loss=3.4815, avg_seen_mae=1.6768, avg_unseen_mae=1.7400]
    Epoch 442:  [avg_train_loss=3.4815, avg_seen_mae=1.6768, avg_unseen_mae=1.7400]
    Epoch 443:  [avg_train_loss=3.4815, avg_seen_mae=1.6768, avg_unseen_mae=1.7400]
    Epoch 444:  [avg_train_loss=3.4815, avg_seen_mae=1.6768, avg_unseen_mae=1.7400]
    Epoch 445:  [avg_train_loss=3.4815, avg_seen_mae=1.6768, avg_unseen_mae=1.7400]
    Epoch 446:  [avg_train_loss=3.4815, avg_seen_mae=1.6768, avg_unseen_mae=1.7400]
    Epoch 447:  [avg_train_loss=3.4815, avg_seen_mae=1.6768, avg_unseen_mae=1.7400]
    Epoch 448:  [avg_train_loss=3.4815, avg_seen_mae=1.6768, avg_unseen_mae=1.7400]
    Epoch 449:  [avg_train_loss=3.4815, avg_seen_mae=1.6768, avg_unseen_mae=1.7400]
    Epoch 450:  [avg_train_loss=3.4815, avg_seen_mae=1.6768, avg_unseen_mae=1.7400]
    Epoch 451:  [avg_train_loss=3.4815, avg_seen_mae=1.6768, avg_unseen_mae=1.7400]
    Epoch 452:  [avg_train_loss=3.4815, avg_seen_mae=1.6768, avg_unseen_mae=1.7400]
    Epoch 453:  [avg_train_loss=3.4815, avg_seen_mae=1.6768, avg_unseen_mae=1.7400]
    Epoch 454:  [avg_train_loss=3.4815, avg_seen_mae=1.6768, avg_unseen_mae=1.7400]
    Epoch 455:  [avg_train_loss=3.4815, avg_seen_mae=1.6768, avg_unseen_mae=1.7400]
    Epoch 456:  [avg_train_loss=3.4815, avg_seen_mae=1.6768, avg_unseen_mae=1.7400]
    Epoch 457:  [avg_train_loss=3.4815, avg_seen_mae=1.6768, avg_unseen_mae=1.7400]
    Epoch 458:  [avg_train_loss=3.4815, avg_seen_mae=1.6768, avg_unseen_mae=1.7400]
    Epoch 459:  [avg_train_loss=3.4815, avg_seen_mae=1.6768, avg_unseen_mae=1.7400]
    Epoch 460:  [avg_train_loss=3.4815, avg_seen_mae=1.6768, avg_unseen_mae=1.7400]
    Epoch 461:  [avg_train_loss=3.4815, avg_seen_mae=1.6768, avg_unseen_mae=1.7400]
    Epoch 462:  [avg_train_loss=3.4815, avg_seen_mae=1.6768, avg_unseen_mae=1.7400]
    Epoch 463:  [avg_train_loss=3.4815, avg_seen_mae=1.6768, avg_unseen_mae=1.7400]
    Epoch 464:  [avg_train_loss=3.4815, avg_seen_mae=1.6768, avg_unseen_mae=1.7400]
    Epoch 465:  [avg_train_loss=3.4815, avg_seen_mae=1.6768, avg_unseen_mae=1.7400]
    Epoch 466:  [avg_train_loss=3.4815, avg_seen_mae=1.6768, avg_unseen_mae=1.7400]
    Epoch 467:  [avg_train_loss=3.4815, avg_seen_mae=1.6768, avg_unseen_mae=1.7400]
    Epoch 468:  [avg_train_loss=3.4815, avg_seen_mae=1.6768, avg_unseen_mae=1.7400]
    Epoch 469:  [avg_train_loss=3.4815, avg_seen_mae=1.6768, avg_unseen_mae=1.7400]
    Epoch 470:  [avg_train_loss=3.4815, avg_seen_mae=1.6768, avg_unseen_mae=1.7400]
    Epoch 471:  [avg_train_loss=3.4815, avg_seen_mae=1.6768, avg_unseen_mae=1.7400]
    Epoch 472:  [avg_train_loss=3.4815, avg_seen_mae=1.6768, avg_unseen_mae=1.7400]
    Epoch 473:  [avg_train_loss=3.4815, avg_seen_mae=1.6768, avg_unseen_mae=1.7400]
    Epoch 474:  [avg_train_loss=3.4815, avg_seen_mae=1.6768, avg_unseen_mae=1.7400]
    Epoch 475:  [avg_train_loss=3.4815, avg_seen_mae=1.6768, avg_unseen_mae=1.7400]
    Epoch 476:  [avg_train_loss=3.4815, avg_seen_mae=1.6768, avg_unseen_mae=1.7400]
    Epoch 477:  [avg_train_loss=3.4815, avg_seen_mae=1.6768, avg_unseen_mae=1.7400]
    Epoch 478:  [avg_train_loss=3.4815, avg_seen_mae=1.6768, avg_unseen_mae=1.7400]
    Epoch 479:  [avg_train_loss=3.4815, avg_seen_mae=1.6768, avg_unseen_mae=1.7400]
    Epoch 480:  [avg_train_loss=3.4815, avg_seen_mae=1.6768, avg_unseen_mae=1.7400]
    Epoch 481:  [avg_train_loss=3.4815, avg_seen_mae=1.6768, avg_unseen_mae=1.7400]
    Epoch 482:  [avg_train_loss=3.4815, avg_seen_mae=1.6768, avg_unseen_mae=1.7400]
    Epoch 483:  [avg_train_loss=3.4815, avg_seen_mae=1.6768, avg_unseen_mae=1.7400]
    Epoch 484:  [avg_train_loss=3.4815, avg_seen_mae=1.6768, avg_unseen_mae=1.7400]
    Epoch 485:  [avg_train_loss=3.4815, avg_seen_mae=1.6768, avg_unseen_mae=1.7400]
    Epoch 486:  [avg_train_loss=3.4815, avg_seen_mae=1.6768, avg_unseen_mae=1.7400]
    Epoch 487:  [avg_train_loss=3.4815, avg_seen_mae=1.6768, avg_unseen_mae=1.7400]
    Epoch 488:  [avg_train_loss=3.4815, avg_seen_mae=1.6768, avg_unseen_mae=1.7400]
    Epoch 489:  [avg_train_loss=3.4815, avg_seen_mae=1.6768, avg_unseen_mae=1.7400]
    Epoch 490:  [avg_train_loss=3.4815, avg_seen_mae=1.6768, avg_unseen_mae=1.7400]
    Epoch 491:  [avg_train_loss=3.4815, avg_seen_mae=1.6768, avg_unseen_mae=1.7400]
    Epoch 492:  [avg_train_loss=3.4815, avg_seen_mae=1.6768, avg_unseen_mae=1.7400]
    Epoch 493:  [avg_train_loss=3.4815, avg_seen_mae=1.6768, avg_unseen_mae=1.7400]
    Epoch 494:  [avg_train_loss=3.4815, avg_seen_mae=1.6768, avg_unseen_mae=1.7400]
    Epoch 495:  [avg_train_loss=3.4815, avg_seen_mae=1.6768, avg_unseen_mae=1.7400]
    Epoch 496:  [avg_train_loss=3.4815, avg_seen_mae=1.6768, avg_unseen_mae=1.7400]
    Epoch 497:  [avg_train_loss=3.4815, avg_seen_mae=1.6768, avg_unseen_mae=1.7400]
    Epoch 498:  [avg_train_loss=3.4815, avg_seen_mae=1.6768, avg_unseen_mae=1.7400]
    Epoch 499:  [avg_train_loss=3.4815, avg_seen_mae=1.6768, avg_unseen_mae=1.7400]
    Epoch 500:  [avg_train_loss=3.4815, avg_seen_mae=1.6768, avg_unseen_mae=1.7400]
    Epoch 501:  [avg_train_loss=3.4815, avg_seen_mae=1.6768, avg_unseen_mae=1.7400]
    Epoch 502:  [avg_train_loss=3.4815, avg_seen_mae=1.6768, avg_unseen_mae=1.7400]
    Epoch 503:  [avg_train_loss=3.4815, avg_seen_mae=1.6768, avg_unseen_mae=1.7400]
    Epoch 504:  [avg_train_loss=3.4815, avg_seen_mae=1.6768, avg_unseen_mae=1.7400]
    Epoch 505:  [avg_train_loss=3.4815, avg_seen_mae=1.6768, avg_unseen_mae=1.7400]
    Epoch 506:  [avg_train_loss=3.4815, avg_seen_mae=1.6768, avg_unseen_mae=1.7400]
    Epoch 507:  [avg_train_loss=3.4815, avg_seen_mae=1.6768, avg_unseen_mae=1.7400]
    Epoch 508:  [avg_train_loss=3.4815, avg_seen_mae=1.6768, avg_unseen_mae=1.7400]
    Epoch 509:  [avg_train_loss=3.4815, avg_seen_mae=1.6768, avg_unseen_mae=1.7400]
    Epoch 510:  [avg_train_loss=3.4815, avg_seen_mae=1.6768, avg_unseen_mae=1.7400]
    Epoch 511:  [avg_train_loss=3.4815, avg_seen_mae=1.6768, avg_unseen_mae=1.7400]
    Epoch 512:  [avg_train_loss=3.4815, avg_seen_mae=1.6768, avg_unseen_mae=1.7400]
    Epoch 513:  [avg_train_loss=3.4815, avg_seen_mae=1.6768, avg_unseen_mae=1.7400]
    Epoch 514:  [avg_train_loss=3.4815, avg_seen_mae=1.6768, avg_unseen_mae=1.7400]
    Epoch 515:  [avg_train_loss=3.4815, avg_seen_mae=1.6768, avg_unseen_mae=1.7400]
    Epoch 516:  [avg_train_loss=3.4815, avg_seen_mae=1.6768, avg_unseen_mae=1.7400]
    Epoch 517:  [avg_train_loss=3.4815, avg_seen_mae=1.6768, avg_unseen_mae=1.7400]
    Epoch 518:  [avg_train_loss=3.4815, avg_seen_mae=1.6768, avg_unseen_mae=1.7400]
    Epoch 519:  [avg_train_loss=3.4815, avg_seen_mae=1.6768, avg_unseen_mae=1.7400]
    Epoch 520:  [avg_train_loss=3.4815, avg_seen_mae=1.6768, avg_unseen_mae=1.7400]
    Epoch 521:  [avg_train_loss=3.4815, avg_seen_mae=1.6768, avg_unseen_mae=1.7400]
    Epoch 522:  [avg_train_loss=3.4815, avg_seen_mae=1.6768, avg_unseen_mae=1.7400]
    Epoch 523:  [avg_train_loss=3.4815, avg_seen_mae=1.6768, avg_unseen_mae=1.7400]
    Epoch 524:  [avg_train_loss=3.4815, avg_seen_mae=1.6768, avg_unseen_mae=1.7400]
    Epoch 525:  [avg_train_loss=3.4815, avg_seen_mae=1.6768, avg_unseen_mae=1.7400]
    Epoch 526:  [avg_train_loss=3.4815, avg_seen_mae=1.6768, avg_unseen_mae=1.7400]
    Epoch 527:  [avg_train_loss=3.4815, avg_seen_mae=1.6768, avg_unseen_mae=1.7400]
    Epoch 528:  [avg_train_loss=3.4815, avg_seen_mae=1.6768, avg_unseen_mae=1.7400]
    Epoch 529:  [avg_train_loss=3.4815, avg_seen_mae=1.6768, avg_unseen_mae=1.7400]
    Epoch 530:  [avg_train_loss=3.4815, avg_seen_mae=1.6768, avg_unseen_mae=1.7400]
    Epoch 531:  [avg_train_loss=3.4815, avg_seen_mae=1.6768, avg_unseen_mae=1.7400]
    Epoch 532:  [avg_train_loss=3.4815, avg_seen_mae=1.6768, avg_unseen_mae=1.7400]
    Epoch 533:  [avg_train_loss=3.4815, avg_seen_mae=1.6768, avg_unseen_mae=1.7400]
    Epoch 534:  [avg_train_loss=3.4815, avg_seen_mae=1.6768, avg_unseen_mae=1.7400]
    Epoch 535:  [avg_train_loss=3.4815, avg_seen_mae=1.6768, avg_unseen_mae=1.7400]
    Epoch 536:  [avg_train_loss=3.4815, avg_seen_mae=1.6768, avg_unseen_mae=1.7400]
    Epoch 537:  [avg_train_loss=3.4815, avg_seen_mae=1.6768, avg_unseen_mae=1.7400]
    Epoch 538:  [avg_train_loss=3.4815, avg_seen_mae=1.6768, avg_unseen_mae=1.7400]
    Epoch 539:  [avg_train_loss=3.4815, avg_seen_mae=1.6768, avg_unseen_mae=1.7400]
    Epoch 540:  [avg_train_loss=3.4815, avg_seen_mae=1.6768, avg_unseen_mae=1.7400]
    Epoch 541:  [avg_train_loss=3.4815, avg_seen_mae=1.6768, avg_unseen_mae=1.7400]
    Epoch 542:  [avg_train_loss=3.4815, avg_seen_mae=1.6768, avg_unseen_mae=1.7400]
    Epoch 543:  [avg_train_loss=3.4815, avg_seen_mae=1.6768, avg_unseen_mae=1.7400]
    Epoch 544:  [avg_train_loss=3.4815, avg_seen_mae=1.6768, avg_unseen_mae=1.7400]
    Epoch 545:  [avg_train_loss=3.4815, avg_seen_mae=1.6768, avg_unseen_mae=1.7400]
    Epoch 546:  [avg_train_loss=3.4815, avg_seen_mae=1.6768, avg_unseen_mae=1.7400]
    Epoch 547:  [avg_train_loss=3.4815, avg_seen_mae=1.6768, avg_unseen_mae=1.7400]
    Epoch 548:  [avg_train_loss=3.4815, avg_seen_mae=1.6768, avg_unseen_mae=1.7400]
    Epoch 549:  [avg_train_loss=3.4815, avg_seen_mae=1.6768, avg_unseen_mae=1.7400]
    Epoch 550:  [avg_train_loss=3.4815, avg_seen_mae=1.6768, avg_unseen_mae=1.7400]
    Epoch 551:  [avg_train_loss=3.4815, avg_seen_mae=1.6768, avg_unseen_mae=1.7400]
    Epoch 552:  [avg_train_loss=3.4815, avg_seen_mae=1.6768, avg_unseen_mae=1.7400]
    Epoch 553:  [avg_train_loss=3.4815, avg_seen_mae=1.6768, avg_unseen_mae=1.7400]
    Epoch 554:  [avg_train_loss=3.4815, avg_seen_mae=1.6768, avg_unseen_mae=1.7400]
    Epoch 555:  [avg_train_loss=3.4815, avg_seen_mae=1.6768, avg_unseen_mae=1.7400]
    Epoch 556:  [avg_train_loss=3.4815, avg_seen_mae=1.6768, avg_unseen_mae=1.7400]
    Epoch 557:  [avg_train_loss=3.4815, avg_seen_mae=1.6768, avg_unseen_mae=1.7400]
    Epoch 558:  [avg_train_loss=3.4815, avg_seen_mae=1.6768, avg_unseen_mae=1.7400]
    Epoch 559:  [avg_train_loss=3.4815, avg_seen_mae=1.6768, avg_unseen_mae=1.7400]
    Epoch 560:  [avg_train_loss=3.4815, avg_seen_mae=1.6768, avg_unseen_mae=1.7400]
    Epoch 561:  [avg_train_loss=3.4815, avg_seen_mae=1.6768, avg_unseen_mae=1.7400]
    Epoch 562:  [avg_train_loss=3.4815, avg_seen_mae=1.6768, avg_unseen_mae=1.7400]
    Epoch 563:  [avg_train_loss=3.4815, avg_seen_mae=1.6768, avg_unseen_mae=1.7400]
    Epoch 564:  [avg_train_loss=3.4815, avg_seen_mae=1.6768, avg_unseen_mae=1.7400]
    Epoch 565:  [avg_train_loss=3.4815, avg_seen_mae=1.6768, avg_unseen_mae=1.7400]
    Epoch 566:  [avg_train_loss=3.4815, avg_seen_mae=1.6768, avg_unseen_mae=1.7400]
    Epoch 567:  [avg_train_loss=3.4815, avg_seen_mae=1.6768, avg_unseen_mae=1.7400]
    Epoch 568:  [avg_train_loss=3.4815, avg_seen_mae=1.6768, avg_unseen_mae=1.7400]
    Epoch 569:  [avg_train_loss=3.4815, avg_seen_mae=1.6768, avg_unseen_mae=1.7400]
    Epoch 570:  [avg_train_loss=3.4815, avg_seen_mae=1.6768, avg_unseen_mae=1.7400]
    Epoch 571:  [avg_train_loss=3.4815, avg_seen_mae=1.6768, avg_unseen_mae=1.7400]
    Epoch 572:  [avg_train_loss=3.4815, avg_seen_mae=1.6768, avg_unseen_mae=1.7400]
    Epoch 573:  [avg_train_loss=3.4815, avg_seen_mae=1.6768, avg_unseen_mae=1.7400]
    Epoch 574:  [avg_train_loss=3.4815, avg_seen_mae=1.6768, avg_unseen_mae=1.7400]
    Epoch 575:  [avg_train_loss=3.4815, avg_seen_mae=1.6768, avg_unseen_mae=1.7400]
    Epoch 576:  [avg_train_loss=3.4815, avg_seen_mae=1.6768, avg_unseen_mae=1.7400]
    Epoch 577:  [avg_train_loss=3.4815, avg_seen_mae=1.6768, avg_unseen_mae=1.7400]
    Epoch 578:  [avg_train_loss=3.4815, avg_seen_mae=1.6768, avg_unseen_mae=1.7400]
    Epoch 579:  [avg_train_loss=3.4815, avg_seen_mae=1.6768, avg_unseen_mae=1.7400]
    Epoch 580:  [avg_train_loss=3.4815, avg_seen_mae=1.6768, avg_unseen_mae=1.7400]
    Epoch 581:  [avg_train_loss=3.4815, avg_seen_mae=1.6768, avg_unseen_mae=1.7400]
    Epoch 582:  [avg_train_loss=3.4815, avg_seen_mae=1.6768, avg_unseen_mae=1.7400]
    Epoch 583:  [avg_train_loss=3.4815, avg_seen_mae=1.6768, avg_unseen_mae=1.7400]
    Epoch 584:  [avg_train_loss=3.4815, avg_seen_mae=1.6768, avg_unseen_mae=1.7400]
    Epoch 585:  [avg_train_loss=3.4815, avg_seen_mae=1.6768, avg_unseen_mae=1.7400]
    Epoch 586:  [avg_train_loss=3.4815, avg_seen_mae=1.6768, avg_unseen_mae=1.7400]
    Epoch 587:  [avg_train_loss=3.4815, avg_seen_mae=1.6768, avg_unseen_mae=1.7400]
    Epoch 588:  [avg_train_loss=3.4815, avg_seen_mae=1.6768, avg_unseen_mae=1.7400]
    Epoch 589:  [avg_train_loss=3.4815, avg_seen_mae=1.6768, avg_unseen_mae=1.7400]
    Epoch 590:  [avg_train_loss=3.4815, avg_seen_mae=1.6768, avg_unseen_mae=1.7400]
    Epoch 591:  [avg_train_loss=3.4815, avg_seen_mae=1.6768, avg_unseen_mae=1.7400]
    Epoch 592:  [avg_train_loss=3.4815, avg_seen_mae=1.6768, avg_unseen_mae=1.7400]
    Epoch 593:  [avg_train_loss=3.4815, avg_seen_mae=1.6768, avg_unseen_mae=1.7400]
    Epoch 594:  [avg_train_loss=3.4815, avg_seen_mae=1.6768, avg_unseen_mae=1.7400]
    Epoch 595:  [avg_train_loss=3.4815, avg_seen_mae=1.6768, avg_unseen_mae=1.7400]
    Epoch 596:  [avg_train_loss=3.4815, avg_seen_mae=1.6768, avg_unseen_mae=1.7400]
    Epoch 597:  [avg_train_loss=3.4815, avg_seen_mae=1.6768, avg_unseen_mae=1.7400]
    Epoch 598:  [avg_train_loss=3.4815, avg_seen_mae=1.6768, avg_unseen_mae=1.7400]
    Epoch 599:  [avg_train_loss=3.4815, avg_seen_mae=1.6768, avg_unseen_mae=1.7400]
    Epoch 600:  [avg_train_loss=3.4815, avg_seen_mae=1.6768, avg_unseen_mae=1.7400]
    Epoch 601:  [avg_train_loss=3.4815, avg_seen_mae=1.6768, avg_unseen_mae=1.7400]
    Epoch 602:  [avg_train_loss=3.4815, avg_seen_mae=1.6768, avg_unseen_mae=1.7400]
    Epoch 603:  [avg_train_loss=3.4815, avg_seen_mae=1.6768, avg_unseen_mae=1.7400]
    Epoch 604:  [avg_train_loss=3.4815, avg_seen_mae=1.6768, avg_unseen_mae=1.7400]
    Epoch 605:  [avg_train_loss=3.4815, avg_seen_mae=1.6768, avg_unseen_mae=1.7400]
    Epoch 606:  [avg_train_loss=3.4815, avg_seen_mae=1.6768, avg_unseen_mae=1.7400]
    Epoch 607:  [avg_train_loss=3.4815, avg_seen_mae=1.6768, avg_unseen_mae=1.7400]
    Epoch 608:  [avg_train_loss=3.4815, avg_seen_mae=1.6768, avg_unseen_mae=1.7400]
    Epoch 609:  [avg_train_loss=3.4815, avg_seen_mae=1.6768, avg_unseen_mae=1.7400]
    Epoch 610:  [avg_train_loss=3.4815, avg_seen_mae=1.6768, avg_unseen_mae=1.7400]
    Epoch 611:  [avg_train_loss=3.4815, avg_seen_mae=1.6768, avg_unseen_mae=1.7400]
    Epoch 612:  [avg_train_loss=3.4815, avg_seen_mae=1.6768, avg_unseen_mae=1.7400]
    Epoch 613:  [avg_train_loss=3.4815, avg_seen_mae=1.6768, avg_unseen_mae=1.7400]
    Epoch 614:  [avg_train_loss=3.4815, avg_seen_mae=1.6768, avg_unseen_mae=1.7400]
    Epoch 615:  [avg_train_loss=3.4815, avg_seen_mae=1.6768, avg_unseen_mae=1.7400]
    Epoch 616:  [avg_train_loss=3.4815, avg_seen_mae=1.6768, avg_unseen_mae=1.7400]
    Epoch 617:  [avg_train_loss=3.4815, avg_seen_mae=1.6768, avg_unseen_mae=1.7400]
    Epoch 618:  [avg_train_loss=3.4815, avg_seen_mae=1.6768, avg_unseen_mae=1.7400]
    Epoch 619:  [avg_train_loss=3.4815, avg_seen_mae=1.6768, avg_unseen_mae=1.7400]
    Epoch 620:  [avg_train_loss=3.4815, avg_seen_mae=1.6768, avg_unseen_mae=1.7400]
    Epoch 621:  [avg_train_loss=3.4815, avg_seen_mae=1.6768, avg_unseen_mae=1.7400]
    Epoch 622:  [avg_train_loss=3.4815, avg_seen_mae=1.6768, avg_unseen_mae=1.7400]
    Epoch 623:  [avg_train_loss=3.4815, avg_seen_mae=1.6768, avg_unseen_mae=1.7400]
    Epoch 624:  [avg_train_loss=3.4815, avg_seen_mae=1.6768, avg_unseen_mae=1.7400]
    Epoch 625:  [avg_train_loss=3.4815, avg_seen_mae=1.6768, avg_unseen_mae=1.7400]
    Epoch 626:  [avg_train_loss=3.4815, avg_seen_mae=1.6768, avg_unseen_mae=1.7400]
    Epoch 627:  [avg_train_loss=3.4815, avg_seen_mae=1.6768, avg_unseen_mae=1.7400]
    Epoch 628:  [avg_train_loss=3.4815, avg_seen_mae=1.6768, avg_unseen_mae=1.7400]
    Epoch 629:  [avg_train_loss=3.4815, avg_seen_mae=1.6768, avg_unseen_mae=1.7400]
    Epoch 630:  [avg_train_loss=3.4815, avg_seen_mae=1.6768, avg_unseen_mae=1.7400]
    Epoch 631:  [avg_train_loss=3.4815, avg_seen_mae=1.6768, avg_unseen_mae=1.7400]
    Epoch 632:  [avg_train_loss=3.4815, avg_seen_mae=1.6768, avg_unseen_mae=1.7400]
    Epoch 633:  [avg_train_loss=3.4815, avg_seen_mae=1.6768, avg_unseen_mae=1.7400]
    Epoch 634:  [avg_train_loss=3.4815, avg_seen_mae=1.6768, avg_unseen_mae=1.7400]
    Epoch 635:  [avg_train_loss=3.4815, avg_seen_mae=1.6768, avg_unseen_mae=1.7400]
    Epoch 636:  [avg_train_loss=3.4815, avg_seen_mae=1.6768, avg_unseen_mae=1.7400]
    Epoch 637:  [avg_train_loss=3.4815, avg_seen_mae=1.6768, avg_unseen_mae=1.7400]
    Epoch 638:  [avg_train_loss=3.4815, avg_seen_mae=1.6768, avg_unseen_mae=1.7400]
    Epoch 639:  [avg_train_loss=3.4815, avg_seen_mae=1.6768, avg_unseen_mae=1.7400]
    Epoch 640:  [avg_train_loss=3.4815, avg_seen_mae=1.6768, avg_unseen_mae=1.7400]
    Epoch 641:  [avg_train_loss=3.4815, avg_seen_mae=1.6768, avg_unseen_mae=1.7400]
    Epoch 642:  [avg_train_loss=3.4815, avg_seen_mae=1.6768, avg_unseen_mae=1.7400]
    Epoch 643:  [avg_train_loss=3.4815, avg_seen_mae=1.6768, avg_unseen_mae=1.7400]
    Epoch 644:  [avg_train_loss=3.4815, avg_seen_mae=1.6768, avg_unseen_mae=1.7400]
    Epoch 645:  [avg_train_loss=3.4815, avg_seen_mae=1.6768, avg_unseen_mae=1.7400]
    Epoch 646:  [avg_train_loss=3.4815, avg_seen_mae=1.6768, avg_unseen_mae=1.7400]
    Epoch 647:  [avg_train_loss=3.4815, avg_seen_mae=1.6768, avg_unseen_mae=1.7400]
    Epoch 648:  [avg_train_loss=3.4815, avg_seen_mae=1.6768, avg_unseen_mae=1.7400]
    Epoch 649:  [avg_train_loss=3.4815, avg_seen_mae=1.6768, avg_unseen_mae=1.7400]
    Epoch 650:  [avg_train_loss=3.4815, avg_seen_mae=1.6768, avg_unseen_mae=1.7400]
    Epoch 651:  [avg_train_loss=3.4815, avg_seen_mae=1.6768, avg_unseen_mae=1.7400]
    Epoch 652:  [avg_train_loss=3.4815, avg_seen_mae=1.6768, avg_unseen_mae=1.7400]
    Epoch 653:  [avg_train_loss=3.4815, avg_seen_mae=1.6768, avg_unseen_mae=1.7400]
    Epoch 654:  [avg_train_loss=3.4815, avg_seen_mae=1.6768, avg_unseen_mae=1.7400]
    Epoch 655:  [avg_train_loss=3.4815, avg_seen_mae=1.6768, avg_unseen_mae=1.7400]
    Epoch 656:  [avg_train_loss=3.4815, avg_seen_mae=1.6768, avg_unseen_mae=1.7400]
    Epoch 657:  [avg_train_loss=3.4815, avg_seen_mae=1.6768, avg_unseen_mae=1.7400]
    Epoch 658:  [avg_train_loss=3.4815, avg_seen_mae=1.6768, avg_unseen_mae=1.7400]
    Epoch 659:  [avg_train_loss=3.4815, avg_seen_mae=1.6768, avg_unseen_mae=1.7400]
    Epoch 660:  [avg_train_loss=3.4815, avg_seen_mae=1.6768, avg_unseen_mae=1.7400]
    Epoch 661:  [avg_train_loss=3.4815, avg_seen_mae=1.6768, avg_unseen_mae=1.7400]
    Epoch 662:  [avg_train_loss=3.4815, avg_seen_mae=1.6768, avg_unseen_mae=1.7400]
    Epoch 663:  [avg_train_loss=3.4815, avg_seen_mae=1.6768, avg_unseen_mae=1.7400]
    Epoch 664:  [avg_train_loss=3.4815, avg_seen_mae=1.6768, avg_unseen_mae=1.7400]
    Epoch 665:  [avg_train_loss=3.4815, avg_seen_mae=1.6768, avg_unseen_mae=1.7400]
    Epoch 666:  [avg_train_loss=3.4815, avg_seen_mae=1.6768, avg_unseen_mae=1.7400]
    Epoch 667:  [avg_train_loss=3.4815, avg_seen_mae=1.6768, avg_unseen_mae=1.7400]
    Epoch 668:  [avg_train_loss=3.4815, avg_seen_mae=1.6768, avg_unseen_mae=1.7400]
    Epoch 669:  [avg_train_loss=3.4815, avg_seen_mae=1.6768, avg_unseen_mae=1.7400]
    Epoch 670:  [avg_train_loss=3.4815, avg_seen_mae=1.6768, avg_unseen_mae=1.7400]
    Epoch 671:  [avg_train_loss=3.4815, avg_seen_mae=1.6768, avg_unseen_mae=1.7400]
    Epoch 672:  [avg_train_loss=3.4815, avg_seen_mae=1.6768, avg_unseen_mae=1.7400]
    Epoch 673:  [avg_train_loss=3.4815, avg_seen_mae=1.6768, avg_unseen_mae=1.7400]
    Epoch 674:  [avg_train_loss=3.4815, avg_seen_mae=1.6768, avg_unseen_mae=1.7400]
    Epoch 675:  [avg_train_loss=3.4815, avg_seen_mae=1.6768, avg_unseen_mae=1.7400]
    Epoch 676:  [avg_train_loss=3.4815, avg_seen_mae=1.6768, avg_unseen_mae=1.7400]
    Epoch 677:  [avg_train_loss=3.4815, avg_seen_mae=1.6768, avg_unseen_mae=1.7400]
    Epoch 678:  [avg_train_loss=3.4815, avg_seen_mae=1.6768, avg_unseen_mae=1.7400]
    Epoch 679:  [avg_train_loss=3.4815, avg_seen_mae=1.6768, avg_unseen_mae=1.7400]
    Epoch 680:  [avg_train_loss=3.4815, avg_seen_mae=1.6768, avg_unseen_mae=1.7400]
    Epoch 681:  [avg_train_loss=3.4815, avg_seen_mae=1.6768, avg_unseen_mae=1.7400]
    Epoch 682:  [avg_train_loss=3.4815, avg_seen_mae=1.6768, avg_unseen_mae=1.7400]
    Epoch 683:  [avg_train_loss=3.4815, avg_seen_mae=1.6768, avg_unseen_mae=1.7400]
    Epoch 684:  [avg_train_loss=3.4815, avg_seen_mae=1.6768, avg_unseen_mae=1.7400]
    Epoch 685:  [avg_train_loss=3.4815, avg_seen_mae=1.6768, avg_unseen_mae=1.7400]
    Epoch 686:  [avg_train_loss=3.4815, avg_seen_mae=1.6768, avg_unseen_mae=1.7400]
    Epoch 687:  [avg_train_loss=3.4815, avg_seen_mae=1.6768, avg_unseen_mae=1.7400]
    Epoch 688:  [avg_train_loss=3.4815, avg_seen_mae=1.6768, avg_unseen_mae=1.7400]
    Epoch 689:  [avg_train_loss=3.4815, avg_seen_mae=1.6768, avg_unseen_mae=1.7400]
    Epoch 690:  [avg_train_loss=3.4815, avg_seen_mae=1.6768, avg_unseen_mae=1.7400]
    Epoch 691:  [avg_train_loss=3.4815, avg_seen_mae=1.6768, avg_unseen_mae=1.7400]
    Epoch 692:  [avg_train_loss=3.4815, avg_seen_mae=1.6768, avg_unseen_mae=1.7400]
    Epoch 693:  [avg_train_loss=3.4815, avg_seen_mae=1.6768, avg_unseen_mae=1.7400]
    Epoch 694:  [avg_train_loss=3.4815, avg_seen_mae=1.6768, avg_unseen_mae=1.7400]
    Epoch 695:  [avg_train_loss=3.4815, avg_seen_mae=1.6768, avg_unseen_mae=1.7400]
    Epoch 696:  [avg_train_loss=3.4815, avg_seen_mae=1.6768, avg_unseen_mae=1.7400]
    Epoch 697:  [avg_train_loss=3.4815, avg_seen_mae=1.6768, avg_unseen_mae=1.7400]
    Epoch 698:  [avg_train_loss=3.4815, avg_seen_mae=1.6768, avg_unseen_mae=1.7400]
    Epoch 699:  [avg_train_loss=3.4815, avg_seen_mae=1.6768, avg_unseen_mae=1.7400]
    Epoch 700:  [avg_train_loss=3.4815, avg_seen_mae=1.6768, avg_unseen_mae=1.7400]
    Epoch 701:  [avg_train_loss=3.4815, avg_seen_mae=1.6768, avg_unseen_mae=1.7400]
    Epoch 702:  [avg_train_loss=3.4815, avg_seen_mae=1.6768, avg_unseen_mae=1.7400]
    Epoch 703:  [avg_train_loss=3.4815, avg_seen_mae=1.6768, avg_unseen_mae=1.7400]
    Epoch 704:  [avg_train_loss=3.4815, avg_seen_mae=1.6768, avg_unseen_mae=1.7400]
    Epoch 705:  [avg_train_loss=3.4815, avg_seen_mae=1.6768, avg_unseen_mae=1.7400]
    Epoch 706:  [avg_train_loss=3.4815, avg_seen_mae=1.6768, avg_unseen_mae=1.7400]
    Epoch 707:  [avg_train_loss=3.4815, avg_seen_mae=1.6768, avg_unseen_mae=1.7400]
    Epoch 708:  [avg_train_loss=3.4815, avg_seen_mae=1.6768, avg_unseen_mae=1.7400]
    Epoch 709:  [avg_train_loss=3.4815, avg_seen_mae=1.6768, avg_unseen_mae=1.7400]
    Epoch 710:  [avg_train_loss=3.4815, avg_seen_mae=1.6768, avg_unseen_mae=1.7400]
    Epoch 711:  [avg_train_loss=3.4815, avg_seen_mae=1.6768, avg_unseen_mae=1.7400]
    Epoch 712:  [avg_train_loss=3.4815, avg_seen_mae=1.6768, avg_unseen_mae=1.7400]
    Epoch 713:  [avg_train_loss=3.4815, avg_seen_mae=1.6768, avg_unseen_mae=1.7400]
    Epoch 714:  [avg_train_loss=3.4815, avg_seen_mae=1.6768, avg_unseen_mae=1.7400]
    Epoch 715:  [avg_train_loss=3.4815, avg_seen_mae=1.6768, avg_unseen_mae=1.7400]
    Epoch 716:  [avg_train_loss=3.4815, avg_seen_mae=1.6768, avg_unseen_mae=1.7400]
    Epoch 717:  [avg_train_loss=3.4815, avg_seen_mae=1.6768, avg_unseen_mae=1.7400]
    Epoch 718:  [avg_train_loss=3.4815, avg_seen_mae=1.6768, avg_unseen_mae=1.7400]
    Epoch 719:  [avg_train_loss=3.4815, avg_seen_mae=1.6768, avg_unseen_mae=1.7400]
    Epoch 720:  [avg_train_loss=3.4815, avg_seen_mae=1.6768, avg_unseen_mae=1.7400]
    Epoch 721:  [avg_train_loss=3.4815, avg_seen_mae=1.6768, avg_unseen_mae=1.7400]
    Epoch 722:  [avg_train_loss=3.4815, avg_seen_mae=1.6768, avg_unseen_mae=1.7400]
    Epoch 723:  [avg_train_loss=3.4815, avg_seen_mae=1.6768, avg_unseen_mae=1.7400]
    Epoch 724:  [avg_train_loss=3.4815, avg_seen_mae=1.6768, avg_unseen_mae=1.7400]
    Epoch 725:  [avg_train_loss=3.4815, avg_seen_mae=1.6768, avg_unseen_mae=1.7400]
    Epoch 726:  [avg_train_loss=3.4815, avg_seen_mae=1.6768, avg_unseen_mae=1.7400]
    Epoch 727:  [avg_train_loss=3.4815, avg_seen_mae=1.6768, avg_unseen_mae=1.7400]
    Epoch 728:  [avg_train_loss=3.4815, avg_seen_mae=1.6768, avg_unseen_mae=1.7400]
    Epoch 729:  [avg_train_loss=3.4815, avg_seen_mae=1.6768, avg_unseen_mae=1.7400]
    Epoch 730:  [avg_train_loss=3.4815, avg_seen_mae=1.6768, avg_unseen_mae=1.7400]
    Epoch 731:  [avg_train_loss=3.4815, avg_seen_mae=1.6768, avg_unseen_mae=1.7400]
    Epoch 732:  [avg_train_loss=3.4815, avg_seen_mae=1.6768, avg_unseen_mae=1.7400]
    Epoch 733:  [avg_train_loss=3.4815, avg_seen_mae=1.6768, avg_unseen_mae=1.7400]
    Epoch 734:  [avg_train_loss=3.4815, avg_seen_mae=1.6768, avg_unseen_mae=1.7400]
    Epoch 735:  [avg_train_loss=3.4815, avg_seen_mae=1.6768, avg_unseen_mae=1.7400]
    Epoch 736:  [avg_train_loss=3.4815, avg_seen_mae=1.6768, avg_unseen_mae=1.7400]
    Epoch 737:  [avg_train_loss=3.4815, avg_seen_mae=1.6768, avg_unseen_mae=1.7400]
    Epoch 738:  [avg_train_loss=3.4815, avg_seen_mae=1.6768, avg_unseen_mae=1.7400]
    Epoch 739:  [avg_train_loss=3.4815, avg_seen_mae=1.6768, avg_unseen_mae=1.7400]
    Epoch 740:  [avg_train_loss=3.4815, avg_seen_mae=1.6768, avg_unseen_mae=1.7400]
    Epoch 741:  [avg_train_loss=3.4815, avg_seen_mae=1.6768, avg_unseen_mae=1.7400]
    Epoch 742:  [avg_train_loss=3.4815, avg_seen_mae=1.6768, avg_unseen_mae=1.7400]
    Epoch 743:  [avg_train_loss=3.4815, avg_seen_mae=1.6768, avg_unseen_mae=1.7400]
    Epoch 744:  [avg_train_loss=3.4815, avg_seen_mae=1.6768, avg_unseen_mae=1.7400]
    Epoch 745:  [avg_train_loss=3.4815, avg_seen_mae=1.6768, avg_unseen_mae=1.7400]
    Epoch 746:  [avg_train_loss=3.4815, avg_seen_mae=1.6768, avg_unseen_mae=1.7400]
    Epoch 747:  [avg_train_loss=3.4815, avg_seen_mae=1.6768, avg_unseen_mae=1.7400]
    Epoch 748:  [avg_train_loss=3.4815, avg_seen_mae=1.6768, avg_unseen_mae=1.7400]
    Epoch 749:  [avg_train_loss=3.4815, avg_seen_mae=1.6768, avg_unseen_mae=1.7400]
    Epoch 750:  [avg_train_loss=3.4815, avg_seen_mae=1.6768, avg_unseen_mae=1.7400]
    Epoch 751:  [avg_train_loss=3.4815, avg_seen_mae=1.6768, avg_unseen_mae=1.7400]
    Epoch 752:  [avg_train_loss=3.4815, avg_seen_mae=1.6768, avg_unseen_mae=1.7400]
    Epoch 753:  [avg_train_loss=3.4815, avg_seen_mae=1.6768, avg_unseen_mae=1.7400]
    Epoch 754:  [avg_train_loss=3.4815, avg_seen_mae=1.6768, avg_unseen_mae=1.7400]
    Epoch 755:  [avg_train_loss=3.4815, avg_seen_mae=1.6768, avg_unseen_mae=1.7400]
    Epoch 756:  [avg_train_loss=3.4815, avg_seen_mae=1.6768, avg_unseen_mae=1.7400]
    Epoch 757:  [avg_train_loss=3.4815, avg_seen_mae=1.6768, avg_unseen_mae=1.7400]
    Epoch 758:  [avg_train_loss=3.4815, avg_seen_mae=1.6768, avg_unseen_mae=1.7400]
    Epoch 759:  [avg_train_loss=3.4815, avg_seen_mae=1.6768, avg_unseen_mae=1.7400]
    Epoch 760:  [avg_train_loss=3.4815, avg_seen_mae=1.6768, avg_unseen_mae=1.7400]
    Epoch 761:  [avg_train_loss=3.4815, avg_seen_mae=1.6768, avg_unseen_mae=1.7400]
    Epoch 762:  [avg_train_loss=3.4815, avg_seen_mae=1.6768, avg_unseen_mae=1.7400]
    Epoch 763:  [avg_train_loss=3.4815, avg_seen_mae=1.6768, avg_unseen_mae=1.7400]
    Epoch 764:  [avg_train_loss=3.4815, avg_seen_mae=1.6768, avg_unseen_mae=1.7400]
    Epoch 765:  [avg_train_loss=3.4815, avg_seen_mae=1.6768, avg_unseen_mae=1.7400]
    Epoch 766:  [avg_train_loss=3.4815, avg_seen_mae=1.6768, avg_unseen_mae=1.7400]
    Epoch 767:  [avg_train_loss=3.4815, avg_seen_mae=1.6768, avg_unseen_mae=1.7400]
    Epoch 768:  [avg_train_loss=3.4815, avg_seen_mae=1.6768, avg_unseen_mae=1.7400]
    Epoch 769:  [avg_train_loss=3.4815, avg_seen_mae=1.6768, avg_unseen_mae=1.7400]
    Epoch 770:  [avg_train_loss=3.4815, avg_seen_mae=1.6768, avg_unseen_mae=1.7400]
    Epoch 771:  [avg_train_loss=3.4815, avg_seen_mae=1.6768, avg_unseen_mae=1.7400]
    Epoch 772:  [avg_train_loss=3.4815, avg_seen_mae=1.6768, avg_unseen_mae=1.7400]
    Epoch 773:  [avg_train_loss=3.4815, avg_seen_mae=1.6768, avg_unseen_mae=1.7400]
    Epoch 774:  [avg_train_loss=3.4815, avg_seen_mae=1.6768, avg_unseen_mae=1.7400]
    Epoch 775:  [avg_train_loss=3.4815, avg_seen_mae=1.6768, avg_unseen_mae=1.7400]
    Epoch 776:  [avg_train_loss=3.4815, avg_seen_mae=1.6768, avg_unseen_mae=1.7400]
    Epoch 777:  [avg_train_loss=3.4815, avg_seen_mae=1.6768, avg_unseen_mae=1.7400]
    Epoch 778:  [avg_train_loss=3.4815, avg_seen_mae=1.6768, avg_unseen_mae=1.7400]
    Epoch 779:  [avg_train_loss=3.4815, avg_seen_mae=1.6768, avg_unseen_mae=1.7400]
    Epoch 780:  [avg_train_loss=3.4815, avg_seen_mae=1.6768, avg_unseen_mae=1.7400]
    Epoch 781:  [avg_train_loss=3.4815, avg_seen_mae=1.6768, avg_unseen_mae=1.7400]
    Epoch 782:  [avg_train_loss=3.4815, avg_seen_mae=1.6768, avg_unseen_mae=1.7400]
    Epoch 783:  [avg_train_loss=3.4815, avg_seen_mae=1.6768, avg_unseen_mae=1.7400]
    Epoch 784:  [avg_train_loss=3.4815, avg_seen_mae=1.6768, avg_unseen_mae=1.7400]
    Epoch 785:  [avg_train_loss=3.4815, avg_seen_mae=1.6768, avg_unseen_mae=1.7400]
    Epoch 786:  [avg_train_loss=3.4815, avg_seen_mae=1.6768, avg_unseen_mae=1.7400]
    Epoch 787:  [avg_train_loss=3.4815, avg_seen_mae=1.6768, avg_unseen_mae=1.7400]
    Epoch 788:  [avg_train_loss=3.4815, avg_seen_mae=1.6768, avg_unseen_mae=1.7400]
    Epoch 789:  [avg_train_loss=3.4815, avg_seen_mae=1.6768, avg_unseen_mae=1.7400]
    Epoch 790:  [avg_train_loss=3.4815, avg_seen_mae=1.6768, avg_unseen_mae=1.7400]
    Epoch 791:  [avg_train_loss=3.4815, avg_seen_mae=1.6768, avg_unseen_mae=1.7400]
    Epoch 792:  [avg_train_loss=3.4815, avg_seen_mae=1.6768, avg_unseen_mae=1.7400]
    Epoch 793:  [avg_train_loss=3.4815, avg_seen_mae=1.6768, avg_unseen_mae=1.7400]
    Epoch 794:  [avg_train_loss=3.4815, avg_seen_mae=1.6768, avg_unseen_mae=1.7400]
    Epoch 795:  [avg_train_loss=3.4815, avg_seen_mae=1.6768, avg_unseen_mae=1.7400]
    Epoch 796:  [avg_train_loss=3.4815, avg_seen_mae=1.6768, avg_unseen_mae=1.7400]
    Epoch 797:  [avg_train_loss=3.4815, avg_seen_mae=1.6768, avg_unseen_mae=1.7400]
    Epoch 798:  [avg_train_loss=3.4815, avg_seen_mae=1.6768, avg_unseen_mae=1.7400]
    Epoch 799:  [avg_train_loss=3.4815, avg_seen_mae=1.6768, avg_unseen_mae=1.7400]
    Epoch 800:  [avg_train_loss=3.4815, avg_seen_mae=1.6768, avg_unseen_mae=1.7400]
    Epoch 801:  [avg_train_loss=3.4815, avg_seen_mae=1.6768, avg_unseen_mae=1.7400]
    Epoch 802:  [avg_train_loss=3.4815, avg_seen_mae=1.6768, avg_unseen_mae=1.7400]
    Epoch 803:  [avg_train_loss=3.4815, avg_seen_mae=1.6768, avg_unseen_mae=1.7400]
    Epoch 804:  [avg_train_loss=3.4815, avg_seen_mae=1.6768, avg_unseen_mae=1.7400]
    Epoch 805:  [avg_train_loss=3.4815, avg_seen_mae=1.6768, avg_unseen_mae=1.7400]
    Epoch 806:  [avg_train_loss=3.4815, avg_seen_mae=1.6768, avg_unseen_mae=1.7400]
    Epoch 807:  [avg_train_loss=3.4815, avg_seen_mae=1.6768, avg_unseen_mae=1.7400]
    Epoch 808:  [avg_train_loss=3.4815, avg_seen_mae=1.6768, avg_unseen_mae=1.7400]
    Epoch 809:  [avg_train_loss=3.4815, avg_seen_mae=1.6768, avg_unseen_mae=1.7400]
    Epoch 810:  [avg_train_loss=3.4815, avg_seen_mae=1.6768, avg_unseen_mae=1.7400]
    Epoch 811:  [avg_train_loss=3.4815, avg_seen_mae=1.6768, avg_unseen_mae=1.7400]
    Epoch 812:  [avg_train_loss=3.4815, avg_seen_mae=1.6768, avg_unseen_mae=1.7400]
    Epoch 813:  [avg_train_loss=3.4815, avg_seen_mae=1.6768, avg_unseen_mae=1.7400]
    Epoch 814:  [avg_train_loss=3.4815, avg_seen_mae=1.6768, avg_unseen_mae=1.7400]
    Epoch 815:  [avg_train_loss=3.4815, avg_seen_mae=1.6768, avg_unseen_mae=1.7400]
    Epoch 816:  [avg_train_loss=3.4815, avg_seen_mae=1.6768, avg_unseen_mae=1.7400]
    Epoch 817:  [avg_train_loss=3.4815, avg_seen_mae=1.6768, avg_unseen_mae=1.7400]
    Epoch 818:  [avg_train_loss=3.4815, avg_seen_mae=1.6768, avg_unseen_mae=1.7400]
    Epoch 819:  [avg_train_loss=3.4815, avg_seen_mae=1.6768, avg_unseen_mae=1.7400]
    Epoch 820:  [avg_train_loss=3.4815, avg_seen_mae=1.6768, avg_unseen_mae=1.7400]
    Epoch 821:  [avg_train_loss=3.4815, avg_seen_mae=1.6768, avg_unseen_mae=1.7400]
    Epoch 822:  [avg_train_loss=3.4815, avg_seen_mae=1.6768, avg_unseen_mae=1.7400]
    Epoch 823:  [avg_train_loss=3.4815, avg_seen_mae=1.6768, avg_unseen_mae=1.7400]
    Epoch 824:  [avg_train_loss=3.4815, avg_seen_mae=1.6768, avg_unseen_mae=1.7400]
    Epoch 825:  [avg_train_loss=3.4815, avg_seen_mae=1.6768, avg_unseen_mae=1.7400]
    Epoch 826:  [avg_train_loss=3.4815, avg_seen_mae=1.6768, avg_unseen_mae=1.7400]
    Epoch 827:  [avg_train_loss=3.4815, avg_seen_mae=1.6768, avg_unseen_mae=1.7400]
    Epoch 828:  [avg_train_loss=3.4815, avg_seen_mae=1.6768, avg_unseen_mae=1.7400]
    Epoch 829:  [avg_train_loss=3.4815, avg_seen_mae=1.6768, avg_unseen_mae=1.7400]
    Epoch 830:  [avg_train_loss=3.4815, avg_seen_mae=1.6768, avg_unseen_mae=1.7400]
    Epoch 831:  [avg_train_loss=3.4815, avg_seen_mae=1.6768, avg_unseen_mae=1.7400]
    Epoch 832:  [avg_train_loss=3.4815, avg_seen_mae=1.6768, avg_unseen_mae=1.7400]
    Epoch 833:  [avg_train_loss=3.4815, avg_seen_mae=1.6768, avg_unseen_mae=1.7400]
    Epoch 834:  [avg_train_loss=3.4815, avg_seen_mae=1.6768, avg_unseen_mae=1.7400]
    Epoch 835:  [avg_train_loss=3.4815, avg_seen_mae=1.6768, avg_unseen_mae=1.7400]
    Epoch 836:  [avg_train_loss=3.4815, avg_seen_mae=1.6768, avg_unseen_mae=1.7400]
    Epoch 837:  [avg_train_loss=3.4815, avg_seen_mae=1.6768, avg_unseen_mae=1.7400]
    Epoch 838:  [avg_train_loss=3.4815, avg_seen_mae=1.6768, avg_unseen_mae=1.7400]
    Epoch 839:  [avg_train_loss=3.4815, avg_seen_mae=1.6768, avg_unseen_mae=1.7400]
    Epoch 840:  [avg_train_loss=3.4815, avg_seen_mae=1.6768, avg_unseen_mae=1.7400]
    Epoch 841:  [avg_train_loss=3.4815, avg_seen_mae=1.6768, avg_unseen_mae=1.7400]
    Epoch 842:  [avg_train_loss=3.4815, avg_seen_mae=1.6768, avg_unseen_mae=1.7400]
    Epoch 843:  [avg_train_loss=3.4815, avg_seen_mae=1.6768, avg_unseen_mae=1.7400]
    Epoch 844:  [avg_train_loss=3.4815, avg_seen_mae=1.6768, avg_unseen_mae=1.7400]
    Epoch 845:  [avg_train_loss=3.4815, avg_seen_mae=1.6768, avg_unseen_mae=1.7400]
    Epoch 846:  [avg_train_loss=3.4815, avg_seen_mae=1.6768, avg_unseen_mae=1.7400]
    Epoch 847:  [avg_train_loss=3.4815, avg_seen_mae=1.6768, avg_unseen_mae=1.7400]
    Epoch 848:  [avg_train_loss=3.4815, avg_seen_mae=1.6768, avg_unseen_mae=1.7400]
    Epoch 849:  [avg_train_loss=3.4815, avg_seen_mae=1.6768, avg_unseen_mae=1.7400]
    Epoch 850:  [avg_train_loss=3.4815, avg_seen_mae=1.6768, avg_unseen_mae=1.7400]
    Epoch 851:  [avg_train_loss=3.4815, avg_seen_mae=1.6768, avg_unseen_mae=1.7400]
    Epoch 852:  [avg_train_loss=3.4815, avg_seen_mae=1.6768, avg_unseen_mae=1.7400]
    Epoch 853:  [avg_train_loss=3.4815, avg_seen_mae=1.6768, avg_unseen_mae=1.7400]
    Epoch 854:  [avg_train_loss=3.4815, avg_seen_mae=1.6768, avg_unseen_mae=1.7400]
    Epoch 855:  [avg_train_loss=3.4815, avg_seen_mae=1.6768, avg_unseen_mae=1.7400]
    Epoch 856:  [avg_train_loss=3.4815, avg_seen_mae=1.6768, avg_unseen_mae=1.7400]
    Epoch 857:  [avg_train_loss=3.4815, avg_seen_mae=1.6768, avg_unseen_mae=1.7400]
    Epoch 858:  [avg_train_loss=3.4815, avg_seen_mae=1.6768, avg_unseen_mae=1.7400]
    Epoch 859:  [avg_train_loss=3.4815, avg_seen_mae=1.6768, avg_unseen_mae=1.7400]
    Epoch 860:  [avg_train_loss=3.4815, avg_seen_mae=1.6768, avg_unseen_mae=1.7400]
    Epoch 861:  [avg_train_loss=3.4815, avg_seen_mae=1.6768, avg_unseen_mae=1.7400]
    Epoch 862:  [avg_train_loss=3.4815, avg_seen_mae=1.6768, avg_unseen_mae=1.7400]
    Epoch 863:  [avg_train_loss=3.4815, avg_seen_mae=1.6768, avg_unseen_mae=1.7400]
    Epoch 864:  [avg_train_loss=3.4815, avg_seen_mae=1.6768, avg_unseen_mae=1.7400]
    Epoch 865:  [avg_train_loss=3.4815, avg_seen_mae=1.6768, avg_unseen_mae=1.7400]
    Epoch 866:  [avg_train_loss=3.4815, avg_seen_mae=1.6768, avg_unseen_mae=1.7400]
    Epoch 867:  [avg_train_loss=3.4815, avg_seen_mae=1.6768, avg_unseen_mae=1.7400]
    Epoch 868:  [avg_train_loss=3.4815, avg_seen_mae=1.6768, avg_unseen_mae=1.7400]
    Epoch 869:  [avg_train_loss=3.4815, avg_seen_mae=1.6768, avg_unseen_mae=1.7400]
    Epoch 870:  [avg_train_loss=3.4815, avg_seen_mae=1.6768, avg_unseen_mae=1.7400]
    Epoch 871:  [avg_train_loss=3.4815, avg_seen_mae=1.6768, avg_unseen_mae=1.7400]
    Epoch 872:  [avg_train_loss=3.4815, avg_seen_mae=1.6768, avg_unseen_mae=1.7400]
    Epoch 873:  [avg_train_loss=3.4815, avg_seen_mae=1.6768, avg_unseen_mae=1.7400]
    Epoch 874:  [avg_train_loss=3.4815, avg_seen_mae=1.6768, avg_unseen_mae=1.7400]
    Epoch 875:  [avg_train_loss=3.4815, avg_seen_mae=1.6768, avg_unseen_mae=1.7400]
    Epoch 876:  [avg_train_loss=3.4815, avg_seen_mae=1.6768, avg_unseen_mae=1.7400]
    Epoch 877:  [avg_train_loss=3.4815, avg_seen_mae=1.6768, avg_unseen_mae=1.7400]
    Epoch 878:  [avg_train_loss=3.4815, avg_seen_mae=1.6768, avg_unseen_mae=1.7400]
    Epoch 879:  [avg_train_loss=3.4815, avg_seen_mae=1.6768, avg_unseen_mae=1.7400]
    Epoch 880:  [avg_train_loss=3.4815, avg_seen_mae=1.6768, avg_unseen_mae=1.7400]
    Epoch 881:  [avg_train_loss=3.4815, avg_seen_mae=1.6768, avg_unseen_mae=1.7400]
    Epoch 882:  [avg_train_loss=3.4815, avg_seen_mae=1.6768, avg_unseen_mae=1.7400]
    Epoch 883:  [avg_train_loss=3.4815, avg_seen_mae=1.6768, avg_unseen_mae=1.7400]
    Epoch 884:  [avg_train_loss=3.4815, avg_seen_mae=1.6768, avg_unseen_mae=1.7400]
    Epoch 885:  [avg_train_loss=3.4815, avg_seen_mae=1.6768, avg_unseen_mae=1.7400]
    Epoch 886:  [avg_train_loss=3.4815, avg_seen_mae=1.6768, avg_unseen_mae=1.7400]
    Epoch 887:  [avg_train_loss=3.4815, avg_seen_mae=1.6768, avg_unseen_mae=1.7400]
    Epoch 888:  [avg_train_loss=3.4815, avg_seen_mae=1.6768, avg_unseen_mae=1.7400]
    Epoch 889:  [avg_train_loss=3.4815, avg_seen_mae=1.6768, avg_unseen_mae=1.7400]
    Epoch 890:  [avg_train_loss=3.4815, avg_seen_mae=1.6768, avg_unseen_mae=1.7400]
    Epoch 891:  [avg_train_loss=3.4815, avg_seen_mae=1.6768, avg_unseen_mae=1.7400]
    Epoch 892:  [avg_train_loss=3.4815, avg_seen_mae=1.6768, avg_unseen_mae=1.7400]
    Epoch 893:  [avg_train_loss=3.4815, avg_seen_mae=1.6768, avg_unseen_mae=1.7400]
    Epoch 894:  [avg_train_loss=3.4815, avg_seen_mae=1.6768, avg_unseen_mae=1.7400]
    Epoch 895:  [avg_train_loss=3.4815, avg_seen_mae=1.6768, avg_unseen_mae=1.7400]
    Epoch 896:  [avg_train_loss=3.4815, avg_seen_mae=1.6768, avg_unseen_mae=1.7400]
    Epoch 897:  [avg_train_loss=3.4815, avg_seen_mae=1.6768, avg_unseen_mae=1.7400]
    Epoch 898:  [avg_train_loss=3.4815, avg_seen_mae=1.6768, avg_unseen_mae=1.7400]
    Epoch 899:  [avg_train_loss=3.4815, avg_seen_mae=1.6768, avg_unseen_mae=1.7400]
    Epoch 900:  [avg_train_loss=3.4815, avg_seen_mae=1.6768, avg_unseen_mae=1.7400]
    Epoch 901:  [avg_train_loss=3.4815, avg_seen_mae=1.6768, avg_unseen_mae=1.7400]
    Epoch 902:  [avg_train_loss=3.4815, avg_seen_mae=1.6768, avg_unseen_mae=1.7400]
    Epoch 903:  [avg_train_loss=3.4815, avg_seen_mae=1.6768, avg_unseen_mae=1.7400]
    Epoch 904:  [avg_train_loss=3.4815, avg_seen_mae=1.6768, avg_unseen_mae=1.7400]
    Epoch 905:  [avg_train_loss=3.4815, avg_seen_mae=1.6768, avg_unseen_mae=1.7400]
    Epoch 906:  [avg_train_loss=3.4815, avg_seen_mae=1.6768, avg_unseen_mae=1.7400]
    Epoch 907:  [avg_train_loss=3.4815, avg_seen_mae=1.6768, avg_unseen_mae=1.7400]
    Epoch 908:  [avg_train_loss=3.4815, avg_seen_mae=1.6768, avg_unseen_mae=1.7400]
    Epoch 909:  [avg_train_loss=3.4815, avg_seen_mae=1.6768, avg_unseen_mae=1.7400]
    Epoch 910:  [avg_train_loss=3.4815, avg_seen_mae=1.6768, avg_unseen_mae=1.7400]
    Epoch 911:  [avg_train_loss=3.4815, avg_seen_mae=1.6768, avg_unseen_mae=1.7400]
    Epoch 912:  [avg_train_loss=3.4815, avg_seen_mae=1.6768, avg_unseen_mae=1.7400]
    Epoch 913:  [avg_train_loss=3.4815, avg_seen_mae=1.6768, avg_unseen_mae=1.7400]
    Epoch 914:  [avg_train_loss=3.4815, avg_seen_mae=1.6768, avg_unseen_mae=1.7400]
    Epoch 915:  [avg_train_loss=3.4815, avg_seen_mae=1.6768, avg_unseen_mae=1.7400]
    Epoch 916:  [avg_train_loss=3.4815, avg_seen_mae=1.6768, avg_unseen_mae=1.7400]
    Epoch 917:  [avg_train_loss=3.4815, avg_seen_mae=1.6768, avg_unseen_mae=1.7400]
    Epoch 918:  [avg_train_loss=3.4815, avg_seen_mae=1.6768, avg_unseen_mae=1.7400]
    Epoch 919:  [avg_train_loss=3.4815, avg_seen_mae=1.6768, avg_unseen_mae=1.7400]
    Epoch 920:  [avg_train_loss=3.4815, avg_seen_mae=1.6768, avg_unseen_mae=1.7400]
    Epoch 921:  [avg_train_loss=3.4815, avg_seen_mae=1.6768, avg_unseen_mae=1.7400]
    Epoch 922:  [avg_train_loss=3.4815, avg_seen_mae=1.6768, avg_unseen_mae=1.7400]
    Epoch 923:  [avg_train_loss=3.4815, avg_seen_mae=1.6768, avg_unseen_mae=1.7400]
    Epoch 924:  [avg_train_loss=3.4815, avg_seen_mae=1.6768, avg_unseen_mae=1.7400]
    Epoch 925:  [avg_train_loss=3.4815, avg_seen_mae=1.6768, avg_unseen_mae=1.7400]
    Epoch 926:  [avg_train_loss=3.4815, avg_seen_mae=1.6768, avg_unseen_mae=1.7400]
    Epoch 927:  [avg_train_loss=3.4815, avg_seen_mae=1.6768, avg_unseen_mae=1.7400]
    Epoch 928:  [avg_train_loss=3.4815, avg_seen_mae=1.6768, avg_unseen_mae=1.7400]
    Epoch 929:  [avg_train_loss=3.4815, avg_seen_mae=1.6768, avg_unseen_mae=1.7400]
    Epoch 930:  [avg_train_loss=3.4815, avg_seen_mae=1.6768, avg_unseen_mae=1.7400]
    Epoch 931:  [avg_train_loss=3.4815, avg_seen_mae=1.6768, avg_unseen_mae=1.7400]
    Epoch 932:  [avg_train_loss=3.4815, avg_seen_mae=1.6768, avg_unseen_mae=1.7400]
    Epoch 933:  [avg_train_loss=3.4815, avg_seen_mae=1.6768, avg_unseen_mae=1.7400]
    Epoch 934:  [avg_train_loss=3.4815, avg_seen_mae=1.6768, avg_unseen_mae=1.7400]
    Epoch 935:  [avg_train_loss=3.4815, avg_seen_mae=1.6768, avg_unseen_mae=1.7400]
    Epoch 936:  [avg_train_loss=3.4815, avg_seen_mae=1.6768, avg_unseen_mae=1.7400]
    Epoch 937:  [avg_train_loss=3.4815, avg_seen_mae=1.6768, avg_unseen_mae=1.7400]
    Epoch 938:  [avg_train_loss=3.4815, avg_seen_mae=1.6768, avg_unseen_mae=1.7400]
    Epoch 939:  [avg_train_loss=3.4815, avg_seen_mae=1.6768, avg_unseen_mae=1.7400]
    Epoch 940:  [avg_train_loss=3.4815, avg_seen_mae=1.6768, avg_unseen_mae=1.7400]
    Epoch 941:  [avg_train_loss=3.4815, avg_seen_mae=1.6768, avg_unseen_mae=1.7400]
    Epoch 942:  [avg_train_loss=3.4815, avg_seen_mae=1.6768, avg_unseen_mae=1.7400]
    Epoch 943:  [avg_train_loss=3.4815, avg_seen_mae=1.6768, avg_unseen_mae=1.7400]
    Epoch 944:  [avg_train_loss=3.4815, avg_seen_mae=1.6768, avg_unseen_mae=1.7400]
    Epoch 945:  [avg_train_loss=3.4815, avg_seen_mae=1.6768, avg_unseen_mae=1.7400]
    Epoch 946:  [avg_train_loss=3.4815, avg_seen_mae=1.6768, avg_unseen_mae=1.7400]
    Epoch 947:  [avg_train_loss=3.4815, avg_seen_mae=1.6768, avg_unseen_mae=1.7400]
    Epoch 948:  [avg_train_loss=3.4815, avg_seen_mae=1.6768, avg_unseen_mae=1.7400]
    Epoch 949:  [avg_train_loss=3.4815, avg_seen_mae=1.6768, avg_unseen_mae=1.7400]
    Epoch 950:  [avg_train_loss=3.4815, avg_seen_mae=1.6768, avg_unseen_mae=1.7400]
    Epoch 951:  [avg_train_loss=3.4815, avg_seen_mae=1.6768, avg_unseen_mae=1.7400]
    Epoch 952:  [avg_train_loss=3.4815, avg_seen_mae=1.6768, avg_unseen_mae=1.7400]
    Epoch 953:  [avg_train_loss=3.4815, avg_seen_mae=1.6768, avg_unseen_mae=1.7400]
    Epoch 954:  [avg_train_loss=3.4815, avg_seen_mae=1.6768, avg_unseen_mae=1.7400]
    Epoch 955:  [avg_train_loss=3.4815, avg_seen_mae=1.6768, avg_unseen_mae=1.7400]
    Epoch 956:  [avg_train_loss=3.4815, avg_seen_mae=1.6768, avg_unseen_mae=1.7400]
    Epoch 957:  [avg_train_loss=3.4815, avg_seen_mae=1.6768, avg_unseen_mae=1.7400]
    Epoch 958:  [avg_train_loss=3.4815, avg_seen_mae=1.6768, avg_unseen_mae=1.7400]
    Epoch 959:  [avg_train_loss=3.4815, avg_seen_mae=1.6768, avg_unseen_mae=1.7400]
    Epoch 960:  [avg_train_loss=3.4815, avg_seen_mae=1.6768, avg_unseen_mae=1.7400]
    Epoch 961:  [avg_train_loss=3.4815, avg_seen_mae=1.6768, avg_unseen_mae=1.7400]
    Epoch 962:  [avg_train_loss=3.4815, avg_seen_mae=1.6768, avg_unseen_mae=1.7400]
    Epoch 963:  [avg_train_loss=3.4815, avg_seen_mae=1.6768, avg_unseen_mae=1.7400]
    Epoch 964:  [avg_train_loss=3.4815, avg_seen_mae=1.6768, avg_unseen_mae=1.7400]
    Epoch 965:  [avg_train_loss=3.4815, avg_seen_mae=1.6768, avg_unseen_mae=1.7400]
    Epoch 966:  [avg_train_loss=3.4815, avg_seen_mae=1.6768, avg_unseen_mae=1.7400]
    Epoch 967:  [avg_train_loss=3.4815, avg_seen_mae=1.6768, avg_unseen_mae=1.7400]
    Epoch 968:  [avg_train_loss=3.4815, avg_seen_mae=1.6768, avg_unseen_mae=1.7400]
    Epoch 969:  [avg_train_loss=3.4815, avg_seen_mae=1.6768, avg_unseen_mae=1.7400]
    Epoch 970:  [avg_train_loss=3.4815, avg_seen_mae=1.6768, avg_unseen_mae=1.7400]
    Epoch 971:  [avg_train_loss=3.4815, avg_seen_mae=1.6768, avg_unseen_mae=1.7400]
    Epoch 972:  [avg_train_loss=3.4815, avg_seen_mae=1.6768, avg_unseen_mae=1.7400]
    Epoch 973:  [avg_train_loss=3.4815, avg_seen_mae=1.6768, avg_unseen_mae=1.7400]
    Epoch 974:  [avg_train_loss=3.4815, avg_seen_mae=1.6768, avg_unseen_mae=1.7400]
    Epoch 975:  [avg_train_loss=3.4815, avg_seen_mae=1.6768, avg_unseen_mae=1.7400]
    Epoch 976:  [avg_train_loss=3.4815, avg_seen_mae=1.6768, avg_unseen_mae=1.7400]
    Epoch 977:  [avg_train_loss=3.4815, avg_seen_mae=1.6768, avg_unseen_mae=1.7400]
    Epoch 978:  [avg_train_loss=3.4815, avg_seen_mae=1.6768, avg_unseen_mae=1.7400]
    Epoch 979:  [avg_train_loss=3.4815, avg_seen_mae=1.6768, avg_unseen_mae=1.7400]
    Epoch 980:  [avg_train_loss=3.4815, avg_seen_mae=1.6768, avg_unseen_mae=1.7400]
    Epoch 981:  [avg_train_loss=3.4815, avg_seen_mae=1.6768, avg_unseen_mae=1.7400]
    Epoch 982:  [avg_train_loss=3.4815, avg_seen_mae=1.6768, avg_unseen_mae=1.7400]
    Epoch 983:  [avg_train_loss=3.4815, avg_seen_mae=1.6768, avg_unseen_mae=1.7400]
    Epoch 984:  [avg_train_loss=3.4815, avg_seen_mae=1.6768, avg_unseen_mae=1.7400]
    Epoch 985:  [avg_train_loss=3.4815, avg_seen_mae=1.6768, avg_unseen_mae=1.7400]
    Epoch 986:  [avg_train_loss=3.4815, avg_seen_mae=1.6768, avg_unseen_mae=1.7400]
    Epoch 987:  [avg_train_loss=3.4815, avg_seen_mae=1.6768, avg_unseen_mae=1.7400]
    Epoch 988:  [avg_train_loss=3.4815, avg_seen_mae=1.6768, avg_unseen_mae=1.7400]
    Epoch 989:  [avg_train_loss=3.4815, avg_seen_mae=1.6768, avg_unseen_mae=1.7400]
    Epoch 990:  [avg_train_loss=3.4815, avg_seen_mae=1.6768, avg_unseen_mae=1.7400]
    Epoch 991:  [avg_train_loss=3.4815, avg_seen_mae=1.6768, avg_unseen_mae=1.7400]
    Epoch 992:  [avg_train_loss=3.4815, avg_seen_mae=1.6768, avg_unseen_mae=1.7400]
    Epoch 993:  [avg_train_loss=3.4815, avg_seen_mae=1.6768, avg_unseen_mae=1.7400]
    Epoch 994:  [avg_train_loss=3.4815, avg_seen_mae=1.6768, avg_unseen_mae=1.7400]
    Epoch 995:  [avg_train_loss=3.4815, avg_seen_mae=1.6768, avg_unseen_mae=1.7400]
    Epoch 996:  [avg_train_loss=3.4815, avg_seen_mae=1.6768, avg_unseen_mae=1.7400]
    Epoch 997:  [avg_train_loss=3.4815, avg_seen_mae=1.6768, avg_unseen_mae=1.7400]
    Epoch 998:  [avg_train_loss=3.4815, avg_seen_mae=1.6768, avg_unseen_mae=1.7400]
    Epoch 999:  [avg_train_loss=3.4815, avg_seen_mae=1.6768, avg_unseen_mae=1.7400]
    Epoch 1000:  [avg_train_loss=3.4815, avg_seen_mae=1.6768, avg_unseen_mae=1.7400]
  [AGGREGATED_CURVES_END]


==================================================
  Experiment: Withholding m=3 stations
==================================================
  Running 10 iterations for m=3...

  --- Iteration 1/10 ---
  Unseen stations (3): ['0-20000-0-06278', '0-20000-0-06320', '0-20000-0-06330']
  [Time Est] ~16.2s/epoch. ETA for m=3: ~53.8 mins.
    Epoch   10/1000 | Loss: 3.6375 | Monitor MAE: 1.7629 | Patience: 4/10
    Early stopping triggered after 15 epochs.
    Iter 1 Results -> Seen MAE: 1.7785 | Unseen MAE: 1.7211

  --- Iteration 2/10 ---
  Unseen stations (3): ['0-20000-0-06286', '0-20000-0-06290', '0-20000-0-06348']
    Epoch   10/1000 | Loss: 3.5571 | Monitor MAE: 1.8186 | Patience: 1/10
    Epoch   20/1000 | Loss: 3.5179 | Monitor MAE: 1.7951 | Patience: 1/10
    Epoch   30/1000 | Loss: 3.4936 | Monitor MAE: 1.7818 | Patience: 0/10
    Epoch   40/1000 | Loss: 3.4833 | Monitor MAE: 1.7551 | Patience: 1/10
    Epoch   50/1000 | Loss: 3.4617 | Monitor MAE: 1.7390 | Patience: 2/10
    Epoch   60/1000 | Loss: 3.4508 | Monitor MAE: 1.7292 | Patience: 0/10
    Epoch   70/1000 | Loss: 3.4359 | Monitor MAE: 1.7296 | Patience: 1/10
    Epoch   80/1000 | Loss: 3.4311 | Monitor MAE: 1.7390 | Patience: 5/10
    Early stopping triggered after 84 epochs.
    Iter 2 Results -> Seen MAE: 1.6402 | Unseen MAE: 1.7165

  --- Iteration 3/10 ---
  Unseen stations (3): ['0-20000-0-06310', '0-20000-0-06356', '0-20000-0-06375']
    Epoch   10/1000 | Loss: 3.5829 | Monitor MAE: 1.7859 | Patience: 0/10
    Epoch   20/1000 | Loss: 3.5501 | Monitor MAE: 1.7225 | Patience: 0/10
    Epoch   30/1000 | Loss: 3.5219 | Monitor MAE: 1.7011 | Patience: 0/10
    Epoch   40/1000 | Loss: 3.5058 | Monitor MAE: 1.6798 | Patience: 5/10
    Epoch   50/1000 | Loss: 3.4922 | Monitor MAE: 1.6799 | Patience: 1/10
    Epoch   60/1000 | Loss: 3.4803 | Monitor MAE: 1.6730 | Patience: 6/10
    Early stopping triggered after 63 epochs.
    Iter 3 Results -> Seen MAE: 1.6614 | Unseen MAE: 1.6691

  --- Iteration 4/10 ---
  Unseen stations (3): ['0-20000-0-06273', '0-20000-0-06279', '0-20000-0-06380']
    Epoch   10/1000 | Loss: 3.5492 | Monitor MAE: 1.8346 | Patience: 1/10
    Epoch   20/1000 | Loss: 3.5055 | Monitor MAE: 1.8021 | Patience: 0/10
    Epoch   30/1000 | Loss: 3.4806 | Monitor MAE: 1.7965 | Patience: 1/10
    Epoch   40/1000 | Loss: 3.4650 | Monitor MAE: 1.7732 | Patience: 0/10
    Epoch   50/1000 | Loss: 3.4538 | Monitor MAE: 1.7768 | Patience: 0/10
    Epoch   60/1000 | Loss: 3.4438 | Monitor MAE: 1.7658 | Patience: 0/10
    Epoch   70/1000 | Loss: 3.4357 | Monitor MAE: 1.7402 | Patience: 2/10
    Epoch   80/1000 | Loss: 3.4190 | Monitor MAE: 1.7416 | Patience: 0/10
    Epoch   90/1000 | Loss: 3.4057 | Monitor MAE: 1.7646 | Patience: 2/10
    Epoch  100/1000 | Loss: 3.4077 | Monitor MAE: 1.7282 | Patience: 1/10
    Epoch  110/1000 | Loss: 3.3885 | Monitor MAE: 1.7387 | Patience: 5/10
    Early stopping triggered after 114 epochs.
    Iter 4 Results -> Seen MAE: 1.6154 | Unseen MAE: 1.7223

  --- Iteration 5/10 ---
  Unseen stations (3): ['0-20000-0-06235', '0-20000-0-06269', '0-20000-0-06286']
    Epoch   10/1000 | Loss: 3.5946 | Monitor MAE: 1.7299 | Patience: 4/10
    Epoch   20/1000 | Loss: 3.5490 | Monitor MAE: 1.6956 | Patience: 0/10
    Epoch   30/1000 | Loss: 3.5271 | Monitor MAE: 1.6749 | Patience: 0/10
    Epoch   40/1000 | Loss: 3.5132 | Monitor MAE: 1.6688 | Patience: 5/10
    Epoch   50/1000 | Loss: 3.4963 | Monitor MAE: 1.6658 | Patience: 4/10
    Epoch   60/1000 | Loss: 3.4787 | Monitor MAE: 1.6626 | Patience: 4/10
    Early stopping triggered after 65 epochs.
    Iter 5 Results -> Seen MAE: 1.6721 | Unseen MAE: 1.6421

  --- Iteration 6/10 ---
  Unseen stations (3): ['0-20000-0-06286', '0-20000-0-06350', '0-20000-0-06370']
    Epoch   10/1000 | Loss: 3.5402 | Monitor MAE: 1.8846 | Patience: 6/10
    Epoch   20/1000 | Loss: 3.5054 | Monitor MAE: 1.8515 | Patience: 2/10
    Epoch   30/1000 | Loss: 3.4800 | Monitor MAE: 1.8396 | Patience: 0/10
    Epoch   40/1000 | Loss: 3.4664 | Monitor MAE: 1.8215 | Patience: 4/10
    Epoch   50/1000 | Loss: 3.4517 | Monitor MAE: 1.8197 | Patience: 8/10
    Early stopping triggered after 51 epochs.
    Iter 6 Results -> Seen MAE: 1.6658 | Unseen MAE: 1.8099

  --- Iteration 7/10 ---
  Unseen stations (3): ['0-20000-0-06273', '0-20000-0-06278', '0-20000-0-06290']
    Epoch   10/1000 | Loss: 3.5365 | Monitor MAE: 1.8306 | Patience: 1/10
    Epoch   20/1000 | Loss: 3.5022 | Monitor MAE: 1.7854 | Patience: 1/10
    Epoch   30/1000 | Loss: 3.4852 | Monitor MAE: 1.7654 | Patience: 3/10
    Epoch   40/1000 | Loss: 3.4614 | Monitor MAE: 1.7685 | Patience: 0/10
    Epoch   50/1000 | Loss: 3.4496 | Monitor MAE: 1.7512 | Patience: 0/10
    Epoch   60/1000 | Loss: 3.4300 | Monitor MAE: 1.7451 | Patience: 3/10
    Epoch   70/1000 | Loss: 3.4085 | Monitor MAE: 1.7297 | Patience: 8/10
    Early stopping triggered after 71 epochs.
    Iter 7 Results -> Seen MAE: 1.6403 | Unseen MAE: 1.7137

  --- Iteration 8/10 ---
  Unseen stations (3): ['0-20000-0-06320', '0-20000-0-06344', '0-20000-0-06370']
    Epoch   10/1000 | Loss: 3.6078 | Monitor MAE: 1.7858 | Patience: 6/10
    Early stopping triggered after 13 epochs.
    Iter 8 Results -> Seen MAE: 1.7889 | Unseen MAE: 1.7412

  --- Iteration 9/10 ---
  Unseen stations (3): ['0-20000-0-06280', '0-20000-0-06344', '0-20000-0-06356']
    Epoch   10/1000 | Loss: 3.5474 | Monitor MAE: 1.7415 | Patience: 1/10
    Epoch   20/1000 | Loss: 3.5170 | Monitor MAE: 1.7148 | Patience: 0/10
    Epoch   30/1000 | Loss: 3.4901 | Monitor MAE: 1.7147 | Patience: 5/10
    Early stopping triggered after 34 epochs.
    Iter 9 Results -> Seen MAE: 1.7066 | Unseen MAE: 1.7070

  --- Iteration 10/10 ---
  Unseen stations (3): ['0-20000-0-06269', '0-20000-0-06344', '0-20000-0-06350']
    Epoch   10/1000 | Loss: 3.5501 | Monitor MAE: 1.7536 | Patience: 1/10
    Epoch   20/1000 | Loss: 3.5240 | Monitor MAE: 1.7247 | Patience: 2/10
    Epoch   30/1000 | Loss: 3.5074 | Monitor MAE: 1.7032 | Patience: 1/10
    Epoch   40/1000 | Loss: 3.4835 | Monitor MAE: 1.7016 | Patience: 1/10
    Epoch   50/1000 | Loss: 3.4669 | Monitor MAE: 1.7092 | Patience: 2/10
    Epoch   60/1000 | Loss: 3.4454 | Monitor MAE: 1.7054 | Patience: 6/10
    Epoch   70/1000 | Loss: 3.4428 | Monitor MAE: 1.6982 | Patience: 2/10
    Epoch   80/1000 | Loss: 3.4256 | Monitor MAE: 1.6922 | Patience: 3/10
    Early stopping triggered after 86 epochs.
    Iter 10 Results -> Seen MAE: 1.6363 | Unseen MAE: 1.6683

  ========================================
  AGGREGATED RESULTS (Across all iterations)
  SEEN   mean MAE Tmax: 1.6805
  UNSEEN mean MAE Tmax: 1.7111 ± 0.0439
  Degradation: 0.0306 °C
  ========================================

  [AGGREGATED_CURVES_START]
    Epoch 1:  [avg_train_loss=3.7555, avg_seen_mae=1.8217, avg_unseen_mae=1.8524]
    Epoch 2:  [avg_train_loss=3.6693, avg_seen_mae=1.7927, avg_unseen_mae=1.8195]
    Epoch 3:  [avg_train_loss=3.6379, avg_seen_mae=1.7810, avg_unseen_mae=1.8090]
    Epoch 4:  [avg_train_loss=3.6179, avg_seen_mae=1.7664, avg_unseen_mae=1.8027]
    Epoch 5:  [avg_train_loss=3.6050, avg_seen_mae=1.7613, avg_unseen_mae=1.7971]
    Epoch 6:  [avg_train_loss=3.5949, avg_seen_mae=1.7577, avg_unseen_mae=1.7987]
    Epoch 7:  [avg_train_loss=3.5880, avg_seen_mae=1.7522, avg_unseen_mae=1.7979]
    Epoch 8:  [avg_train_loss=3.5813, avg_seen_mae=1.7422, avg_unseen_mae=1.7856]
    Epoch 9:  [avg_train_loss=3.5744, avg_seen_mae=1.7448, avg_unseen_mae=1.7981]
    Epoch 10:  [avg_train_loss=3.5703, avg_seen_mae=1.7411, avg_unseen_mae=1.7928]
    Epoch 11:  [avg_train_loss=3.5654, avg_seen_mae=1.7354, avg_unseen_mae=1.7905]
    Epoch 12:  [avg_train_loss=3.5615, avg_seen_mae=1.7351, avg_unseen_mae=1.7905]
    Epoch 13:  [avg_train_loss=3.5583, avg_seen_mae=1.7294, avg_unseen_mae=1.7928]
    Epoch 14:  [avg_train_loss=3.5522, avg_seen_mae=1.7278, avg_unseen_mae=1.7790]
    Epoch 15:  [avg_train_loss=3.5521, avg_seen_mae=1.7270, avg_unseen_mae=1.7850]
    Epoch 16:  [avg_train_loss=3.5488, avg_seen_mae=1.7249, avg_unseen_mae=1.7850]
    Epoch 17:  [avg_train_loss=3.5472, avg_seen_mae=1.7225, avg_unseen_mae=1.7800]
    Epoch 18:  [avg_train_loss=3.5435, avg_seen_mae=1.7193, avg_unseen_mae=1.7781]
    Epoch 19:  [avg_train_loss=3.5410, avg_seen_mae=1.7209, avg_unseen_mae=1.7782]
    Epoch 20:  [avg_train_loss=3.5378, avg_seen_mae=1.7153, avg_unseen_mae=1.7740]
    Epoch 21:  [avg_train_loss=3.5384, avg_seen_mae=1.7170, avg_unseen_mae=1.7777]
    Epoch 22:  [avg_train_loss=3.5358, avg_seen_mae=1.7139, avg_unseen_mae=1.7743]
    Epoch 23:  [avg_train_loss=3.5322, avg_seen_mae=1.7113, avg_unseen_mae=1.7725]
    Epoch 24:  [avg_train_loss=3.5304, avg_seen_mae=1.7119, avg_unseen_mae=1.7697]
    Epoch 25:  [avg_train_loss=3.5298, avg_seen_mae=1.7096, avg_unseen_mae=1.7742]
    Epoch 26:  [avg_train_loss=3.5283, avg_seen_mae=1.7062, avg_unseen_mae=1.7666]
    Epoch 27:  [avg_train_loss=3.5244, avg_seen_mae=1.7071, avg_unseen_mae=1.7677]
    Epoch 28:  [avg_train_loss=3.5252, avg_seen_mae=1.7044, avg_unseen_mae=1.7660]
    Epoch 29:  [avg_train_loss=3.5231, avg_seen_mae=1.7018, avg_unseen_mae=1.7620]
    Epoch 30:  [avg_train_loss=3.5193, avg_seen_mae=1.7024, avg_unseen_mae=1.7625]
    Epoch 31:  [avg_train_loss=3.5187, avg_seen_mae=1.6986, avg_unseen_mae=1.7606]
    Epoch 32:  [avg_train_loss=3.5173, avg_seen_mae=1.7009, avg_unseen_mae=1.7666]
    Epoch 33:  [avg_train_loss=3.5161, avg_seen_mae=1.7011, avg_unseen_mae=1.7669]
    Epoch 34:  [avg_train_loss=3.5135, avg_seen_mae=1.6962, avg_unseen_mae=1.7609]
    Epoch 35:  [avg_train_loss=3.5124, avg_seen_mae=1.6976, avg_unseen_mae=1.7646]
    Epoch 36:  [avg_train_loss=3.5124, avg_seen_mae=1.6931, avg_unseen_mae=1.7581]
    Epoch 37:  [avg_train_loss=3.5107, avg_seen_mae=1.6939, avg_unseen_mae=1.7610]
    Epoch 38:  [avg_train_loss=3.5097, avg_seen_mae=1.6913, avg_unseen_mae=1.7547]
    Epoch 39:  [avg_train_loss=3.5069, avg_seen_mae=1.6918, avg_unseen_mae=1.7570]
    Epoch 40:  [avg_train_loss=3.5068, avg_seen_mae=1.6903, avg_unseen_mae=1.7527]
    Epoch 41:  [avg_train_loss=3.5060, avg_seen_mae=1.6909, avg_unseen_mae=1.7554]
    Epoch 42:  [avg_train_loss=3.5045, avg_seen_mae=1.6917, avg_unseen_mae=1.7538]
    Epoch 43:  [avg_train_loss=3.5011, avg_seen_mae=1.6876, avg_unseen_mae=1.7524]
    Epoch 44:  [avg_train_loss=3.5005, avg_seen_mae=1.6858, avg_unseen_mae=1.7530]
    Epoch 45:  [avg_train_loss=3.4998, avg_seen_mae=1.6875, avg_unseen_mae=1.7535]
    Epoch 46:  [avg_train_loss=3.4995, avg_seen_mae=1.6882, avg_unseen_mae=1.7522]
    Epoch 47:  [avg_train_loss=3.4987, avg_seen_mae=1.6864, avg_unseen_mae=1.7484]
    Epoch 48:  [avg_train_loss=3.4967, avg_seen_mae=1.6837, avg_unseen_mae=1.7514]
    Epoch 49:  [avg_train_loss=3.4957, avg_seen_mae=1.6856, avg_unseen_mae=1.7468]
    Epoch 50:  [avg_train_loss=3.4962, avg_seen_mae=1.6862, avg_unseen_mae=1.7500]
    Epoch 51:  [avg_train_loss=3.4958, avg_seen_mae=1.6824, avg_unseen_mae=1.7453]
    Epoch 52:  [avg_train_loss=3.4954, avg_seen_mae=1.6827, avg_unseen_mae=1.7474]
    Epoch 53:  [avg_train_loss=3.4935, avg_seen_mae=1.6808, avg_unseen_mae=1.7460]
    Epoch 54:  [avg_train_loss=3.4921, avg_seen_mae=1.6831, avg_unseen_mae=1.7468]
    Epoch 55:  [avg_train_loss=3.4910, avg_seen_mae=1.6805, avg_unseen_mae=1.7454]
    Epoch 56:  [avg_train_loss=3.4903, avg_seen_mae=1.6796, avg_unseen_mae=1.7452]
    Epoch 57:  [avg_train_loss=3.4881, avg_seen_mae=1.6802, avg_unseen_mae=1.7453]
    Epoch 58:  [avg_train_loss=3.4875, avg_seen_mae=1.6833, avg_unseen_mae=1.7484]
    Epoch 59:  [avg_train_loss=3.4883, avg_seen_mae=1.6775, avg_unseen_mae=1.7427]
    Epoch 60:  [avg_train_loss=3.4871, avg_seen_mae=1.6805, avg_unseen_mae=1.7463]
    Epoch 61:  [avg_train_loss=3.4848, avg_seen_mae=1.6731, avg_unseen_mae=1.7389]
    Epoch 62:  [avg_train_loss=3.4850, avg_seen_mae=1.6754, avg_unseen_mae=1.7434]
    Epoch 63:  [avg_train_loss=3.4840, avg_seen_mae=1.6761, avg_unseen_mae=1.7421]
    Epoch 64:  [avg_train_loss=3.4848, avg_seen_mae=1.6747, avg_unseen_mae=1.7406]
    Epoch 65:  [avg_train_loss=3.4830, avg_seen_mae=1.6749, avg_unseen_mae=1.7426]
    Epoch 66:  [avg_train_loss=3.4825, avg_seen_mae=1.6768, avg_unseen_mae=1.7436]
    Epoch 67:  [avg_train_loss=3.4835, avg_seen_mae=1.6758, avg_unseen_mae=1.7428]
    Epoch 68:  [avg_train_loss=3.4820, avg_seen_mae=1.6730, avg_unseen_mae=1.7413]
    Epoch 69:  [avg_train_loss=3.4811, avg_seen_mae=1.6759, avg_unseen_mae=1.7433]
    Epoch 70:  [avg_train_loss=3.4809, avg_seen_mae=1.6713, avg_unseen_mae=1.7408]
    Epoch 71:  [avg_train_loss=3.4810, avg_seen_mae=1.6727, avg_unseen_mae=1.7414]
    Epoch 72:  [avg_train_loss=3.4818, avg_seen_mae=1.6721, avg_unseen_mae=1.7396]
    Epoch 73:  [avg_train_loss=3.4807, avg_seen_mae=1.6718, avg_unseen_mae=1.7393]
    Epoch 74:  [avg_train_loss=3.4796, avg_seen_mae=1.6720, avg_unseen_mae=1.7398]
    Epoch 75:  [avg_train_loss=3.4800, avg_seen_mae=1.6715, avg_unseen_mae=1.7421]
    Epoch 76:  [avg_train_loss=3.4790, avg_seen_mae=1.6711, avg_unseen_mae=1.7382]
    Epoch 77:  [avg_train_loss=3.4778, avg_seen_mae=1.6726, avg_unseen_mae=1.7423]
    Epoch 78:  [avg_train_loss=3.4786, avg_seen_mae=1.6717, avg_unseen_mae=1.7397]
    Epoch 79:  [avg_train_loss=3.4775, avg_seen_mae=1.6704, avg_unseen_mae=1.7385]
    Epoch 80:  [avg_train_loss=3.4775, avg_seen_mae=1.6734, avg_unseen_mae=1.7411]
    Epoch 81:  [avg_train_loss=3.4786, avg_seen_mae=1.6695, avg_unseen_mae=1.7375]
    Epoch 82:  [avg_train_loss=3.4764, avg_seen_mae=1.6720, avg_unseen_mae=1.7408]
    Epoch 83:  [avg_train_loss=3.4792, avg_seen_mae=1.6785, avg_unseen_mae=1.7516]
    Epoch 84:  [avg_train_loss=3.4776, avg_seen_mae=1.6699, avg_unseen_mae=1.7387]
    Epoch 85:  [avg_train_loss=3.4770, avg_seen_mae=1.6708, avg_unseen_mae=1.7406]
    Epoch 86:  [avg_train_loss=3.4764, avg_seen_mae=1.6704, avg_unseen_mae=1.7392]
    Epoch 87:  [avg_train_loss=3.4763, avg_seen_mae=1.6691, avg_unseen_mae=1.7379]
    Epoch 88:  [avg_train_loss=3.4763, avg_seen_mae=1.6693, avg_unseen_mae=1.7395]
    Epoch 89:  [avg_train_loss=3.4758, avg_seen_mae=1.6707, avg_unseen_mae=1.7402]
    Epoch 90:  [avg_train_loss=3.4758, avg_seen_mae=1.6712, avg_unseen_mae=1.7413]
    Epoch 91:  [avg_train_loss=3.4766, avg_seen_mae=1.6693, avg_unseen_mae=1.7392]
    Epoch 92:  [avg_train_loss=3.4758, avg_seen_mae=1.6688, avg_unseen_mae=1.7376]
    Epoch 93:  [avg_train_loss=3.4760, avg_seen_mae=1.6702, avg_unseen_mae=1.7384]
    Epoch 94:  [avg_train_loss=3.4749, avg_seen_mae=1.6696, avg_unseen_mae=1.7383]
    Epoch 95:  [avg_train_loss=3.4761, avg_seen_mae=1.6718, avg_unseen_mae=1.7412]
    Epoch 96:  [avg_train_loss=3.4750, avg_seen_mae=1.6705, avg_unseen_mae=1.7392]
    Epoch 97:  [avg_train_loss=3.4754, avg_seen_mae=1.6698, avg_unseen_mae=1.7393]
    Epoch 98:  [avg_train_loss=3.4752, avg_seen_mae=1.6698, avg_unseen_mae=1.7376]
    Epoch 99:  [avg_train_loss=3.4757, avg_seen_mae=1.6693, avg_unseen_mae=1.7380]
    Epoch 100:  [avg_train_loss=3.4760, avg_seen_mae=1.6697, avg_unseen_mae=1.7377]
    Epoch 101:  [avg_train_loss=3.4751, avg_seen_mae=1.6697, avg_unseen_mae=1.7389]
    Epoch 102:  [avg_train_loss=3.4747, avg_seen_mae=1.6694, avg_unseen_mae=1.7389]
    Epoch 103:  [avg_train_loss=3.4751, avg_seen_mae=1.6690, avg_unseen_mae=1.7376]
    Epoch 104:  [avg_train_loss=3.4748, avg_seen_mae=1.6689, avg_unseen_mae=1.7371]
    Epoch 105:  [avg_train_loss=3.4754, avg_seen_mae=1.6687, avg_unseen_mae=1.7373]
    Epoch 106:  [avg_train_loss=3.4756, avg_seen_mae=1.6690, avg_unseen_mae=1.7377]
    Epoch 107:  [avg_train_loss=3.4741, avg_seen_mae=1.6719, avg_unseen_mae=1.7417]
    Epoch 108:  [avg_train_loss=3.4741, avg_seen_mae=1.6699, avg_unseen_mae=1.7377]
    Epoch 109:  [avg_train_loss=3.4741, avg_seen_mae=1.6691, avg_unseen_mae=1.7384]
    Epoch 110:  [avg_train_loss=3.4741, avg_seen_mae=1.6701, avg_unseen_mae=1.7388]
    Epoch 111:  [avg_train_loss=3.4734, avg_seen_mae=1.6695, avg_unseen_mae=1.7383]
    Epoch 112:  [avg_train_loss=3.4741, avg_seen_mae=1.6693, avg_unseen_mae=1.7403]
    Epoch 113:  [avg_train_loss=3.4744, avg_seen_mae=1.6698, avg_unseen_mae=1.7391]
    Epoch 114:  [avg_train_loss=3.4743, avg_seen_mae=1.6688, avg_unseen_mae=1.7380]
    Epoch 115:  [avg_train_loss=3.4743, avg_seen_mae=1.6688, avg_unseen_mae=1.7380]
    Epoch 116:  [avg_train_loss=3.4743, avg_seen_mae=1.6688, avg_unseen_mae=1.7380]
    Epoch 117:  [avg_train_loss=3.4743, avg_seen_mae=1.6688, avg_unseen_mae=1.7380]
    Epoch 118:  [avg_train_loss=3.4743, avg_seen_mae=1.6688, avg_unseen_mae=1.7380]
    Epoch 119:  [avg_train_loss=3.4743, avg_seen_mae=1.6688, avg_unseen_mae=1.7380]
    Epoch 120:  [avg_train_loss=3.4743, avg_seen_mae=1.6688, avg_unseen_mae=1.7380]
    Epoch 121:  [avg_train_loss=3.4743, avg_seen_mae=1.6688, avg_unseen_mae=1.7380]
    Epoch 122:  [avg_train_loss=3.4743, avg_seen_mae=1.6688, avg_unseen_mae=1.7380]
    Epoch 123:  [avg_train_loss=3.4743, avg_seen_mae=1.6688, avg_unseen_mae=1.7380]
    Epoch 124:  [avg_train_loss=3.4743, avg_seen_mae=1.6688, avg_unseen_mae=1.7380]
    Epoch 125:  [avg_train_loss=3.4743, avg_seen_mae=1.6688, avg_unseen_mae=1.7380]
    Epoch 126:  [avg_train_loss=3.4743, avg_seen_mae=1.6688, avg_unseen_mae=1.7380]
    Epoch 127:  [avg_train_loss=3.4743, avg_seen_mae=1.6688, avg_unseen_mae=1.7380]
    Epoch 128:  [avg_train_loss=3.4743, avg_seen_mae=1.6688, avg_unseen_mae=1.7380]
    Epoch 129:  [avg_train_loss=3.4743, avg_seen_mae=1.6688, avg_unseen_mae=1.7380]
    Epoch 130:  [avg_train_loss=3.4743, avg_seen_mae=1.6688, avg_unseen_mae=1.7380]
    Epoch 131:  [avg_train_loss=3.4743, avg_seen_mae=1.6688, avg_unseen_mae=1.7380]
    Epoch 132:  [avg_train_loss=3.4743, avg_seen_mae=1.6688, avg_unseen_mae=1.7380]
    Epoch 133:  [avg_train_loss=3.4743, avg_seen_mae=1.6688, avg_unseen_mae=1.7380]
    Epoch 134:  [avg_train_loss=3.4743, avg_seen_mae=1.6688, avg_unseen_mae=1.7380]
    Epoch 135:  [avg_train_loss=3.4743, avg_seen_mae=1.6688, avg_unseen_mae=1.7380]
    Epoch 136:  [avg_train_loss=3.4743, avg_seen_mae=1.6688, avg_unseen_mae=1.7380]
    Epoch 137:  [avg_train_loss=3.4743, avg_seen_mae=1.6688, avg_unseen_mae=1.7380]
    Epoch 138:  [avg_train_loss=3.4743, avg_seen_mae=1.6688, avg_unseen_mae=1.7380]
    Epoch 139:  [avg_train_loss=3.4743, avg_seen_mae=1.6688, avg_unseen_mae=1.7380]
    Epoch 140:  [avg_train_loss=3.4743, avg_seen_mae=1.6688, avg_unseen_mae=1.7380]
    Epoch 141:  [avg_train_loss=3.4743, avg_seen_mae=1.6688, avg_unseen_mae=1.7380]
    Epoch 142:  [avg_train_loss=3.4743, avg_seen_mae=1.6688, avg_unseen_mae=1.7380]
    Epoch 143:  [avg_train_loss=3.4743, avg_seen_mae=1.6688, avg_unseen_mae=1.7380]
    Epoch 144:  [avg_train_loss=3.4743, avg_seen_mae=1.6688, avg_unseen_mae=1.7380]
    Epoch 145:  [avg_train_loss=3.4743, avg_seen_mae=1.6688, avg_unseen_mae=1.7380]
    Epoch 146:  [avg_train_loss=3.4743, avg_seen_mae=1.6688, avg_unseen_mae=1.7380]
    Epoch 147:  [avg_train_loss=3.4743, avg_seen_mae=1.6688, avg_unseen_mae=1.7380]
    Epoch 148:  [avg_train_loss=3.4743, avg_seen_mae=1.6688, avg_unseen_mae=1.7380]
    Epoch 149:  [avg_train_loss=3.4743, avg_seen_mae=1.6688, avg_unseen_mae=1.7380]
    Epoch 150:  [avg_train_loss=3.4743, avg_seen_mae=1.6688, avg_unseen_mae=1.7380]
    Epoch 151:  [avg_train_loss=3.4743, avg_seen_mae=1.6688, avg_unseen_mae=1.7380]
    Epoch 152:  [avg_train_loss=3.4743, avg_seen_mae=1.6688, avg_unseen_mae=1.7380]
    Epoch 153:  [avg_train_loss=3.4743, avg_seen_mae=1.6688, avg_unseen_mae=1.7380]
    Epoch 154:  [avg_train_loss=3.4743, avg_seen_mae=1.6688, avg_unseen_mae=1.7380]
    Epoch 155:  [avg_train_loss=3.4743, avg_seen_mae=1.6688, avg_unseen_mae=1.7380]
    Epoch 156:  [avg_train_loss=3.4743, avg_seen_mae=1.6688, avg_unseen_mae=1.7380]
    Epoch 157:  [avg_train_loss=3.4743, avg_seen_mae=1.6688, avg_unseen_mae=1.7380]
    Epoch 158:  [avg_train_loss=3.4743, avg_seen_mae=1.6688, avg_unseen_mae=1.7380]
    Epoch 159:  [avg_train_loss=3.4743, avg_seen_mae=1.6688, avg_unseen_mae=1.7380]
    Epoch 160:  [avg_train_loss=3.4743, avg_seen_mae=1.6688, avg_unseen_mae=1.7380]
    Epoch 161:  [avg_train_loss=3.4743, avg_seen_mae=1.6688, avg_unseen_mae=1.7380]
    Epoch 162:  [avg_train_loss=3.4743, avg_seen_mae=1.6688, avg_unseen_mae=1.7380]
    Epoch 163:  [avg_train_loss=3.4743, avg_seen_mae=1.6688, avg_unseen_mae=1.7380]
    Epoch 164:  [avg_train_loss=3.4743, avg_seen_mae=1.6688, avg_unseen_mae=1.7380]
    Epoch 165:  [avg_train_loss=3.4743, avg_seen_mae=1.6688, avg_unseen_mae=1.7380]
    Epoch 166:  [avg_train_loss=3.4743, avg_seen_mae=1.6688, avg_unseen_mae=1.7380]
    Epoch 167:  [avg_train_loss=3.4743, avg_seen_mae=1.6688, avg_unseen_mae=1.7380]
    Epoch 168:  [avg_train_loss=3.4743, avg_seen_mae=1.6688, avg_unseen_mae=1.7380]
    Epoch 169:  [avg_train_loss=3.4743, avg_seen_mae=1.6688, avg_unseen_mae=1.7380]
    Epoch 170:  [avg_train_loss=3.4743, avg_seen_mae=1.6688, avg_unseen_mae=1.7380]
    Epoch 171:  [avg_train_loss=3.4743, avg_seen_mae=1.6688, avg_unseen_mae=1.7380]
    Epoch 172:  [avg_train_loss=3.4743, avg_seen_mae=1.6688, avg_unseen_mae=1.7380]
    Epoch 173:  [avg_train_loss=3.4743, avg_seen_mae=1.6688, avg_unseen_mae=1.7380]
    Epoch 174:  [avg_train_loss=3.4743, avg_seen_mae=1.6688, avg_unseen_mae=1.7380]
    Epoch 175:  [avg_train_loss=3.4743, avg_seen_mae=1.6688, avg_unseen_mae=1.7380]
    Epoch 176:  [avg_train_loss=3.4743, avg_seen_mae=1.6688, avg_unseen_mae=1.7380]
    Epoch 177:  [avg_train_loss=3.4743, avg_seen_mae=1.6688, avg_unseen_mae=1.7380]
    Epoch 178:  [avg_train_loss=3.4743, avg_seen_mae=1.6688, avg_unseen_mae=1.7380]
    Epoch 179:  [avg_train_loss=3.4743, avg_seen_mae=1.6688, avg_unseen_mae=1.7380]
    Epoch 180:  [avg_train_loss=3.4743, avg_seen_mae=1.6688, avg_unseen_mae=1.7380]
    Epoch 181:  [avg_train_loss=3.4743, avg_seen_mae=1.6688, avg_unseen_mae=1.7380]
    Epoch 182:  [avg_train_loss=3.4743, avg_seen_mae=1.6688, avg_unseen_mae=1.7380]
    Epoch 183:  [avg_train_loss=3.4743, avg_seen_mae=1.6688, avg_unseen_mae=1.7380]
    Epoch 184:  [avg_train_loss=3.4743, avg_seen_mae=1.6688, avg_unseen_mae=1.7380]
    Epoch 185:  [avg_train_loss=3.4743, avg_seen_mae=1.6688, avg_unseen_mae=1.7380]
    Epoch 186:  [avg_train_loss=3.4743, avg_seen_mae=1.6688, avg_unseen_mae=1.7380]
    Epoch 187:  [avg_train_loss=3.4743, avg_seen_mae=1.6688, avg_unseen_mae=1.7380]
    Epoch 188:  [avg_train_loss=3.4743, avg_seen_mae=1.6688, avg_unseen_mae=1.7380]
    Epoch 189:  [avg_train_loss=3.4743, avg_seen_mae=1.6688, avg_unseen_mae=1.7380]
    Epoch 190:  [avg_train_loss=3.4743, avg_seen_mae=1.6688, avg_unseen_mae=1.7380]
    Epoch 191:  [avg_train_loss=3.4743, avg_seen_mae=1.6688, avg_unseen_mae=1.7380]
    Epoch 192:  [avg_train_loss=3.4743, avg_seen_mae=1.6688, avg_unseen_mae=1.7380]
    Epoch 193:  [avg_train_loss=3.4743, avg_seen_mae=1.6688, avg_unseen_mae=1.7380]
    Epoch 194:  [avg_train_loss=3.4743, avg_seen_mae=1.6688, avg_unseen_mae=1.7380]
    Epoch 195:  [avg_train_loss=3.4743, avg_seen_mae=1.6688, avg_unseen_mae=1.7380]
    Epoch 196:  [avg_train_loss=3.4743, avg_seen_mae=1.6688, avg_unseen_mae=1.7380]
    Epoch 197:  [avg_train_loss=3.4743, avg_seen_mae=1.6688, avg_unseen_mae=1.7380]
    Epoch 198:  [avg_train_loss=3.4743, avg_seen_mae=1.6688, avg_unseen_mae=1.7380]
    Epoch 199:  [avg_train_loss=3.4743, avg_seen_mae=1.6688, avg_unseen_mae=1.7380]
    Epoch 200:  [avg_train_loss=3.4743, avg_seen_mae=1.6688, avg_unseen_mae=1.7380]
    Epoch 201:  [avg_train_loss=3.4743, avg_seen_mae=1.6688, avg_unseen_mae=1.7380]
    Epoch 202:  [avg_train_loss=3.4743, avg_seen_mae=1.6688, avg_unseen_mae=1.7380]
    Epoch 203:  [avg_train_loss=3.4743, avg_seen_mae=1.6688, avg_unseen_mae=1.7380]
    Epoch 204:  [avg_train_loss=3.4743, avg_seen_mae=1.6688, avg_unseen_mae=1.7380]
    Epoch 205:  [avg_train_loss=3.4743, avg_seen_mae=1.6688, avg_unseen_mae=1.7380]
    Epoch 206:  [avg_train_loss=3.4743, avg_seen_mae=1.6688, avg_unseen_mae=1.7380]
    Epoch 207:  [avg_train_loss=3.4743, avg_seen_mae=1.6688, avg_unseen_mae=1.7380]
    Epoch 208:  [avg_train_loss=3.4743, avg_seen_mae=1.6688, avg_unseen_mae=1.7380]
    Epoch 209:  [avg_train_loss=3.4743, avg_seen_mae=1.6688, avg_unseen_mae=1.7380]
    Epoch 210:  [avg_train_loss=3.4743, avg_seen_mae=1.6688, avg_unseen_mae=1.7380]
    Epoch 211:  [avg_train_loss=3.4743, avg_seen_mae=1.6688, avg_unseen_mae=1.7380]
    Epoch 212:  [avg_train_loss=3.4743, avg_seen_mae=1.6688, avg_unseen_mae=1.7380]
    Epoch 213:  [avg_train_loss=3.4743, avg_seen_mae=1.6688, avg_unseen_mae=1.7380]
    Epoch 214:  [avg_train_loss=3.4743, avg_seen_mae=1.6688, avg_unseen_mae=1.7380]
    Epoch 215:  [avg_train_loss=3.4743, avg_seen_mae=1.6688, avg_unseen_mae=1.7380]
    Epoch 216:  [avg_train_loss=3.4743, avg_seen_mae=1.6688, avg_unseen_mae=1.7380]
    Epoch 217:  [avg_train_loss=3.4743, avg_seen_mae=1.6688, avg_unseen_mae=1.7380]
    Epoch 218:  [avg_train_loss=3.4743, avg_seen_mae=1.6688, avg_unseen_mae=1.7380]
    Epoch 219:  [avg_train_loss=3.4743, avg_seen_mae=1.6688, avg_unseen_mae=1.7380]
    Epoch 220:  [avg_train_loss=3.4743, avg_seen_mae=1.6688, avg_unseen_mae=1.7380]
    Epoch 221:  [avg_train_loss=3.4743, avg_seen_mae=1.6688, avg_unseen_mae=1.7380]
    Epoch 222:  [avg_train_loss=3.4743, avg_seen_mae=1.6688, avg_unseen_mae=1.7380]
    Epoch 223:  [avg_train_loss=3.4743, avg_seen_mae=1.6688, avg_unseen_mae=1.7380]
    Epoch 224:  [avg_train_loss=3.4743, avg_seen_mae=1.6688, avg_unseen_mae=1.7380]
    Epoch 225:  [avg_train_loss=3.4743, avg_seen_mae=1.6688, avg_unseen_mae=1.7380]
    Epoch 226:  [avg_train_loss=3.4743, avg_seen_mae=1.6688, avg_unseen_mae=1.7380]
    Epoch 227:  [avg_train_loss=3.4743, avg_seen_mae=1.6688, avg_unseen_mae=1.7380]
    Epoch 228:  [avg_train_loss=3.4743, avg_seen_mae=1.6688, avg_unseen_mae=1.7380]
    Epoch 229:  [avg_train_loss=3.4743, avg_seen_mae=1.6688, avg_unseen_mae=1.7380]
    Epoch 230:  [avg_train_loss=3.4743, avg_seen_mae=1.6688, avg_unseen_mae=1.7380]
    Epoch 231:  [avg_train_loss=3.4743, avg_seen_mae=1.6688, avg_unseen_mae=1.7380]
    Epoch 232:  [avg_train_loss=3.4743, avg_seen_mae=1.6688, avg_unseen_mae=1.7380]
    Epoch 233:  [avg_train_loss=3.4743, avg_seen_mae=1.6688, avg_unseen_mae=1.7380]
    Epoch 234:  [avg_train_loss=3.4743, avg_seen_mae=1.6688, avg_unseen_mae=1.7380]
    Epoch 235:  [avg_train_loss=3.4743, avg_seen_mae=1.6688, avg_unseen_mae=1.7380]
    Epoch 236:  [avg_train_loss=3.4743, avg_seen_mae=1.6688, avg_unseen_mae=1.7380]
    Epoch 237:  [avg_train_loss=3.4743, avg_seen_mae=1.6688, avg_unseen_mae=1.7380]
    Epoch 238:  [avg_train_loss=3.4743, avg_seen_mae=1.6688, avg_unseen_mae=1.7380]
    Epoch 239:  [avg_train_loss=3.4743, avg_seen_mae=1.6688, avg_unseen_mae=1.7380]
    Epoch 240:  [avg_train_loss=3.4743, avg_seen_mae=1.6688, avg_unseen_mae=1.7380]
    Epoch 241:  [avg_train_loss=3.4743, avg_seen_mae=1.6688, avg_unseen_mae=1.7380]
    Epoch 242:  [avg_train_loss=3.4743, avg_seen_mae=1.6688, avg_unseen_mae=1.7380]
    Epoch 243:  [avg_train_loss=3.4743, avg_seen_mae=1.6688, avg_unseen_mae=1.7380]
    Epoch 244:  [avg_train_loss=3.4743, avg_seen_mae=1.6688, avg_unseen_mae=1.7380]
    Epoch 245:  [avg_train_loss=3.4743, avg_seen_mae=1.6688, avg_unseen_mae=1.7380]
    Epoch 246:  [avg_train_loss=3.4743, avg_seen_mae=1.6688, avg_unseen_mae=1.7380]
    Epoch 247:  [avg_train_loss=3.4743, avg_seen_mae=1.6688, avg_unseen_mae=1.7380]
    Epoch 248:  [avg_train_loss=3.4743, avg_seen_mae=1.6688, avg_unseen_mae=1.7380]
    Epoch 249:  [avg_train_loss=3.4743, avg_seen_mae=1.6688, avg_unseen_mae=1.7380]
    Epoch 250:  [avg_train_loss=3.4743, avg_seen_mae=1.6688, avg_unseen_mae=1.7380]
    Epoch 251:  [avg_train_loss=3.4743, avg_seen_mae=1.6688, avg_unseen_mae=1.7380]
    Epoch 252:  [avg_train_loss=3.4743, avg_seen_mae=1.6688, avg_unseen_mae=1.7380]
    Epoch 253:  [avg_train_loss=3.4743, avg_seen_mae=1.6688, avg_unseen_mae=1.7380]
    Epoch 254:  [avg_train_loss=3.4743, avg_seen_mae=1.6688, avg_unseen_mae=1.7380]
    Epoch 255:  [avg_train_loss=3.4743, avg_seen_mae=1.6688, avg_unseen_mae=1.7380]
    Epoch 256:  [avg_train_loss=3.4743, avg_seen_mae=1.6688, avg_unseen_mae=1.7380]
    Epoch 257:  [avg_train_loss=3.4743, avg_seen_mae=1.6688, avg_unseen_mae=1.7380]
    Epoch 258:  [avg_train_loss=3.4743, avg_seen_mae=1.6688, avg_unseen_mae=1.7380]
    Epoch 259:  [avg_train_loss=3.4743, avg_seen_mae=1.6688, avg_unseen_mae=1.7380]
    Epoch 260:  [avg_train_loss=3.4743, avg_seen_mae=1.6688, avg_unseen_mae=1.7380]
    Epoch 261:  [avg_train_loss=3.4743, avg_seen_mae=1.6688, avg_unseen_mae=1.7380]
    Epoch 262:  [avg_train_loss=3.4743, avg_seen_mae=1.6688, avg_unseen_mae=1.7380]
    Epoch 263:  [avg_train_loss=3.4743, avg_seen_mae=1.6688, avg_unseen_mae=1.7380]
    Epoch 264:  [avg_train_loss=3.4743, avg_seen_mae=1.6688, avg_unseen_mae=1.7380]
    Epoch 265:  [avg_train_loss=3.4743, avg_seen_mae=1.6688, avg_unseen_mae=1.7380]
    Epoch 266:  [avg_train_loss=3.4743, avg_seen_mae=1.6688, avg_unseen_mae=1.7380]
    Epoch 267:  [avg_train_loss=3.4743, avg_seen_mae=1.6688, avg_unseen_mae=1.7380]
    Epoch 268:  [avg_train_loss=3.4743, avg_seen_mae=1.6688, avg_unseen_mae=1.7380]
    Epoch 269:  [avg_train_loss=3.4743, avg_seen_mae=1.6688, avg_unseen_mae=1.7380]
    Epoch 270:  [avg_train_loss=3.4743, avg_seen_mae=1.6688, avg_unseen_mae=1.7380]
    Epoch 271:  [avg_train_loss=3.4743, avg_seen_mae=1.6688, avg_unseen_mae=1.7380]
    Epoch 272:  [avg_train_loss=3.4743, avg_seen_mae=1.6688, avg_unseen_mae=1.7380]
    Epoch 273:  [avg_train_loss=3.4743, avg_seen_mae=1.6688, avg_unseen_mae=1.7380]
    Epoch 274:  [avg_train_loss=3.4743, avg_seen_mae=1.6688, avg_unseen_mae=1.7380]
    Epoch 275:  [avg_train_loss=3.4743, avg_seen_mae=1.6688, avg_unseen_mae=1.7380]
    Epoch 276:  [avg_train_loss=3.4743, avg_seen_mae=1.6688, avg_unseen_mae=1.7380]
    Epoch 277:  [avg_train_loss=3.4743, avg_seen_mae=1.6688, avg_unseen_mae=1.7380]
    Epoch 278:  [avg_train_loss=3.4743, avg_seen_mae=1.6688, avg_unseen_mae=1.7380]
    Epoch 279:  [avg_train_loss=3.4743, avg_seen_mae=1.6688, avg_unseen_mae=1.7380]
    Epoch 280:  [avg_train_loss=3.4743, avg_seen_mae=1.6688, avg_unseen_mae=1.7380]
    Epoch 281:  [avg_train_loss=3.4743, avg_seen_mae=1.6688, avg_unseen_mae=1.7380]
    Epoch 282:  [avg_train_loss=3.4743, avg_seen_mae=1.6688, avg_unseen_mae=1.7380]
    Epoch 283:  [avg_train_loss=3.4743, avg_seen_mae=1.6688, avg_unseen_mae=1.7380]
    Epoch 284:  [avg_train_loss=3.4743, avg_seen_mae=1.6688, avg_unseen_mae=1.7380]
    Epoch 285:  [avg_train_loss=3.4743, avg_seen_mae=1.6688, avg_unseen_mae=1.7380]
    Epoch 286:  [avg_train_loss=3.4743, avg_seen_mae=1.6688, avg_unseen_mae=1.7380]
    Epoch 287:  [avg_train_loss=3.4743, avg_seen_mae=1.6688, avg_unseen_mae=1.7380]
    Epoch 288:  [avg_train_loss=3.4743, avg_seen_mae=1.6688, avg_unseen_mae=1.7380]
    Epoch 289:  [avg_train_loss=3.4743, avg_seen_mae=1.6688, avg_unseen_mae=1.7380]
    Epoch 290:  [avg_train_loss=3.4743, avg_seen_mae=1.6688, avg_unseen_mae=1.7380]
    Epoch 291:  [avg_train_loss=3.4743, avg_seen_mae=1.6688, avg_unseen_mae=1.7380]
    Epoch 292:  [avg_train_loss=3.4743, avg_seen_mae=1.6688, avg_unseen_mae=1.7380]
    Epoch 293:  [avg_train_loss=3.4743, avg_seen_mae=1.6688, avg_unseen_mae=1.7380]
    Epoch 294:  [avg_train_loss=3.4743, avg_seen_mae=1.6688, avg_unseen_mae=1.7380]
    Epoch 295:  [avg_train_loss=3.4743, avg_seen_mae=1.6688, avg_unseen_mae=1.7380]
    Epoch 296:  [avg_train_loss=3.4743, avg_seen_mae=1.6688, avg_unseen_mae=1.7380]
    Epoch 297:  [avg_train_loss=3.4743, avg_seen_mae=1.6688, avg_unseen_mae=1.7380]
    Epoch 298:  [avg_train_loss=3.4743, avg_seen_mae=1.6688, avg_unseen_mae=1.7380]
    Epoch 299:  [avg_train_loss=3.4743, avg_seen_mae=1.6688, avg_unseen_mae=1.7380]
    Epoch 300:  [avg_train_loss=3.4743, avg_seen_mae=1.6688, avg_unseen_mae=1.7380]
    Epoch 301:  [avg_train_loss=3.4743, avg_seen_mae=1.6688, avg_unseen_mae=1.7380]
    Epoch 302:  [avg_train_loss=3.4743, avg_seen_mae=1.6688, avg_unseen_mae=1.7380]
    Epoch 303:  [avg_train_loss=3.4743, avg_seen_mae=1.6688, avg_unseen_mae=1.7380]
    Epoch 304:  [avg_train_loss=3.4743, avg_seen_mae=1.6688, avg_unseen_mae=1.7380]
    Epoch 305:  [avg_train_loss=3.4743, avg_seen_mae=1.6688, avg_unseen_mae=1.7380]
    Epoch 306:  [avg_train_loss=3.4743, avg_seen_mae=1.6688, avg_unseen_mae=1.7380]
    Epoch 307:  [avg_train_loss=3.4743, avg_seen_mae=1.6688, avg_unseen_mae=1.7380]
    Epoch 308:  [avg_train_loss=3.4743, avg_seen_mae=1.6688, avg_unseen_mae=1.7380]
    Epoch 309:  [avg_train_loss=3.4743, avg_seen_mae=1.6688, avg_unseen_mae=1.7380]
    Epoch 310:  [avg_train_loss=3.4743, avg_seen_mae=1.6688, avg_unseen_mae=1.7380]
    Epoch 311:  [avg_train_loss=3.4743, avg_seen_mae=1.6688, avg_unseen_mae=1.7380]
    Epoch 312:  [avg_train_loss=3.4743, avg_seen_mae=1.6688, avg_unseen_mae=1.7380]
    Epoch 313:  [avg_train_loss=3.4743, avg_seen_mae=1.6688, avg_unseen_mae=1.7380]
    Epoch 314:  [avg_train_loss=3.4743, avg_seen_mae=1.6688, avg_unseen_mae=1.7380]
    Epoch 315:  [avg_train_loss=3.4743, avg_seen_mae=1.6688, avg_unseen_mae=1.7380]
    Epoch 316:  [avg_train_loss=3.4743, avg_seen_mae=1.6688, avg_unseen_mae=1.7380]
    Epoch 317:  [avg_train_loss=3.4743, avg_seen_mae=1.6688, avg_unseen_mae=1.7380]
    Epoch 318:  [avg_train_loss=3.4743, avg_seen_mae=1.6688, avg_unseen_mae=1.7380]
    Epoch 319:  [avg_train_loss=3.4743, avg_seen_mae=1.6688, avg_unseen_mae=1.7380]
    Epoch 320:  [avg_train_loss=3.4743, avg_seen_mae=1.6688, avg_unseen_mae=1.7380]
    Epoch 321:  [avg_train_loss=3.4743, avg_seen_mae=1.6688, avg_unseen_mae=1.7380]
    Epoch 322:  [avg_train_loss=3.4743, avg_seen_mae=1.6688, avg_unseen_mae=1.7380]
    Epoch 323:  [avg_train_loss=3.4743, avg_seen_mae=1.6688, avg_unseen_mae=1.7380]
    Epoch 324:  [avg_train_loss=3.4743, avg_seen_mae=1.6688, avg_unseen_mae=1.7380]
    Epoch 325:  [avg_train_loss=3.4743, avg_seen_mae=1.6688, avg_unseen_mae=1.7380]
    Epoch 326:  [avg_train_loss=3.4743, avg_seen_mae=1.6688, avg_unseen_mae=1.7380]
    Epoch 327:  [avg_train_loss=3.4743, avg_seen_mae=1.6688, avg_unseen_mae=1.7380]
    Epoch 328:  [avg_train_loss=3.4743, avg_seen_mae=1.6688, avg_unseen_mae=1.7380]
    Epoch 329:  [avg_train_loss=3.4743, avg_seen_mae=1.6688, avg_unseen_mae=1.7380]
    Epoch 330:  [avg_train_loss=3.4743, avg_seen_mae=1.6688, avg_unseen_mae=1.7380]
    Epoch 331:  [avg_train_loss=3.4743, avg_seen_mae=1.6688, avg_unseen_mae=1.7380]
    Epoch 332:  [avg_train_loss=3.4743, avg_seen_mae=1.6688, avg_unseen_mae=1.7380]
    Epoch 333:  [avg_train_loss=3.4743, avg_seen_mae=1.6688, avg_unseen_mae=1.7380]
    Epoch 334:  [avg_train_loss=3.4743, avg_seen_mae=1.6688, avg_unseen_mae=1.7380]
    Epoch 335:  [avg_train_loss=3.4743, avg_seen_mae=1.6688, avg_unseen_mae=1.7380]
    Epoch 336:  [avg_train_loss=3.4743, avg_seen_mae=1.6688, avg_unseen_mae=1.7380]
    Epoch 337:  [avg_train_loss=3.4743, avg_seen_mae=1.6688, avg_unseen_mae=1.7380]
    Epoch 338:  [avg_train_loss=3.4743, avg_seen_mae=1.6688, avg_unseen_mae=1.7380]
    Epoch 339:  [avg_train_loss=3.4743, avg_seen_mae=1.6688, avg_unseen_mae=1.7380]
    Epoch 340:  [avg_train_loss=3.4743, avg_seen_mae=1.6688, avg_unseen_mae=1.7380]
    Epoch 341:  [avg_train_loss=3.4743, avg_seen_mae=1.6688, avg_unseen_mae=1.7380]
    Epoch 342:  [avg_train_loss=3.4743, avg_seen_mae=1.6688, avg_unseen_mae=1.7380]
    Epoch 343:  [avg_train_loss=3.4743, avg_seen_mae=1.6688, avg_unseen_mae=1.7380]
    Epoch 344:  [avg_train_loss=3.4743, avg_seen_mae=1.6688, avg_unseen_mae=1.7380]
    Epoch 345:  [avg_train_loss=3.4743, avg_seen_mae=1.6688, avg_unseen_mae=1.7380]
    Epoch 346:  [avg_train_loss=3.4743, avg_seen_mae=1.6688, avg_unseen_mae=1.7380]
    Epoch 347:  [avg_train_loss=3.4743, avg_seen_mae=1.6688, avg_unseen_mae=1.7380]
    Epoch 348:  [avg_train_loss=3.4743, avg_seen_mae=1.6688, avg_unseen_mae=1.7380]
    Epoch 349:  [avg_train_loss=3.4743, avg_seen_mae=1.6688, avg_unseen_mae=1.7380]
    Epoch 350:  [avg_train_loss=3.4743, avg_seen_mae=1.6688, avg_unseen_mae=1.7380]
    Epoch 351:  [avg_train_loss=3.4743, avg_seen_mae=1.6688, avg_unseen_mae=1.7380]
    Epoch 352:  [avg_train_loss=3.4743, avg_seen_mae=1.6688, avg_unseen_mae=1.7380]
    Epoch 353:  [avg_train_loss=3.4743, avg_seen_mae=1.6688, avg_unseen_mae=1.7380]
    Epoch 354:  [avg_train_loss=3.4743, avg_seen_mae=1.6688, avg_unseen_mae=1.7380]
    Epoch 355:  [avg_train_loss=3.4743, avg_seen_mae=1.6688, avg_unseen_mae=1.7380]
    Epoch 356:  [avg_train_loss=3.4743, avg_seen_mae=1.6688, avg_unseen_mae=1.7380]
    Epoch 357:  [avg_train_loss=3.4743, avg_seen_mae=1.6688, avg_unseen_mae=1.7380]
    Epoch 358:  [avg_train_loss=3.4743, avg_seen_mae=1.6688, avg_unseen_mae=1.7380]
    Epoch 359:  [avg_train_loss=3.4743, avg_seen_mae=1.6688, avg_unseen_mae=1.7380]
    Epoch 360:  [avg_train_loss=3.4743, avg_seen_mae=1.6688, avg_unseen_mae=1.7380]
    Epoch 361:  [avg_train_loss=3.4743, avg_seen_mae=1.6688, avg_unseen_mae=1.7380]
    Epoch 362:  [avg_train_loss=3.4743, avg_seen_mae=1.6688, avg_unseen_mae=1.7380]
    Epoch 363:  [avg_train_loss=3.4743, avg_seen_mae=1.6688, avg_unseen_mae=1.7380]
    Epoch 364:  [avg_train_loss=3.4743, avg_seen_mae=1.6688, avg_unseen_mae=1.7380]
    Epoch 365:  [avg_train_loss=3.4743, avg_seen_mae=1.6688, avg_unseen_mae=1.7380]
    Epoch 366:  [avg_train_loss=3.4743, avg_seen_mae=1.6688, avg_unseen_mae=1.7380]
    Epoch 367:  [avg_train_loss=3.4743, avg_seen_mae=1.6688, avg_unseen_mae=1.7380]
    Epoch 368:  [avg_train_loss=3.4743, avg_seen_mae=1.6688, avg_unseen_mae=1.7380]
    Epoch 369:  [avg_train_loss=3.4743, avg_seen_mae=1.6688, avg_unseen_mae=1.7380]
    Epoch 370:  [avg_train_loss=3.4743, avg_seen_mae=1.6688, avg_unseen_mae=1.7380]
    Epoch 371:  [avg_train_loss=3.4743, avg_seen_mae=1.6688, avg_unseen_mae=1.7380]
    Epoch 372:  [avg_train_loss=3.4743, avg_seen_mae=1.6688, avg_unseen_mae=1.7380]
    Epoch 373:  [avg_train_loss=3.4743, avg_seen_mae=1.6688, avg_unseen_mae=1.7380]
    Epoch 374:  [avg_train_loss=3.4743, avg_seen_mae=1.6688, avg_unseen_mae=1.7380]
    Epoch 375:  [avg_train_loss=3.4743, avg_seen_mae=1.6688, avg_unseen_mae=1.7380]
    Epoch 376:  [avg_train_loss=3.4743, avg_seen_mae=1.6688, avg_unseen_mae=1.7380]
    Epoch 377:  [avg_train_loss=3.4743, avg_seen_mae=1.6688, avg_unseen_mae=1.7380]
    Epoch 378:  [avg_train_loss=3.4743, avg_seen_mae=1.6688, avg_unseen_mae=1.7380]
    Epoch 379:  [avg_train_loss=3.4743, avg_seen_mae=1.6688, avg_unseen_mae=1.7380]
    Epoch 380:  [avg_train_loss=3.4743, avg_seen_mae=1.6688, avg_unseen_mae=1.7380]
    Epoch 381:  [avg_train_loss=3.4743, avg_seen_mae=1.6688, avg_unseen_mae=1.7380]
    Epoch 382:  [avg_train_loss=3.4743, avg_seen_mae=1.6688, avg_unseen_mae=1.7380]
    Epoch 383:  [avg_train_loss=3.4743, avg_seen_mae=1.6688, avg_unseen_mae=1.7380]
    Epoch 384:  [avg_train_loss=3.4743, avg_seen_mae=1.6688, avg_unseen_mae=1.7380]
    Epoch 385:  [avg_train_loss=3.4743, avg_seen_mae=1.6688, avg_unseen_mae=1.7380]
    Epoch 386:  [avg_train_loss=3.4743, avg_seen_mae=1.6688, avg_unseen_mae=1.7380]
    Epoch 387:  [avg_train_loss=3.4743, avg_seen_mae=1.6688, avg_unseen_mae=1.7380]
    Epoch 388:  [avg_train_loss=3.4743, avg_seen_mae=1.6688, avg_unseen_mae=1.7380]
    Epoch 389:  [avg_train_loss=3.4743, avg_seen_mae=1.6688, avg_unseen_mae=1.7380]
    Epoch 390:  [avg_train_loss=3.4743, avg_seen_mae=1.6688, avg_unseen_mae=1.7380]
    Epoch 391:  [avg_train_loss=3.4743, avg_seen_mae=1.6688, avg_unseen_mae=1.7380]
    Epoch 392:  [avg_train_loss=3.4743, avg_seen_mae=1.6688, avg_unseen_mae=1.7380]
    Epoch 393:  [avg_train_loss=3.4743, avg_seen_mae=1.6688, avg_unseen_mae=1.7380]
    Epoch 394:  [avg_train_loss=3.4743, avg_seen_mae=1.6688, avg_unseen_mae=1.7380]
    Epoch 395:  [avg_train_loss=3.4743, avg_seen_mae=1.6688, avg_unseen_mae=1.7380]
    Epoch 396:  [avg_train_loss=3.4743, avg_seen_mae=1.6688, avg_unseen_mae=1.7380]
    Epoch 397:  [avg_train_loss=3.4743, avg_seen_mae=1.6688, avg_unseen_mae=1.7380]
    Epoch 398:  [avg_train_loss=3.4743, avg_seen_mae=1.6688, avg_unseen_mae=1.7380]
    Epoch 399:  [avg_train_loss=3.4743, avg_seen_mae=1.6688, avg_unseen_mae=1.7380]
    Epoch 400:  [avg_train_loss=3.4743, avg_seen_mae=1.6688, avg_unseen_mae=1.7380]
    Epoch 401:  [avg_train_loss=3.4743, avg_seen_mae=1.6688, avg_unseen_mae=1.7380]
    Epoch 402:  [avg_train_loss=3.4743, avg_seen_mae=1.6688, avg_unseen_mae=1.7380]
    Epoch 403:  [avg_train_loss=3.4743, avg_seen_mae=1.6688, avg_unseen_mae=1.7380]
    Epoch 404:  [avg_train_loss=3.4743, avg_seen_mae=1.6688, avg_unseen_mae=1.7380]
    Epoch 405:  [avg_train_loss=3.4743, avg_seen_mae=1.6688, avg_unseen_mae=1.7380]
    Epoch 406:  [avg_train_loss=3.4743, avg_seen_mae=1.6688, avg_unseen_mae=1.7380]
    Epoch 407:  [avg_train_loss=3.4743, avg_seen_mae=1.6688, avg_unseen_mae=1.7380]
    Epoch 408:  [avg_train_loss=3.4743, avg_seen_mae=1.6688, avg_unseen_mae=1.7380]
    Epoch 409:  [avg_train_loss=3.4743, avg_seen_mae=1.6688, avg_unseen_mae=1.7380]
    Epoch 410:  [avg_train_loss=3.4743, avg_seen_mae=1.6688, avg_unseen_mae=1.7380]
    Epoch 411:  [avg_train_loss=3.4743, avg_seen_mae=1.6688, avg_unseen_mae=1.7380]
    Epoch 412:  [avg_train_loss=3.4743, avg_seen_mae=1.6688, avg_unseen_mae=1.7380]
    Epoch 413:  [avg_train_loss=3.4743, avg_seen_mae=1.6688, avg_unseen_mae=1.7380]
    Epoch 414:  [avg_train_loss=3.4743, avg_seen_mae=1.6688, avg_unseen_mae=1.7380]
    Epoch 415:  [avg_train_loss=3.4743, avg_seen_mae=1.6688, avg_unseen_mae=1.7380]
    Epoch 416:  [avg_train_loss=3.4743, avg_seen_mae=1.6688, avg_unseen_mae=1.7380]
    Epoch 417:  [avg_train_loss=3.4743, avg_seen_mae=1.6688, avg_unseen_mae=1.7380]
    Epoch 418:  [avg_train_loss=3.4743, avg_seen_mae=1.6688, avg_unseen_mae=1.7380]
    Epoch 419:  [avg_train_loss=3.4743, avg_seen_mae=1.6688, avg_unseen_mae=1.7380]
    Epoch 420:  [avg_train_loss=3.4743, avg_seen_mae=1.6688, avg_unseen_mae=1.7380]
    Epoch 421:  [avg_train_loss=3.4743, avg_seen_mae=1.6688, avg_unseen_mae=1.7380]
    Epoch 422:  [avg_train_loss=3.4743, avg_seen_mae=1.6688, avg_unseen_mae=1.7380]
    Epoch 423:  [avg_train_loss=3.4743, avg_seen_mae=1.6688, avg_unseen_mae=1.7380]
    Epoch 424:  [avg_train_loss=3.4743, avg_seen_mae=1.6688, avg_unseen_mae=1.7380]
    Epoch 425:  [avg_train_loss=3.4743, avg_seen_mae=1.6688, avg_unseen_mae=1.7380]
    Epoch 426:  [avg_train_loss=3.4743, avg_seen_mae=1.6688, avg_unseen_mae=1.7380]
    Epoch 427:  [avg_train_loss=3.4743, avg_seen_mae=1.6688, avg_unseen_mae=1.7380]
    Epoch 428:  [avg_train_loss=3.4743, avg_seen_mae=1.6688, avg_unseen_mae=1.7380]
    Epoch 429:  [avg_train_loss=3.4743, avg_seen_mae=1.6688, avg_unseen_mae=1.7380]
    Epoch 430:  [avg_train_loss=3.4743, avg_seen_mae=1.6688, avg_unseen_mae=1.7380]
    Epoch 431:  [avg_train_loss=3.4743, avg_seen_mae=1.6688, avg_unseen_mae=1.7380]
    Epoch 432:  [avg_train_loss=3.4743, avg_seen_mae=1.6688, avg_unseen_mae=1.7380]
    Epoch 433:  [avg_train_loss=3.4743, avg_seen_mae=1.6688, avg_unseen_mae=1.7380]
    Epoch 434:  [avg_train_loss=3.4743, avg_seen_mae=1.6688, avg_unseen_mae=1.7380]
    Epoch 435:  [avg_train_loss=3.4743, avg_seen_mae=1.6688, avg_unseen_mae=1.7380]
    Epoch 436:  [avg_train_loss=3.4743, avg_seen_mae=1.6688, avg_unseen_mae=1.7380]
    Epoch 437:  [avg_train_loss=3.4743, avg_seen_mae=1.6688, avg_unseen_mae=1.7380]
    Epoch 438:  [avg_train_loss=3.4743, avg_seen_mae=1.6688, avg_unseen_mae=1.7380]
    Epoch 439:  [avg_train_loss=3.4743, avg_seen_mae=1.6688, avg_unseen_mae=1.7380]
    Epoch 440:  [avg_train_loss=3.4743, avg_seen_mae=1.6688, avg_unseen_mae=1.7380]
    Epoch 441:  [avg_train_loss=3.4743, avg_seen_mae=1.6688, avg_unseen_mae=1.7380]
    Epoch 442:  [avg_train_loss=3.4743, avg_seen_mae=1.6688, avg_unseen_mae=1.7380]
    Epoch 443:  [avg_train_loss=3.4743, avg_seen_mae=1.6688, avg_unseen_mae=1.7380]
    Epoch 444:  [avg_train_loss=3.4743, avg_seen_mae=1.6688, avg_unseen_mae=1.7380]
    Epoch 445:  [avg_train_loss=3.4743, avg_seen_mae=1.6688, avg_unseen_mae=1.7380]
    Epoch 446:  [avg_train_loss=3.4743, avg_seen_mae=1.6688, avg_unseen_mae=1.7380]
    Epoch 447:  [avg_train_loss=3.4743, avg_seen_mae=1.6688, avg_unseen_mae=1.7380]
    Epoch 448:  [avg_train_loss=3.4743, avg_seen_mae=1.6688, avg_unseen_mae=1.7380]
    Epoch 449:  [avg_train_loss=3.4743, avg_seen_mae=1.6688, avg_unseen_mae=1.7380]
    Epoch 450:  [avg_train_loss=3.4743, avg_seen_mae=1.6688, avg_unseen_mae=1.7380]
    Epoch 451:  [avg_train_loss=3.4743, avg_seen_mae=1.6688, avg_unseen_mae=1.7380]
    Epoch 452:  [avg_train_loss=3.4743, avg_seen_mae=1.6688, avg_unseen_mae=1.7380]
    Epoch 453:  [avg_train_loss=3.4743, avg_seen_mae=1.6688, avg_unseen_mae=1.7380]
    Epoch 454:  [avg_train_loss=3.4743, avg_seen_mae=1.6688, avg_unseen_mae=1.7380]
    Epoch 455:  [avg_train_loss=3.4743, avg_seen_mae=1.6688, avg_unseen_mae=1.7380]
    Epoch 456:  [avg_train_loss=3.4743, avg_seen_mae=1.6688, avg_unseen_mae=1.7380]
    Epoch 457:  [avg_train_loss=3.4743, avg_seen_mae=1.6688, avg_unseen_mae=1.7380]
    Epoch 458:  [avg_train_loss=3.4743, avg_seen_mae=1.6688, avg_unseen_mae=1.7380]
    Epoch 459:  [avg_train_loss=3.4743, avg_seen_mae=1.6688, avg_unseen_mae=1.7380]
    Epoch 460:  [avg_train_loss=3.4743, avg_seen_mae=1.6688, avg_unseen_mae=1.7380]
    Epoch 461:  [avg_train_loss=3.4743, avg_seen_mae=1.6688, avg_unseen_mae=1.7380]
    Epoch 462:  [avg_train_loss=3.4743, avg_seen_mae=1.6688, avg_unseen_mae=1.7380]
    Epoch 463:  [avg_train_loss=3.4743, avg_seen_mae=1.6688, avg_unseen_mae=1.7380]
    Epoch 464:  [avg_train_loss=3.4743, avg_seen_mae=1.6688, avg_unseen_mae=1.7380]
    Epoch 465:  [avg_train_loss=3.4743, avg_seen_mae=1.6688, avg_unseen_mae=1.7380]
    Epoch 466:  [avg_train_loss=3.4743, avg_seen_mae=1.6688, avg_unseen_mae=1.7380]
    Epoch 467:  [avg_train_loss=3.4743, avg_seen_mae=1.6688, avg_unseen_mae=1.7380]
    Epoch 468:  [avg_train_loss=3.4743, avg_seen_mae=1.6688, avg_unseen_mae=1.7380]
    Epoch 469:  [avg_train_loss=3.4743, avg_seen_mae=1.6688, avg_unseen_mae=1.7380]
    Epoch 470:  [avg_train_loss=3.4743, avg_seen_mae=1.6688, avg_unseen_mae=1.7380]
    Epoch 471:  [avg_train_loss=3.4743, avg_seen_mae=1.6688, avg_unseen_mae=1.7380]
    Epoch 472:  [avg_train_loss=3.4743, avg_seen_mae=1.6688, avg_unseen_mae=1.7380]
    Epoch 473:  [avg_train_loss=3.4743, avg_seen_mae=1.6688, avg_unseen_mae=1.7380]
    Epoch 474:  [avg_train_loss=3.4743, avg_seen_mae=1.6688, avg_unseen_mae=1.7380]
    Epoch 475:  [avg_train_loss=3.4743, avg_seen_mae=1.6688, avg_unseen_mae=1.7380]
    Epoch 476:  [avg_train_loss=3.4743, avg_seen_mae=1.6688, avg_unseen_mae=1.7380]
    Epoch 477:  [avg_train_loss=3.4743, avg_seen_mae=1.6688, avg_unseen_mae=1.7380]
    Epoch 478:  [avg_train_loss=3.4743, avg_seen_mae=1.6688, avg_unseen_mae=1.7380]
    Epoch 479:  [avg_train_loss=3.4743, avg_seen_mae=1.6688, avg_unseen_mae=1.7380]
    Epoch 480:  [avg_train_loss=3.4743, avg_seen_mae=1.6688, avg_unseen_mae=1.7380]
    Epoch 481:  [avg_train_loss=3.4743, avg_seen_mae=1.6688, avg_unseen_mae=1.7380]
    Epoch 482:  [avg_train_loss=3.4743, avg_seen_mae=1.6688, avg_unseen_mae=1.7380]
    Epoch 483:  [avg_train_loss=3.4743, avg_seen_mae=1.6688, avg_unseen_mae=1.7380]
    Epoch 484:  [avg_train_loss=3.4743, avg_seen_mae=1.6688, avg_unseen_mae=1.7380]
    Epoch 485:  [avg_train_loss=3.4743, avg_seen_mae=1.6688, avg_unseen_mae=1.7380]
    Epoch 486:  [avg_train_loss=3.4743, avg_seen_mae=1.6688, avg_unseen_mae=1.7380]
    Epoch 487:  [avg_train_loss=3.4743, avg_seen_mae=1.6688, avg_unseen_mae=1.7380]
    Epoch 488:  [avg_train_loss=3.4743, avg_seen_mae=1.6688, avg_unseen_mae=1.7380]
    Epoch 489:  [avg_train_loss=3.4743, avg_seen_mae=1.6688, avg_unseen_mae=1.7380]
    Epoch 490:  [avg_train_loss=3.4743, avg_seen_mae=1.6688, avg_unseen_mae=1.7380]
    Epoch 491:  [avg_train_loss=3.4743, avg_seen_mae=1.6688, avg_unseen_mae=1.7380]
    Epoch 492:  [avg_train_loss=3.4743, avg_seen_mae=1.6688, avg_unseen_mae=1.7380]
    Epoch 493:  [avg_train_loss=3.4743, avg_seen_mae=1.6688, avg_unseen_mae=1.7380]
    Epoch 494:  [avg_train_loss=3.4743, avg_seen_mae=1.6688, avg_unseen_mae=1.7380]
    Epoch 495:  [avg_train_loss=3.4743, avg_seen_mae=1.6688, avg_unseen_mae=1.7380]
    Epoch 496:  [avg_train_loss=3.4743, avg_seen_mae=1.6688, avg_unseen_mae=1.7380]
    Epoch 497:  [avg_train_loss=3.4743, avg_seen_mae=1.6688, avg_unseen_mae=1.7380]
    Epoch 498:  [avg_train_loss=3.4743, avg_seen_mae=1.6688, avg_unseen_mae=1.7380]
    Epoch 499:  [avg_train_loss=3.4743, avg_seen_mae=1.6688, avg_unseen_mae=1.7380]
    Epoch 500:  [avg_train_loss=3.4743, avg_seen_mae=1.6688, avg_unseen_mae=1.7380]
    Epoch 501:  [avg_train_loss=3.4743, avg_seen_mae=1.6688, avg_unseen_mae=1.7380]
    Epoch 502:  [avg_train_loss=3.4743, avg_seen_mae=1.6688, avg_unseen_mae=1.7380]
    Epoch 503:  [avg_train_loss=3.4743, avg_seen_mae=1.6688, avg_unseen_mae=1.7380]
    Epoch 504:  [avg_train_loss=3.4743, avg_seen_mae=1.6688, avg_unseen_mae=1.7380]
    Epoch 505:  [avg_train_loss=3.4743, avg_seen_mae=1.6688, avg_unseen_mae=1.7380]
    Epoch 506:  [avg_train_loss=3.4743, avg_seen_mae=1.6688, avg_unseen_mae=1.7380]
    Epoch 507:  [avg_train_loss=3.4743, avg_seen_mae=1.6688, avg_unseen_mae=1.7380]
    Epoch 508:  [avg_train_loss=3.4743, avg_seen_mae=1.6688, avg_unseen_mae=1.7380]
    Epoch 509:  [avg_train_loss=3.4743, avg_seen_mae=1.6688, avg_unseen_mae=1.7380]
    Epoch 510:  [avg_train_loss=3.4743, avg_seen_mae=1.6688, avg_unseen_mae=1.7380]
    Epoch 511:  [avg_train_loss=3.4743, avg_seen_mae=1.6688, avg_unseen_mae=1.7380]
    Epoch 512:  [avg_train_loss=3.4743, avg_seen_mae=1.6688, avg_unseen_mae=1.7380]
    Epoch 513:  [avg_train_loss=3.4743, avg_seen_mae=1.6688, avg_unseen_mae=1.7380]
    Epoch 514:  [avg_train_loss=3.4743, avg_seen_mae=1.6688, avg_unseen_mae=1.7380]
    Epoch 515:  [avg_train_loss=3.4743, avg_seen_mae=1.6688, avg_unseen_mae=1.7380]
    Epoch 516:  [avg_train_loss=3.4743, avg_seen_mae=1.6688, avg_unseen_mae=1.7380]
    Epoch 517:  [avg_train_loss=3.4743, avg_seen_mae=1.6688, avg_unseen_mae=1.7380]
    Epoch 518:  [avg_train_loss=3.4743, avg_seen_mae=1.6688, avg_unseen_mae=1.7380]
    Epoch 519:  [avg_train_loss=3.4743, avg_seen_mae=1.6688, avg_unseen_mae=1.7380]
    Epoch 520:  [avg_train_loss=3.4743, avg_seen_mae=1.6688, avg_unseen_mae=1.7380]
    Epoch 521:  [avg_train_loss=3.4743, avg_seen_mae=1.6688, avg_unseen_mae=1.7380]
    Epoch 522:  [avg_train_loss=3.4743, avg_seen_mae=1.6688, avg_unseen_mae=1.7380]
    Epoch 523:  [avg_train_loss=3.4743, avg_seen_mae=1.6688, avg_unseen_mae=1.7380]
    Epoch 524:  [avg_train_loss=3.4743, avg_seen_mae=1.6688, avg_unseen_mae=1.7380]
    Epoch 525:  [avg_train_loss=3.4743, avg_seen_mae=1.6688, avg_unseen_mae=1.7380]
    Epoch 526:  [avg_train_loss=3.4743, avg_seen_mae=1.6688, avg_unseen_mae=1.7380]
    Epoch 527:  [avg_train_loss=3.4743, avg_seen_mae=1.6688, avg_unseen_mae=1.7380]
    Epoch 528:  [avg_train_loss=3.4743, avg_seen_mae=1.6688, avg_unseen_mae=1.7380]
    Epoch 529:  [avg_train_loss=3.4743, avg_seen_mae=1.6688, avg_unseen_mae=1.7380]
    Epoch 530:  [avg_train_loss=3.4743, avg_seen_mae=1.6688, avg_unseen_mae=1.7380]
    Epoch 531:  [avg_train_loss=3.4743, avg_seen_mae=1.6688, avg_unseen_mae=1.7380]
    Epoch 532:  [avg_train_loss=3.4743, avg_seen_mae=1.6688, avg_unseen_mae=1.7380]
    Epoch 533:  [avg_train_loss=3.4743, avg_seen_mae=1.6688, avg_unseen_mae=1.7380]
    Epoch 534:  [avg_train_loss=3.4743, avg_seen_mae=1.6688, avg_unseen_mae=1.7380]
    Epoch 535:  [avg_train_loss=3.4743, avg_seen_mae=1.6688, avg_unseen_mae=1.7380]
    Epoch 536:  [avg_train_loss=3.4743, avg_seen_mae=1.6688, avg_unseen_mae=1.7380]
    Epoch 537:  [avg_train_loss=3.4743, avg_seen_mae=1.6688, avg_unseen_mae=1.7380]
    Epoch 538:  [avg_train_loss=3.4743, avg_seen_mae=1.6688, avg_unseen_mae=1.7380]
    Epoch 539:  [avg_train_loss=3.4743, avg_seen_mae=1.6688, avg_unseen_mae=1.7380]
    Epoch 540:  [avg_train_loss=3.4743, avg_seen_mae=1.6688, avg_unseen_mae=1.7380]
    Epoch 541:  [avg_train_loss=3.4743, avg_seen_mae=1.6688, avg_unseen_mae=1.7380]
    Epoch 542:  [avg_train_loss=3.4743, avg_seen_mae=1.6688, avg_unseen_mae=1.7380]
    Epoch 543:  [avg_train_loss=3.4743, avg_seen_mae=1.6688, avg_unseen_mae=1.7380]
    Epoch 544:  [avg_train_loss=3.4743, avg_seen_mae=1.6688, avg_unseen_mae=1.7380]
    Epoch 545:  [avg_train_loss=3.4743, avg_seen_mae=1.6688, avg_unseen_mae=1.7380]
    Epoch 546:  [avg_train_loss=3.4743, avg_seen_mae=1.6688, avg_unseen_mae=1.7380]
    Epoch 547:  [avg_train_loss=3.4743, avg_seen_mae=1.6688, avg_unseen_mae=1.7380]
    Epoch 548:  [avg_train_loss=3.4743, avg_seen_mae=1.6688, avg_unseen_mae=1.7380]
    Epoch 549:  [avg_train_loss=3.4743, avg_seen_mae=1.6688, avg_unseen_mae=1.7380]
    Epoch 550:  [avg_train_loss=3.4743, avg_seen_mae=1.6688, avg_unseen_mae=1.7380]
    Epoch 551:  [avg_train_loss=3.4743, avg_seen_mae=1.6688, avg_unseen_mae=1.7380]
    Epoch 552:  [avg_train_loss=3.4743, avg_seen_mae=1.6688, avg_unseen_mae=1.7380]
    Epoch 553:  [avg_train_loss=3.4743, avg_seen_mae=1.6688, avg_unseen_mae=1.7380]
    Epoch 554:  [avg_train_loss=3.4743, avg_seen_mae=1.6688, avg_unseen_mae=1.7380]
    Epoch 555:  [avg_train_loss=3.4743, avg_seen_mae=1.6688, avg_unseen_mae=1.7380]
    Epoch 556:  [avg_train_loss=3.4743, avg_seen_mae=1.6688, avg_unseen_mae=1.7380]
    Epoch 557:  [avg_train_loss=3.4743, avg_seen_mae=1.6688, avg_unseen_mae=1.7380]
    Epoch 558:  [avg_train_loss=3.4743, avg_seen_mae=1.6688, avg_unseen_mae=1.7380]
    Epoch 559:  [avg_train_loss=3.4743, avg_seen_mae=1.6688, avg_unseen_mae=1.7380]
    Epoch 560:  [avg_train_loss=3.4743, avg_seen_mae=1.6688, avg_unseen_mae=1.7380]
    Epoch 561:  [avg_train_loss=3.4743, avg_seen_mae=1.6688, avg_unseen_mae=1.7380]
    Epoch 562:  [avg_train_loss=3.4743, avg_seen_mae=1.6688, avg_unseen_mae=1.7380]
    Epoch 563:  [avg_train_loss=3.4743, avg_seen_mae=1.6688, avg_unseen_mae=1.7380]
    Epoch 564:  [avg_train_loss=3.4743, avg_seen_mae=1.6688, avg_unseen_mae=1.7380]
    Epoch 565:  [avg_train_loss=3.4743, avg_seen_mae=1.6688, avg_unseen_mae=1.7380]
    Epoch 566:  [avg_train_loss=3.4743, avg_seen_mae=1.6688, avg_unseen_mae=1.7380]
    Epoch 567:  [avg_train_loss=3.4743, avg_seen_mae=1.6688, avg_unseen_mae=1.7380]
    Epoch 568:  [avg_train_loss=3.4743, avg_seen_mae=1.6688, avg_unseen_mae=1.7380]
    Epoch 569:  [avg_train_loss=3.4743, avg_seen_mae=1.6688, avg_unseen_mae=1.7380]
    Epoch 570:  [avg_train_loss=3.4743, avg_seen_mae=1.6688, avg_unseen_mae=1.7380]
    Epoch 571:  [avg_train_loss=3.4743, avg_seen_mae=1.6688, avg_unseen_mae=1.7380]
    Epoch 572:  [avg_train_loss=3.4743, avg_seen_mae=1.6688, avg_unseen_mae=1.7380]
    Epoch 573:  [avg_train_loss=3.4743, avg_seen_mae=1.6688, avg_unseen_mae=1.7380]
    Epoch 574:  [avg_train_loss=3.4743, avg_seen_mae=1.6688, avg_unseen_mae=1.7380]
    Epoch 575:  [avg_train_loss=3.4743, avg_seen_mae=1.6688, avg_unseen_mae=1.7380]
    Epoch 576:  [avg_train_loss=3.4743, avg_seen_mae=1.6688, avg_unseen_mae=1.7380]
    Epoch 577:  [avg_train_loss=3.4743, avg_seen_mae=1.6688, avg_unseen_mae=1.7380]
    Epoch 578:  [avg_train_loss=3.4743, avg_seen_mae=1.6688, avg_unseen_mae=1.7380]
    Epoch 579:  [avg_train_loss=3.4743, avg_seen_mae=1.6688, avg_unseen_mae=1.7380]
    Epoch 580:  [avg_train_loss=3.4743, avg_seen_mae=1.6688, avg_unseen_mae=1.7380]
    Epoch 581:  [avg_train_loss=3.4743, avg_seen_mae=1.6688, avg_unseen_mae=1.7380]
    Epoch 582:  [avg_train_loss=3.4743, avg_seen_mae=1.6688, avg_unseen_mae=1.7380]
    Epoch 583:  [avg_train_loss=3.4743, avg_seen_mae=1.6688, avg_unseen_mae=1.7380]
    Epoch 584:  [avg_train_loss=3.4743, avg_seen_mae=1.6688, avg_unseen_mae=1.7380]
    Epoch 585:  [avg_train_loss=3.4743, avg_seen_mae=1.6688, avg_unseen_mae=1.7380]
    Epoch 586:  [avg_train_loss=3.4743, avg_seen_mae=1.6688, avg_unseen_mae=1.7380]
    Epoch 587:  [avg_train_loss=3.4743, avg_seen_mae=1.6688, avg_unseen_mae=1.7380]
    Epoch 588:  [avg_train_loss=3.4743, avg_seen_mae=1.6688, avg_unseen_mae=1.7380]
    Epoch 589:  [avg_train_loss=3.4743, avg_seen_mae=1.6688, avg_unseen_mae=1.7380]
    Epoch 590:  [avg_train_loss=3.4743, avg_seen_mae=1.6688, avg_unseen_mae=1.7380]
    Epoch 591:  [avg_train_loss=3.4743, avg_seen_mae=1.6688, avg_unseen_mae=1.7380]
    Epoch 592:  [avg_train_loss=3.4743, avg_seen_mae=1.6688, avg_unseen_mae=1.7380]
    Epoch 593:  [avg_train_loss=3.4743, avg_seen_mae=1.6688, avg_unseen_mae=1.7380]
    Epoch 594:  [avg_train_loss=3.4743, avg_seen_mae=1.6688, avg_unseen_mae=1.7380]
    Epoch 595:  [avg_train_loss=3.4743, avg_seen_mae=1.6688, avg_unseen_mae=1.7380]
    Epoch 596:  [avg_train_loss=3.4743, avg_seen_mae=1.6688, avg_unseen_mae=1.7380]
    Epoch 597:  [avg_train_loss=3.4743, avg_seen_mae=1.6688, avg_unseen_mae=1.7380]
    Epoch 598:  [avg_train_loss=3.4743, avg_seen_mae=1.6688, avg_unseen_mae=1.7380]
    Epoch 599:  [avg_train_loss=3.4743, avg_seen_mae=1.6688, avg_unseen_mae=1.7380]
    Epoch 600:  [avg_train_loss=3.4743, avg_seen_mae=1.6688, avg_unseen_mae=1.7380]
    Epoch 601:  [avg_train_loss=3.4743, avg_seen_mae=1.6688, avg_unseen_mae=1.7380]
    Epoch 602:  [avg_train_loss=3.4743, avg_seen_mae=1.6688, avg_unseen_mae=1.7380]
    Epoch 603:  [avg_train_loss=3.4743, avg_seen_mae=1.6688, avg_unseen_mae=1.7380]
    Epoch 604:  [avg_train_loss=3.4743, avg_seen_mae=1.6688, avg_unseen_mae=1.7380]
    Epoch 605:  [avg_train_loss=3.4743, avg_seen_mae=1.6688, avg_unseen_mae=1.7380]
    Epoch 606:  [avg_train_loss=3.4743, avg_seen_mae=1.6688, avg_unseen_mae=1.7380]
    Epoch 607:  [avg_train_loss=3.4743, avg_seen_mae=1.6688, avg_unseen_mae=1.7380]
    Epoch 608:  [avg_train_loss=3.4743, avg_seen_mae=1.6688, avg_unseen_mae=1.7380]
    Epoch 609:  [avg_train_loss=3.4743, avg_seen_mae=1.6688, avg_unseen_mae=1.7380]
    Epoch 610:  [avg_train_loss=3.4743, avg_seen_mae=1.6688, avg_unseen_mae=1.7380]
    Epoch 611:  [avg_train_loss=3.4743, avg_seen_mae=1.6688, avg_unseen_mae=1.7380]
    Epoch 612:  [avg_train_loss=3.4743, avg_seen_mae=1.6688, avg_unseen_mae=1.7380]
    Epoch 613:  [avg_train_loss=3.4743, avg_seen_mae=1.6688, avg_unseen_mae=1.7380]
    Epoch 614:  [avg_train_loss=3.4743, avg_seen_mae=1.6688, avg_unseen_mae=1.7380]
    Epoch 615:  [avg_train_loss=3.4743, avg_seen_mae=1.6688, avg_unseen_mae=1.7380]
    Epoch 616:  [avg_train_loss=3.4743, avg_seen_mae=1.6688, avg_unseen_mae=1.7380]
    Epoch 617:  [avg_train_loss=3.4743, avg_seen_mae=1.6688, avg_unseen_mae=1.7380]
    Epoch 618:  [avg_train_loss=3.4743, avg_seen_mae=1.6688, avg_unseen_mae=1.7380]
    Epoch 619:  [avg_train_loss=3.4743, avg_seen_mae=1.6688, avg_unseen_mae=1.7380]
    Epoch 620:  [avg_train_loss=3.4743, avg_seen_mae=1.6688, avg_unseen_mae=1.7380]
    Epoch 621:  [avg_train_loss=3.4743, avg_seen_mae=1.6688, avg_unseen_mae=1.7380]
    Epoch 622:  [avg_train_loss=3.4743, avg_seen_mae=1.6688, avg_unseen_mae=1.7380]
    Epoch 623:  [avg_train_loss=3.4743, avg_seen_mae=1.6688, avg_unseen_mae=1.7380]
    Epoch 624:  [avg_train_loss=3.4743, avg_seen_mae=1.6688, avg_unseen_mae=1.7380]
    Epoch 625:  [avg_train_loss=3.4743, avg_seen_mae=1.6688, avg_unseen_mae=1.7380]
    Epoch 626:  [avg_train_loss=3.4743, avg_seen_mae=1.6688, avg_unseen_mae=1.7380]
    Epoch 627:  [avg_train_loss=3.4743, avg_seen_mae=1.6688, avg_unseen_mae=1.7380]
    Epoch 628:  [avg_train_loss=3.4743, avg_seen_mae=1.6688, avg_unseen_mae=1.7380]
    Epoch 629:  [avg_train_loss=3.4743, avg_seen_mae=1.6688, avg_unseen_mae=1.7380]
    Epoch 630:  [avg_train_loss=3.4743, avg_seen_mae=1.6688, avg_unseen_mae=1.7380]
    Epoch 631:  [avg_train_loss=3.4743, avg_seen_mae=1.6688, avg_unseen_mae=1.7380]
    Epoch 632:  [avg_train_loss=3.4743, avg_seen_mae=1.6688, avg_unseen_mae=1.7380]
    Epoch 633:  [avg_train_loss=3.4743, avg_seen_mae=1.6688, avg_unseen_mae=1.7380]
    Epoch 634:  [avg_train_loss=3.4743, avg_seen_mae=1.6688, avg_unseen_mae=1.7380]
    Epoch 635:  [avg_train_loss=3.4743, avg_seen_mae=1.6688, avg_unseen_mae=1.7380]
    Epoch 636:  [avg_train_loss=3.4743, avg_seen_mae=1.6688, avg_unseen_mae=1.7380]
    Epoch 637:  [avg_train_loss=3.4743, avg_seen_mae=1.6688, avg_unseen_mae=1.7380]
    Epoch 638:  [avg_train_loss=3.4743, avg_seen_mae=1.6688, avg_unseen_mae=1.7380]
    Epoch 639:  [avg_train_loss=3.4743, avg_seen_mae=1.6688, avg_unseen_mae=1.7380]
    Epoch 640:  [avg_train_loss=3.4743, avg_seen_mae=1.6688, avg_unseen_mae=1.7380]
    Epoch 641:  [avg_train_loss=3.4743, avg_seen_mae=1.6688, avg_unseen_mae=1.7380]
    Epoch 642:  [avg_train_loss=3.4743, avg_seen_mae=1.6688, avg_unseen_mae=1.7380]
    Epoch 643:  [avg_train_loss=3.4743, avg_seen_mae=1.6688, avg_unseen_mae=1.7380]
    Epoch 644:  [avg_train_loss=3.4743, avg_seen_mae=1.6688, avg_unseen_mae=1.7380]
    Epoch 645:  [avg_train_loss=3.4743, avg_seen_mae=1.6688, avg_unseen_mae=1.7380]
    Epoch 646:  [avg_train_loss=3.4743, avg_seen_mae=1.6688, avg_unseen_mae=1.7380]
    Epoch 647:  [avg_train_loss=3.4743, avg_seen_mae=1.6688, avg_unseen_mae=1.7380]
    Epoch 648:  [avg_train_loss=3.4743, avg_seen_mae=1.6688, avg_unseen_mae=1.7380]
    Epoch 649:  [avg_train_loss=3.4743, avg_seen_mae=1.6688, avg_unseen_mae=1.7380]
    Epoch 650:  [avg_train_loss=3.4743, avg_seen_mae=1.6688, avg_unseen_mae=1.7380]
    Epoch 651:  [avg_train_loss=3.4743, avg_seen_mae=1.6688, avg_unseen_mae=1.7380]
    Epoch 652:  [avg_train_loss=3.4743, avg_seen_mae=1.6688, avg_unseen_mae=1.7380]
    Epoch 653:  [avg_train_loss=3.4743, avg_seen_mae=1.6688, avg_unseen_mae=1.7380]
    Epoch 654:  [avg_train_loss=3.4743, avg_seen_mae=1.6688, avg_unseen_mae=1.7380]
    Epoch 655:  [avg_train_loss=3.4743, avg_seen_mae=1.6688, avg_unseen_mae=1.7380]
    Epoch 656:  [avg_train_loss=3.4743, avg_seen_mae=1.6688, avg_unseen_mae=1.7380]
    Epoch 657:  [avg_train_loss=3.4743, avg_seen_mae=1.6688, avg_unseen_mae=1.7380]
    Epoch 658:  [avg_train_loss=3.4743, avg_seen_mae=1.6688, avg_unseen_mae=1.7380]
    Epoch 659:  [avg_train_loss=3.4743, avg_seen_mae=1.6688, avg_unseen_mae=1.7380]
    Epoch 660:  [avg_train_loss=3.4743, avg_seen_mae=1.6688, avg_unseen_mae=1.7380]
    Epoch 661:  [avg_train_loss=3.4743, avg_seen_mae=1.6688, avg_unseen_mae=1.7380]
    Epoch 662:  [avg_train_loss=3.4743, avg_seen_mae=1.6688, avg_unseen_mae=1.7380]
    Epoch 663:  [avg_train_loss=3.4743, avg_seen_mae=1.6688, avg_unseen_mae=1.7380]
    Epoch 664:  [avg_train_loss=3.4743, avg_seen_mae=1.6688, avg_unseen_mae=1.7380]
    Epoch 665:  [avg_train_loss=3.4743, avg_seen_mae=1.6688, avg_unseen_mae=1.7380]
    Epoch 666:  [avg_train_loss=3.4743, avg_seen_mae=1.6688, avg_unseen_mae=1.7380]
    Epoch 667:  [avg_train_loss=3.4743, avg_seen_mae=1.6688, avg_unseen_mae=1.7380]
    Epoch 668:  [avg_train_loss=3.4743, avg_seen_mae=1.6688, avg_unseen_mae=1.7380]
    Epoch 669:  [avg_train_loss=3.4743, avg_seen_mae=1.6688, avg_unseen_mae=1.7380]
    Epoch 670:  [avg_train_loss=3.4743, avg_seen_mae=1.6688, avg_unseen_mae=1.7380]
    Epoch 671:  [avg_train_loss=3.4743, avg_seen_mae=1.6688, avg_unseen_mae=1.7380]
    Epoch 672:  [avg_train_loss=3.4743, avg_seen_mae=1.6688, avg_unseen_mae=1.7380]
    Epoch 673:  [avg_train_loss=3.4743, avg_seen_mae=1.6688, avg_unseen_mae=1.7380]
    Epoch 674:  [avg_train_loss=3.4743, avg_seen_mae=1.6688, avg_unseen_mae=1.7380]
    Epoch 675:  [avg_train_loss=3.4743, avg_seen_mae=1.6688, avg_unseen_mae=1.7380]
    Epoch 676:  [avg_train_loss=3.4743, avg_seen_mae=1.6688, avg_unseen_mae=1.7380]
    Epoch 677:  [avg_train_loss=3.4743, avg_seen_mae=1.6688, avg_unseen_mae=1.7380]
    Epoch 678:  [avg_train_loss=3.4743, avg_seen_mae=1.6688, avg_unseen_mae=1.7380]
    Epoch 679:  [avg_train_loss=3.4743, avg_seen_mae=1.6688, avg_unseen_mae=1.7380]
    Epoch 680:  [avg_train_loss=3.4743, avg_seen_mae=1.6688, avg_unseen_mae=1.7380]
    Epoch 681:  [avg_train_loss=3.4743, avg_seen_mae=1.6688, avg_unseen_mae=1.7380]
    Epoch 682:  [avg_train_loss=3.4743, avg_seen_mae=1.6688, avg_unseen_mae=1.7380]
    Epoch 683:  [avg_train_loss=3.4743, avg_seen_mae=1.6688, avg_unseen_mae=1.7380]
    Epoch 684:  [avg_train_loss=3.4743, avg_seen_mae=1.6688, avg_unseen_mae=1.7380]
    Epoch 685:  [avg_train_loss=3.4743, avg_seen_mae=1.6688, avg_unseen_mae=1.7380]
    Epoch 686:  [avg_train_loss=3.4743, avg_seen_mae=1.6688, avg_unseen_mae=1.7380]
    Epoch 687:  [avg_train_loss=3.4743, avg_seen_mae=1.6688, avg_unseen_mae=1.7380]
    Epoch 688:  [avg_train_loss=3.4743, avg_seen_mae=1.6688, avg_unseen_mae=1.7380]
    Epoch 689:  [avg_train_loss=3.4743, avg_seen_mae=1.6688, avg_unseen_mae=1.7380]
    Epoch 690:  [avg_train_loss=3.4743, avg_seen_mae=1.6688, avg_unseen_mae=1.7380]
    Epoch 691:  [avg_train_loss=3.4743, avg_seen_mae=1.6688, avg_unseen_mae=1.7380]
    Epoch 692:  [avg_train_loss=3.4743, avg_seen_mae=1.6688, avg_unseen_mae=1.7380]
    Epoch 693:  [avg_train_loss=3.4743, avg_seen_mae=1.6688, avg_unseen_mae=1.7380]
    Epoch 694:  [avg_train_loss=3.4743, avg_seen_mae=1.6688, avg_unseen_mae=1.7380]
    Epoch 695:  [avg_train_loss=3.4743, avg_seen_mae=1.6688, avg_unseen_mae=1.7380]
    Epoch 696:  [avg_train_loss=3.4743, avg_seen_mae=1.6688, avg_unseen_mae=1.7380]
    Epoch 697:  [avg_train_loss=3.4743, avg_seen_mae=1.6688, avg_unseen_mae=1.7380]
    Epoch 698:  [avg_train_loss=3.4743, avg_seen_mae=1.6688, avg_unseen_mae=1.7380]
    Epoch 699:  [avg_train_loss=3.4743, avg_seen_mae=1.6688, avg_unseen_mae=1.7380]
    Epoch 700:  [avg_train_loss=3.4743, avg_seen_mae=1.6688, avg_unseen_mae=1.7380]
    Epoch 701:  [avg_train_loss=3.4743, avg_seen_mae=1.6688, avg_unseen_mae=1.7380]
    Epoch 702:  [avg_train_loss=3.4743, avg_seen_mae=1.6688, avg_unseen_mae=1.7380]
    Epoch 703:  [avg_train_loss=3.4743, avg_seen_mae=1.6688, avg_unseen_mae=1.7380]
    Epoch 704:  [avg_train_loss=3.4743, avg_seen_mae=1.6688, avg_unseen_mae=1.7380]
    Epoch 705:  [avg_train_loss=3.4743, avg_seen_mae=1.6688, avg_unseen_mae=1.7380]
    Epoch 706:  [avg_train_loss=3.4743, avg_seen_mae=1.6688, avg_unseen_mae=1.7380]
    Epoch 707:  [avg_train_loss=3.4743, avg_seen_mae=1.6688, avg_unseen_mae=1.7380]
    Epoch 708:  [avg_train_loss=3.4743, avg_seen_mae=1.6688, avg_unseen_mae=1.7380]
    Epoch 709:  [avg_train_loss=3.4743, avg_seen_mae=1.6688, avg_unseen_mae=1.7380]
    Epoch 710:  [avg_train_loss=3.4743, avg_seen_mae=1.6688, avg_unseen_mae=1.7380]
    Epoch 711:  [avg_train_loss=3.4743, avg_seen_mae=1.6688, avg_unseen_mae=1.7380]
    Epoch 712:  [avg_train_loss=3.4743, avg_seen_mae=1.6688, avg_unseen_mae=1.7380]
    Epoch 713:  [avg_train_loss=3.4743, avg_seen_mae=1.6688, avg_unseen_mae=1.7380]
    Epoch 714:  [avg_train_loss=3.4743, avg_seen_mae=1.6688, avg_unseen_mae=1.7380]
    Epoch 715:  [avg_train_loss=3.4743, avg_seen_mae=1.6688, avg_unseen_mae=1.7380]
    Epoch 716:  [avg_train_loss=3.4743, avg_seen_mae=1.6688, avg_unseen_mae=1.7380]
    Epoch 717:  [avg_train_loss=3.4743, avg_seen_mae=1.6688, avg_unseen_mae=1.7380]
    Epoch 718:  [avg_train_loss=3.4743, avg_seen_mae=1.6688, avg_unseen_mae=1.7380]
    Epoch 719:  [avg_train_loss=3.4743, avg_seen_mae=1.6688, avg_unseen_mae=1.7380]
    Epoch 720:  [avg_train_loss=3.4743, avg_seen_mae=1.6688, avg_unseen_mae=1.7380]
    Epoch 721:  [avg_train_loss=3.4743, avg_seen_mae=1.6688, avg_unseen_mae=1.7380]
    Epoch 722:  [avg_train_loss=3.4743, avg_seen_mae=1.6688, avg_unseen_mae=1.7380]
    Epoch 723:  [avg_train_loss=3.4743, avg_seen_mae=1.6688, avg_unseen_mae=1.7380]
    Epoch 724:  [avg_train_loss=3.4743, avg_seen_mae=1.6688, avg_unseen_mae=1.7380]
    Epoch 725:  [avg_train_loss=3.4743, avg_seen_mae=1.6688, avg_unseen_mae=1.7380]
    Epoch 726:  [avg_train_loss=3.4743, avg_seen_mae=1.6688, avg_unseen_mae=1.7380]
    Epoch 727:  [avg_train_loss=3.4743, avg_seen_mae=1.6688, avg_unseen_mae=1.7380]
    Epoch 728:  [avg_train_loss=3.4743, avg_seen_mae=1.6688, avg_unseen_mae=1.7380]
    Epoch 729:  [avg_train_loss=3.4743, avg_seen_mae=1.6688, avg_unseen_mae=1.7380]
    Epoch 730:  [avg_train_loss=3.4743, avg_seen_mae=1.6688, avg_unseen_mae=1.7380]
    Epoch 731:  [avg_train_loss=3.4743, avg_seen_mae=1.6688, avg_unseen_mae=1.7380]
    Epoch 732:  [avg_train_loss=3.4743, avg_seen_mae=1.6688, avg_unseen_mae=1.7380]
    Epoch 733:  [avg_train_loss=3.4743, avg_seen_mae=1.6688, avg_unseen_mae=1.7380]
    Epoch 734:  [avg_train_loss=3.4743, avg_seen_mae=1.6688, avg_unseen_mae=1.7380]
    Epoch 735:  [avg_train_loss=3.4743, avg_seen_mae=1.6688, avg_unseen_mae=1.7380]
    Epoch 736:  [avg_train_loss=3.4743, avg_seen_mae=1.6688, avg_unseen_mae=1.7380]
    Epoch 737:  [avg_train_loss=3.4743, avg_seen_mae=1.6688, avg_unseen_mae=1.7380]
    Epoch 738:  [avg_train_loss=3.4743, avg_seen_mae=1.6688, avg_unseen_mae=1.7380]
    Epoch 739:  [avg_train_loss=3.4743, avg_seen_mae=1.6688, avg_unseen_mae=1.7380]
    Epoch 740:  [avg_train_loss=3.4743, avg_seen_mae=1.6688, avg_unseen_mae=1.7380]
    Epoch 741:  [avg_train_loss=3.4743, avg_seen_mae=1.6688, avg_unseen_mae=1.7380]
    Epoch 742:  [avg_train_loss=3.4743, avg_seen_mae=1.6688, avg_unseen_mae=1.7380]
    Epoch 743:  [avg_train_loss=3.4743, avg_seen_mae=1.6688, avg_unseen_mae=1.7380]
    Epoch 744:  [avg_train_loss=3.4743, avg_seen_mae=1.6688, avg_unseen_mae=1.7380]
    Epoch 745:  [avg_train_loss=3.4743, avg_seen_mae=1.6688, avg_unseen_mae=1.7380]
    Epoch 746:  [avg_train_loss=3.4743, avg_seen_mae=1.6688, avg_unseen_mae=1.7380]
    Epoch 747:  [avg_train_loss=3.4743, avg_seen_mae=1.6688, avg_unseen_mae=1.7380]
    Epoch 748:  [avg_train_loss=3.4743, avg_seen_mae=1.6688, avg_unseen_mae=1.7380]
    Epoch 749:  [avg_train_loss=3.4743, avg_seen_mae=1.6688, avg_unseen_mae=1.7380]
    Epoch 750:  [avg_train_loss=3.4743, avg_seen_mae=1.6688, avg_unseen_mae=1.7380]
    Epoch 751:  [avg_train_loss=3.4743, avg_seen_mae=1.6688, avg_unseen_mae=1.7380]
    Epoch 752:  [avg_train_loss=3.4743, avg_seen_mae=1.6688, avg_unseen_mae=1.7380]
    Epoch 753:  [avg_train_loss=3.4743, avg_seen_mae=1.6688, avg_unseen_mae=1.7380]
    Epoch 754:  [avg_train_loss=3.4743, avg_seen_mae=1.6688, avg_unseen_mae=1.7380]
    Epoch 755:  [avg_train_loss=3.4743, avg_seen_mae=1.6688, avg_unseen_mae=1.7380]
    Epoch 756:  [avg_train_loss=3.4743, avg_seen_mae=1.6688, avg_unseen_mae=1.7380]
    Epoch 757:  [avg_train_loss=3.4743, avg_seen_mae=1.6688, avg_unseen_mae=1.7380]
    Epoch 758:  [avg_train_loss=3.4743, avg_seen_mae=1.6688, avg_unseen_mae=1.7380]
    Epoch 759:  [avg_train_loss=3.4743, avg_seen_mae=1.6688, avg_unseen_mae=1.7380]
    Epoch 760:  [avg_train_loss=3.4743, avg_seen_mae=1.6688, avg_unseen_mae=1.7380]
    Epoch 761:  [avg_train_loss=3.4743, avg_seen_mae=1.6688, avg_unseen_mae=1.7380]
    Epoch 762:  [avg_train_loss=3.4743, avg_seen_mae=1.6688, avg_unseen_mae=1.7380]
    Epoch 763:  [avg_train_loss=3.4743, avg_seen_mae=1.6688, avg_unseen_mae=1.7380]
    Epoch 764:  [avg_train_loss=3.4743, avg_seen_mae=1.6688, avg_unseen_mae=1.7380]
    Epoch 765:  [avg_train_loss=3.4743, avg_seen_mae=1.6688, avg_unseen_mae=1.7380]
    Epoch 766:  [avg_train_loss=3.4743, avg_seen_mae=1.6688, avg_unseen_mae=1.7380]
    Epoch 767:  [avg_train_loss=3.4743, avg_seen_mae=1.6688, avg_unseen_mae=1.7380]
    Epoch 768:  [avg_train_loss=3.4743, avg_seen_mae=1.6688, avg_unseen_mae=1.7380]
    Epoch 769:  [avg_train_loss=3.4743, avg_seen_mae=1.6688, avg_unseen_mae=1.7380]
    Epoch 770:  [avg_train_loss=3.4743, avg_seen_mae=1.6688, avg_unseen_mae=1.7380]
    Epoch 771:  [avg_train_loss=3.4743, avg_seen_mae=1.6688, avg_unseen_mae=1.7380]
    Epoch 772:  [avg_train_loss=3.4743, avg_seen_mae=1.6688, avg_unseen_mae=1.7380]
    Epoch 773:  [avg_train_loss=3.4743, avg_seen_mae=1.6688, avg_unseen_mae=1.7380]
    Epoch 774:  [avg_train_loss=3.4743, avg_seen_mae=1.6688, avg_unseen_mae=1.7380]
    Epoch 775:  [avg_train_loss=3.4743, avg_seen_mae=1.6688, avg_unseen_mae=1.7380]
    Epoch 776:  [avg_train_loss=3.4743, avg_seen_mae=1.6688, avg_unseen_mae=1.7380]
    Epoch 777:  [avg_train_loss=3.4743, avg_seen_mae=1.6688, avg_unseen_mae=1.7380]
    Epoch 778:  [avg_train_loss=3.4743, avg_seen_mae=1.6688, avg_unseen_mae=1.7380]
    Epoch 779:  [avg_train_loss=3.4743, avg_seen_mae=1.6688, avg_unseen_mae=1.7380]
    Epoch 780:  [avg_train_loss=3.4743, avg_seen_mae=1.6688, avg_unseen_mae=1.7380]
    Epoch 781:  [avg_train_loss=3.4743, avg_seen_mae=1.6688, avg_unseen_mae=1.7380]
    Epoch 782:  [avg_train_loss=3.4743, avg_seen_mae=1.6688, avg_unseen_mae=1.7380]
    Epoch 783:  [avg_train_loss=3.4743, avg_seen_mae=1.6688, avg_unseen_mae=1.7380]
    Epoch 784:  [avg_train_loss=3.4743, avg_seen_mae=1.6688, avg_unseen_mae=1.7380]
    Epoch 785:  [avg_train_loss=3.4743, avg_seen_mae=1.6688, avg_unseen_mae=1.7380]
    Epoch 786:  [avg_train_loss=3.4743, avg_seen_mae=1.6688, avg_unseen_mae=1.7380]
    Epoch 787:  [avg_train_loss=3.4743, avg_seen_mae=1.6688, avg_unseen_mae=1.7380]
    Epoch 788:  [avg_train_loss=3.4743, avg_seen_mae=1.6688, avg_unseen_mae=1.7380]
    Epoch 789:  [avg_train_loss=3.4743, avg_seen_mae=1.6688, avg_unseen_mae=1.7380]
    Epoch 790:  [avg_train_loss=3.4743, avg_seen_mae=1.6688, avg_unseen_mae=1.7380]
    Epoch 791:  [avg_train_loss=3.4743, avg_seen_mae=1.6688, avg_unseen_mae=1.7380]
    Epoch 792:  [avg_train_loss=3.4743, avg_seen_mae=1.6688, avg_unseen_mae=1.7380]
    Epoch 793:  [avg_train_loss=3.4743, avg_seen_mae=1.6688, avg_unseen_mae=1.7380]
    Epoch 794:  [avg_train_loss=3.4743, avg_seen_mae=1.6688, avg_unseen_mae=1.7380]
    Epoch 795:  [avg_train_loss=3.4743, avg_seen_mae=1.6688, avg_unseen_mae=1.7380]
    Epoch 796:  [avg_train_loss=3.4743, avg_seen_mae=1.6688, avg_unseen_mae=1.7380]
    Epoch 797:  [avg_train_loss=3.4743, avg_seen_mae=1.6688, avg_unseen_mae=1.7380]
    Epoch 798:  [avg_train_loss=3.4743, avg_seen_mae=1.6688, avg_unseen_mae=1.7380]
    Epoch 799:  [avg_train_loss=3.4743, avg_seen_mae=1.6688, avg_unseen_mae=1.7380]
    Epoch 800:  [avg_train_loss=3.4743, avg_seen_mae=1.6688, avg_unseen_mae=1.7380]
    Epoch 801:  [avg_train_loss=3.4743, avg_seen_mae=1.6688, avg_unseen_mae=1.7380]
    Epoch 802:  [avg_train_loss=3.4743, avg_seen_mae=1.6688, avg_unseen_mae=1.7380]
    Epoch 803:  [avg_train_loss=3.4743, avg_seen_mae=1.6688, avg_unseen_mae=1.7380]
    Epoch 804:  [avg_train_loss=3.4743, avg_seen_mae=1.6688, avg_unseen_mae=1.7380]
    Epoch 805:  [avg_train_loss=3.4743, avg_seen_mae=1.6688, avg_unseen_mae=1.7380]
    Epoch 806:  [avg_train_loss=3.4743, avg_seen_mae=1.6688, avg_unseen_mae=1.7380]
    Epoch 807:  [avg_train_loss=3.4743, avg_seen_mae=1.6688, avg_unseen_mae=1.7380]
    Epoch 808:  [avg_train_loss=3.4743, avg_seen_mae=1.6688, avg_unseen_mae=1.7380]
    Epoch 809:  [avg_train_loss=3.4743, avg_seen_mae=1.6688, avg_unseen_mae=1.7380]
    Epoch 810:  [avg_train_loss=3.4743, avg_seen_mae=1.6688, avg_unseen_mae=1.7380]
    Epoch 811:  [avg_train_loss=3.4743, avg_seen_mae=1.6688, avg_unseen_mae=1.7380]
    Epoch 812:  [avg_train_loss=3.4743, avg_seen_mae=1.6688, avg_unseen_mae=1.7380]
    Epoch 813:  [avg_train_loss=3.4743, avg_seen_mae=1.6688, avg_unseen_mae=1.7380]
    Epoch 814:  [avg_train_loss=3.4743, avg_seen_mae=1.6688, avg_unseen_mae=1.7380]
    Epoch 815:  [avg_train_loss=3.4743, avg_seen_mae=1.6688, avg_unseen_mae=1.7380]
    Epoch 816:  [avg_train_loss=3.4743, avg_seen_mae=1.6688, avg_unseen_mae=1.7380]
    Epoch 817:  [avg_train_loss=3.4743, avg_seen_mae=1.6688, avg_unseen_mae=1.7380]
    Epoch 818:  [avg_train_loss=3.4743, avg_seen_mae=1.6688, avg_unseen_mae=1.7380]
    Epoch 819:  [avg_train_loss=3.4743, avg_seen_mae=1.6688, avg_unseen_mae=1.7380]
    Epoch 820:  [avg_train_loss=3.4743, avg_seen_mae=1.6688, avg_unseen_mae=1.7380]
    Epoch 821:  [avg_train_loss=3.4743, avg_seen_mae=1.6688, avg_unseen_mae=1.7380]
    Epoch 822:  [avg_train_loss=3.4743, avg_seen_mae=1.6688, avg_unseen_mae=1.7380]
    Epoch 823:  [avg_train_loss=3.4743, avg_seen_mae=1.6688, avg_unseen_mae=1.7380]
    Epoch 824:  [avg_train_loss=3.4743, avg_seen_mae=1.6688, avg_unseen_mae=1.7380]
    Epoch 825:  [avg_train_loss=3.4743, avg_seen_mae=1.6688, avg_unseen_mae=1.7380]
    Epoch 826:  [avg_train_loss=3.4743, avg_seen_mae=1.6688, avg_unseen_mae=1.7380]
    Epoch 827:  [avg_train_loss=3.4743, avg_seen_mae=1.6688, avg_unseen_mae=1.7380]
    Epoch 828:  [avg_train_loss=3.4743, avg_seen_mae=1.6688, avg_unseen_mae=1.7380]
    Epoch 829:  [avg_train_loss=3.4743, avg_seen_mae=1.6688, avg_unseen_mae=1.7380]
    Epoch 830:  [avg_train_loss=3.4743, avg_seen_mae=1.6688, avg_unseen_mae=1.7380]
    Epoch 831:  [avg_train_loss=3.4743, avg_seen_mae=1.6688, avg_unseen_mae=1.7380]
    Epoch 832:  [avg_train_loss=3.4743, avg_seen_mae=1.6688, avg_unseen_mae=1.7380]
    Epoch 833:  [avg_train_loss=3.4743, avg_seen_mae=1.6688, avg_unseen_mae=1.7380]
    Epoch 834:  [avg_train_loss=3.4743, avg_seen_mae=1.6688, avg_unseen_mae=1.7380]
    Epoch 835:  [avg_train_loss=3.4743, avg_seen_mae=1.6688, avg_unseen_mae=1.7380]
    Epoch 836:  [avg_train_loss=3.4743, avg_seen_mae=1.6688, avg_unseen_mae=1.7380]
    Epoch 837:  [avg_train_loss=3.4743, avg_seen_mae=1.6688, avg_unseen_mae=1.7380]
    Epoch 838:  [avg_train_loss=3.4743, avg_seen_mae=1.6688, avg_unseen_mae=1.7380]
    Epoch 839:  [avg_train_loss=3.4743, avg_seen_mae=1.6688, avg_unseen_mae=1.7380]
    Epoch 840:  [avg_train_loss=3.4743, avg_seen_mae=1.6688, avg_unseen_mae=1.7380]
    Epoch 841:  [avg_train_loss=3.4743, avg_seen_mae=1.6688, avg_unseen_mae=1.7380]
    Epoch 842:  [avg_train_loss=3.4743, avg_seen_mae=1.6688, avg_unseen_mae=1.7380]
    Epoch 843:  [avg_train_loss=3.4743, avg_seen_mae=1.6688, avg_unseen_mae=1.7380]
    Epoch 844:  [avg_train_loss=3.4743, avg_seen_mae=1.6688, avg_unseen_mae=1.7380]
    Epoch 845:  [avg_train_loss=3.4743, avg_seen_mae=1.6688, avg_unseen_mae=1.7380]
    Epoch 846:  [avg_train_loss=3.4743, avg_seen_mae=1.6688, avg_unseen_mae=1.7380]
    Epoch 847:  [avg_train_loss=3.4743, avg_seen_mae=1.6688, avg_unseen_mae=1.7380]
    Epoch 848:  [avg_train_loss=3.4743, avg_seen_mae=1.6688, avg_unseen_mae=1.7380]
    Epoch 849:  [avg_train_loss=3.4743, avg_seen_mae=1.6688, avg_unseen_mae=1.7380]
    Epoch 850:  [avg_train_loss=3.4743, avg_seen_mae=1.6688, avg_unseen_mae=1.7380]
    Epoch 851:  [avg_train_loss=3.4743, avg_seen_mae=1.6688, avg_unseen_mae=1.7380]
    Epoch 852:  [avg_train_loss=3.4743, avg_seen_mae=1.6688, avg_unseen_mae=1.7380]
    Epoch 853:  [avg_train_loss=3.4743, avg_seen_mae=1.6688, avg_unseen_mae=1.7380]
    Epoch 854:  [avg_train_loss=3.4743, avg_seen_mae=1.6688, avg_unseen_mae=1.7380]
    Epoch 855:  [avg_train_loss=3.4743, avg_seen_mae=1.6688, avg_unseen_mae=1.7380]
    Epoch 856:  [avg_train_loss=3.4743, avg_seen_mae=1.6688, avg_unseen_mae=1.7380]
    Epoch 857:  [avg_train_loss=3.4743, avg_seen_mae=1.6688, avg_unseen_mae=1.7380]
    Epoch 858:  [avg_train_loss=3.4743, avg_seen_mae=1.6688, avg_unseen_mae=1.7380]
    Epoch 859:  [avg_train_loss=3.4743, avg_seen_mae=1.6688, avg_unseen_mae=1.7380]
    Epoch 860:  [avg_train_loss=3.4743, avg_seen_mae=1.6688, avg_unseen_mae=1.7380]
    Epoch 861:  [avg_train_loss=3.4743, avg_seen_mae=1.6688, avg_unseen_mae=1.7380]
    Epoch 862:  [avg_train_loss=3.4743, avg_seen_mae=1.6688, avg_unseen_mae=1.7380]
    Epoch 863:  [avg_train_loss=3.4743, avg_seen_mae=1.6688, avg_unseen_mae=1.7380]
    Epoch 864:  [avg_train_loss=3.4743, avg_seen_mae=1.6688, avg_unseen_mae=1.7380]
    Epoch 865:  [avg_train_loss=3.4743, avg_seen_mae=1.6688, avg_unseen_mae=1.7380]
    Epoch 866:  [avg_train_loss=3.4743, avg_seen_mae=1.6688, avg_unseen_mae=1.7380]
    Epoch 867:  [avg_train_loss=3.4743, avg_seen_mae=1.6688, avg_unseen_mae=1.7380]
    Epoch 868:  [avg_train_loss=3.4743, avg_seen_mae=1.6688, avg_unseen_mae=1.7380]
    Epoch 869:  [avg_train_loss=3.4743, avg_seen_mae=1.6688, avg_unseen_mae=1.7380]
    Epoch 870:  [avg_train_loss=3.4743, avg_seen_mae=1.6688, avg_unseen_mae=1.7380]
    Epoch 871:  [avg_train_loss=3.4743, avg_seen_mae=1.6688, avg_unseen_mae=1.7380]
    Epoch 872:  [avg_train_loss=3.4743, avg_seen_mae=1.6688, avg_unseen_mae=1.7380]
    Epoch 873:  [avg_train_loss=3.4743, avg_seen_mae=1.6688, avg_unseen_mae=1.7380]
    Epoch 874:  [avg_train_loss=3.4743, avg_seen_mae=1.6688, avg_unseen_mae=1.7380]
    Epoch 875:  [avg_train_loss=3.4743, avg_seen_mae=1.6688, avg_unseen_mae=1.7380]
    Epoch 876:  [avg_train_loss=3.4743, avg_seen_mae=1.6688, avg_unseen_mae=1.7380]
    Epoch 877:  [avg_train_loss=3.4743, avg_seen_mae=1.6688, avg_unseen_mae=1.7380]
    Epoch 878:  [avg_train_loss=3.4743, avg_seen_mae=1.6688, avg_unseen_mae=1.7380]
    Epoch 879:  [avg_train_loss=3.4743, avg_seen_mae=1.6688, avg_unseen_mae=1.7380]
    Epoch 880:  [avg_train_loss=3.4743, avg_seen_mae=1.6688, avg_unseen_mae=1.7380]
    Epoch 881:  [avg_train_loss=3.4743, avg_seen_mae=1.6688, avg_unseen_mae=1.7380]
    Epoch 882:  [avg_train_loss=3.4743, avg_seen_mae=1.6688, avg_unseen_mae=1.7380]
    Epoch 883:  [avg_train_loss=3.4743, avg_seen_mae=1.6688, avg_unseen_mae=1.7380]
    Epoch 884:  [avg_train_loss=3.4743, avg_seen_mae=1.6688, avg_unseen_mae=1.7380]
    Epoch 885:  [avg_train_loss=3.4743, avg_seen_mae=1.6688, avg_unseen_mae=1.7380]
    Epoch 886:  [avg_train_loss=3.4743, avg_seen_mae=1.6688, avg_unseen_mae=1.7380]
    Epoch 887:  [avg_train_loss=3.4743, avg_seen_mae=1.6688, avg_unseen_mae=1.7380]
    Epoch 888:  [avg_train_loss=3.4743, avg_seen_mae=1.6688, avg_unseen_mae=1.7380]
    Epoch 889:  [avg_train_loss=3.4743, avg_seen_mae=1.6688, avg_unseen_mae=1.7380]
    Epoch 890:  [avg_train_loss=3.4743, avg_seen_mae=1.6688, avg_unseen_mae=1.7380]
    Epoch 891:  [avg_train_loss=3.4743, avg_seen_mae=1.6688, avg_unseen_mae=1.7380]
    Epoch 892:  [avg_train_loss=3.4743, avg_seen_mae=1.6688, avg_unseen_mae=1.7380]
    Epoch 893:  [avg_train_loss=3.4743, avg_seen_mae=1.6688, avg_unseen_mae=1.7380]
    Epoch 894:  [avg_train_loss=3.4743, avg_seen_mae=1.6688, avg_unseen_mae=1.7380]
    Epoch 895:  [avg_train_loss=3.4743, avg_seen_mae=1.6688, avg_unseen_mae=1.7380]
    Epoch 896:  [avg_train_loss=3.4743, avg_seen_mae=1.6688, avg_unseen_mae=1.7380]
    Epoch 897:  [avg_train_loss=3.4743, avg_seen_mae=1.6688, avg_unseen_mae=1.7380]
    Epoch 898:  [avg_train_loss=3.4743, avg_seen_mae=1.6688, avg_unseen_mae=1.7380]
    Epoch 899:  [avg_train_loss=3.4743, avg_seen_mae=1.6688, avg_unseen_mae=1.7380]
    Epoch 900:  [avg_train_loss=3.4743, avg_seen_mae=1.6688, avg_unseen_mae=1.7380]
    Epoch 901:  [avg_train_loss=3.4743, avg_seen_mae=1.6688, avg_unseen_mae=1.7380]
    Epoch 902:  [avg_train_loss=3.4743, avg_seen_mae=1.6688, avg_unseen_mae=1.7380]
    Epoch 903:  [avg_train_loss=3.4743, avg_seen_mae=1.6688, avg_unseen_mae=1.7380]
    Epoch 904:  [avg_train_loss=3.4743, avg_seen_mae=1.6688, avg_unseen_mae=1.7380]
    Epoch 905:  [avg_train_loss=3.4743, avg_seen_mae=1.6688, avg_unseen_mae=1.7380]
    Epoch 906:  [avg_train_loss=3.4743, avg_seen_mae=1.6688, avg_unseen_mae=1.7380]
    Epoch 907:  [avg_train_loss=3.4743, avg_seen_mae=1.6688, avg_unseen_mae=1.7380]
    Epoch 908:  [avg_train_loss=3.4743, avg_seen_mae=1.6688, avg_unseen_mae=1.7380]
    Epoch 909:  [avg_train_loss=3.4743, avg_seen_mae=1.6688, avg_unseen_mae=1.7380]
    Epoch 910:  [avg_train_loss=3.4743, avg_seen_mae=1.6688, avg_unseen_mae=1.7380]
    Epoch 911:  [avg_train_loss=3.4743, avg_seen_mae=1.6688, avg_unseen_mae=1.7380]
    Epoch 912:  [avg_train_loss=3.4743, avg_seen_mae=1.6688, avg_unseen_mae=1.7380]
    Epoch 913:  [avg_train_loss=3.4743, avg_seen_mae=1.6688, avg_unseen_mae=1.7380]
    Epoch 914:  [avg_train_loss=3.4743, avg_seen_mae=1.6688, avg_unseen_mae=1.7380]
    Epoch 915:  [avg_train_loss=3.4743, avg_seen_mae=1.6688, avg_unseen_mae=1.7380]
    Epoch 916:  [avg_train_loss=3.4743, avg_seen_mae=1.6688, avg_unseen_mae=1.7380]
    Epoch 917:  [avg_train_loss=3.4743, avg_seen_mae=1.6688, avg_unseen_mae=1.7380]
    Epoch 918:  [avg_train_loss=3.4743, avg_seen_mae=1.6688, avg_unseen_mae=1.7380]
    Epoch 919:  [avg_train_loss=3.4743, avg_seen_mae=1.6688, avg_unseen_mae=1.7380]
    Epoch 920:  [avg_train_loss=3.4743, avg_seen_mae=1.6688, avg_unseen_mae=1.7380]
    Epoch 921:  [avg_train_loss=3.4743, avg_seen_mae=1.6688, avg_unseen_mae=1.7380]
    Epoch 922:  [avg_train_loss=3.4743, avg_seen_mae=1.6688, avg_unseen_mae=1.7380]
    Epoch 923:  [avg_train_loss=3.4743, avg_seen_mae=1.6688, avg_unseen_mae=1.7380]
    Epoch 924:  [avg_train_loss=3.4743, avg_seen_mae=1.6688, avg_unseen_mae=1.7380]
    Epoch 925:  [avg_train_loss=3.4743, avg_seen_mae=1.6688, avg_unseen_mae=1.7380]
    Epoch 926:  [avg_train_loss=3.4743, avg_seen_mae=1.6688, avg_unseen_mae=1.7380]
    Epoch 927:  [avg_train_loss=3.4743, avg_seen_mae=1.6688, avg_unseen_mae=1.7380]
    Epoch 928:  [avg_train_loss=3.4743, avg_seen_mae=1.6688, avg_unseen_mae=1.7380]
    Epoch 929:  [avg_train_loss=3.4743, avg_seen_mae=1.6688, avg_unseen_mae=1.7380]
    Epoch 930:  [avg_train_loss=3.4743, avg_seen_mae=1.6688, avg_unseen_mae=1.7380]
    Epoch 931:  [avg_train_loss=3.4743, avg_seen_mae=1.6688, avg_unseen_mae=1.7380]
    Epoch 932:  [avg_train_loss=3.4743, avg_seen_mae=1.6688, avg_unseen_mae=1.7380]
    Epoch 933:  [avg_train_loss=3.4743, avg_seen_mae=1.6688, avg_unseen_mae=1.7380]
    Epoch 934:  [avg_train_loss=3.4743, avg_seen_mae=1.6688, avg_unseen_mae=1.7380]
    Epoch 935:  [avg_train_loss=3.4743, avg_seen_mae=1.6688, avg_unseen_mae=1.7380]
    Epoch 936:  [avg_train_loss=3.4743, avg_seen_mae=1.6688, avg_unseen_mae=1.7380]
    Epoch 937:  [avg_train_loss=3.4743, avg_seen_mae=1.6688, avg_unseen_mae=1.7380]
    Epoch 938:  [avg_train_loss=3.4743, avg_seen_mae=1.6688, avg_unseen_mae=1.7380]
    Epoch 939:  [avg_train_loss=3.4743, avg_seen_mae=1.6688, avg_unseen_mae=1.7380]
    Epoch 940:  [avg_train_loss=3.4743, avg_seen_mae=1.6688, avg_unseen_mae=1.7380]
    Epoch 941:  [avg_train_loss=3.4743, avg_seen_mae=1.6688, avg_unseen_mae=1.7380]
    Epoch 942:  [avg_train_loss=3.4743, avg_seen_mae=1.6688, avg_unseen_mae=1.7380]
    Epoch 943:  [avg_train_loss=3.4743, avg_seen_mae=1.6688, avg_unseen_mae=1.7380]
    Epoch 944:  [avg_train_loss=3.4743, avg_seen_mae=1.6688, avg_unseen_mae=1.7380]
    Epoch 945:  [avg_train_loss=3.4743, avg_seen_mae=1.6688, avg_unseen_mae=1.7380]
    Epoch 946:  [avg_train_loss=3.4743, avg_seen_mae=1.6688, avg_unseen_mae=1.7380]
    Epoch 947:  [avg_train_loss=3.4743, avg_seen_mae=1.6688, avg_unseen_mae=1.7380]
    Epoch 948:  [avg_train_loss=3.4743, avg_seen_mae=1.6688, avg_unseen_mae=1.7380]
    Epoch 949:  [avg_train_loss=3.4743, avg_seen_mae=1.6688, avg_unseen_mae=1.7380]
    Epoch 950:  [avg_train_loss=3.4743, avg_seen_mae=1.6688, avg_unseen_mae=1.7380]
    Epoch 951:  [avg_train_loss=3.4743, avg_seen_mae=1.6688, avg_unseen_mae=1.7380]
    Epoch 952:  [avg_train_loss=3.4743, avg_seen_mae=1.6688, avg_unseen_mae=1.7380]
    Epoch 953:  [avg_train_loss=3.4743, avg_seen_mae=1.6688, avg_unseen_mae=1.7380]
    Epoch 954:  [avg_train_loss=3.4743, avg_seen_mae=1.6688, avg_unseen_mae=1.7380]
    Epoch 955:  [avg_train_loss=3.4743, avg_seen_mae=1.6688, avg_unseen_mae=1.7380]
    Epoch 956:  [avg_train_loss=3.4743, avg_seen_mae=1.6688, avg_unseen_mae=1.7380]
    Epoch 957:  [avg_train_loss=3.4743, avg_seen_mae=1.6688, avg_unseen_mae=1.7380]
    Epoch 958:  [avg_train_loss=3.4743, avg_seen_mae=1.6688, avg_unseen_mae=1.7380]
    Epoch 959:  [avg_train_loss=3.4743, avg_seen_mae=1.6688, avg_unseen_mae=1.7380]
    Epoch 960:  [avg_train_loss=3.4743, avg_seen_mae=1.6688, avg_unseen_mae=1.7380]
    Epoch 961:  [avg_train_loss=3.4743, avg_seen_mae=1.6688, avg_unseen_mae=1.7380]
    Epoch 962:  [avg_train_loss=3.4743, avg_seen_mae=1.6688, avg_unseen_mae=1.7380]
    Epoch 963:  [avg_train_loss=3.4743, avg_seen_mae=1.6688, avg_unseen_mae=1.7380]
    Epoch 964:  [avg_train_loss=3.4743, avg_seen_mae=1.6688, avg_unseen_mae=1.7380]
    Epoch 965:  [avg_train_loss=3.4743, avg_seen_mae=1.6688, avg_unseen_mae=1.7380]
    Epoch 966:  [avg_train_loss=3.4743, avg_seen_mae=1.6688, avg_unseen_mae=1.7380]
    Epoch 967:  [avg_train_loss=3.4743, avg_seen_mae=1.6688, avg_unseen_mae=1.7380]
    Epoch 968:  [avg_train_loss=3.4743, avg_seen_mae=1.6688, avg_unseen_mae=1.7380]
    Epoch 969:  [avg_train_loss=3.4743, avg_seen_mae=1.6688, avg_unseen_mae=1.7380]
    Epoch 970:  [avg_train_loss=3.4743, avg_seen_mae=1.6688, avg_unseen_mae=1.7380]
    Epoch 971:  [avg_train_loss=3.4743, avg_seen_mae=1.6688, avg_unseen_mae=1.7380]
    Epoch 972:  [avg_train_loss=3.4743, avg_seen_mae=1.6688, avg_unseen_mae=1.7380]
    Epoch 973:  [avg_train_loss=3.4743, avg_seen_mae=1.6688, avg_unseen_mae=1.7380]
    Epoch 974:  [avg_train_loss=3.4743, avg_seen_mae=1.6688, avg_unseen_mae=1.7380]
    Epoch 975:  [avg_train_loss=3.4743, avg_seen_mae=1.6688, avg_unseen_mae=1.7380]
    Epoch 976:  [avg_train_loss=3.4743, avg_seen_mae=1.6688, avg_unseen_mae=1.7380]
    Epoch 977:  [avg_train_loss=3.4743, avg_seen_mae=1.6688, avg_unseen_mae=1.7380]
    Epoch 978:  [avg_train_loss=3.4743, avg_seen_mae=1.6688, avg_unseen_mae=1.7380]
    Epoch 979:  [avg_train_loss=3.4743, avg_seen_mae=1.6688, avg_unseen_mae=1.7380]
    Epoch 980:  [avg_train_loss=3.4743, avg_seen_mae=1.6688, avg_unseen_mae=1.7380]
    Epoch 981:  [avg_train_loss=3.4743, avg_seen_mae=1.6688, avg_unseen_mae=1.7380]
    Epoch 982:  [avg_train_loss=3.4743, avg_seen_mae=1.6688, avg_unseen_mae=1.7380]
    Epoch 983:  [avg_train_loss=3.4743, avg_seen_mae=1.6688, avg_unseen_mae=1.7380]
    Epoch 984:  [avg_train_loss=3.4743, avg_seen_mae=1.6688, avg_unseen_mae=1.7380]
    Epoch 985:  [avg_train_loss=3.4743, avg_seen_mae=1.6688, avg_unseen_mae=1.7380]
    Epoch 986:  [avg_train_loss=3.4743, avg_seen_mae=1.6688, avg_unseen_mae=1.7380]
    Epoch 987:  [avg_train_loss=3.4743, avg_seen_mae=1.6688, avg_unseen_mae=1.7380]
    Epoch 988:  [avg_train_loss=3.4743, avg_seen_mae=1.6688, avg_unseen_mae=1.7380]
    Epoch 989:  [avg_train_loss=3.4743, avg_seen_mae=1.6688, avg_unseen_mae=1.7380]
    Epoch 990:  [avg_train_loss=3.4743, avg_seen_mae=1.6688, avg_unseen_mae=1.7380]
    Epoch 991:  [avg_train_loss=3.4743, avg_seen_mae=1.6688, avg_unseen_mae=1.7380]
    Epoch 992:  [avg_train_loss=3.4743, avg_seen_mae=1.6688, avg_unseen_mae=1.7380]
    Epoch 993:  [avg_train_loss=3.4743, avg_seen_mae=1.6688, avg_unseen_mae=1.7380]
    Epoch 994:  [avg_train_loss=3.4743, avg_seen_mae=1.6688, avg_unseen_mae=1.7380]
    Epoch 995:  [avg_train_loss=3.4743, avg_seen_mae=1.6688, avg_unseen_mae=1.7380]
    Epoch 996:  [avg_train_loss=3.4743, avg_seen_mae=1.6688, avg_unseen_mae=1.7380]
    Epoch 997:  [avg_train_loss=3.4743, avg_seen_mae=1.6688, avg_unseen_mae=1.7380]
    Epoch 998:  [avg_train_loss=3.4743, avg_seen_mae=1.6688, avg_unseen_mae=1.7380]
    Epoch 999:  [avg_train_loss=3.4743, avg_seen_mae=1.6688, avg_unseen_mae=1.7380]
    Epoch 1000:  [avg_train_loss=3.4743, avg_seen_mae=1.6688, avg_unseen_mae=1.7380]
  [AGGREGATED_CURVES_END]


==================================================
  Experiment: Withholding m=5 stations
==================================================
  Running 10 iterations for m=5...

  --- Iteration 1/10 ---
  Unseen stations (5): ['0-20000-0-06240', '0-20000-0-06269', '0-20000-0-06270', '0-20000-0-06275', '0-20000-0-06344']
  [Time Est] ~16.0s/epoch. ETA for m=5: ~53.4 mins.
    Epoch   10/1000 | Loss: 3.5712 | Monitor MAE: 1.7324 | Patience: 2/10
    Epoch   20/1000 | Loss: 3.5366 | Monitor MAE: 1.7045 | Patience: 4/10
    Epoch   30/1000 | Loss: 3.5142 | Monitor MAE: 1.6928 | Patience: 0/10
    Epoch   40/1000 | Loss: 3.4880 | Monitor MAE: 1.6892 | Patience: 4/10
    Early stopping triggered after 45 epochs.
    Iter 1 Results -> Seen MAE: 1.6948 | Unseen MAE: 1.6739

  --- Iteration 2/10 ---
  Unseen stations (5): ['0-20000-0-06235', '0-20000-0-06275', '0-20000-0-06286', '0-20000-0-06320', '0-20000-0-06350']
    Epoch   10/1000 | Loss: 3.6140 | Monitor MAE: 1.7709 | Patience: 5/10
    Early stopping triggered after 14 epochs.
    Iter 2 Results -> Seen MAE: 1.7791 | Unseen MAE: 1.7469

  --- Iteration 3/10 ---
  Unseen stations (5): ['0-20000-0-06278', '0-20000-0-06283', '0-20000-0-06310', '0-20000-0-06375', '0-20000-0-06380']
    Epoch   10/1000 | Loss: 3.5465 | Monitor MAE: 1.8221 | Patience: 0/10
    Epoch   20/1000 | Loss: 3.5084 | Monitor MAE: 1.7987 | Patience: 0/10
    Epoch   30/1000 | Loss: 3.4756 | Monitor MAE: 1.7860 | Patience: 1/10
    Epoch   40/1000 | Loss: 3.4576 | Monitor MAE: 1.7883 | Patience: 2/10
    Early stopping triggered after 47 epochs.
    Iter 3 Results -> Seen MAE: 1.6512 | Unseen MAE: 1.7629

  --- Iteration 4/10 ---
  Unseen stations (5): ['0-20000-0-06235', '0-20000-0-06269', '0-20000-0-06270', '0-20000-0-06278', '0-20000-0-06320']
    Epoch   10/1000 | Loss: 3.6557 | Monitor MAE: 1.7063 | Patience: 0/10
    Early stopping triggered after 19 epochs.
    Iter 4 Results -> Seen MAE: 1.7815 | Unseen MAE: 1.6805

  --- Iteration 5/10 ---
  Unseen stations (5): ['0-20000-0-06240', '0-20000-0-06275', '0-20000-0-06278', '0-20000-0-06290', '0-20000-0-06348']
    Epoch   10/1000 | Loss: 3.5205 | Monitor MAE: 1.7856 | Patience: 1/10
    Epoch   20/1000 | Loss: 3.4834 | Monitor MAE: 1.7550 | Patience: 2/10
    Epoch   30/1000 | Loss: 3.4606 | Monitor MAE: 1.7502 | Patience: 0/10
    Epoch   40/1000 | Loss: 3.4443 | Monitor MAE: 1.7525 | Patience: 0/10
    Epoch   50/1000 | Loss: 3.4307 | Monitor MAE: 1.7389 | Patience: 7/10
    Early stopping triggered after 52 epochs.
    Iter 5 Results -> Seen MAE: 1.6614 | Unseen MAE: 1.7383

  --- Iteration 6/10 ---
  Unseen stations (5): ['0-20000-0-06275', '0-20000-0-06286', '0-20000-0-06344', '0-20000-0-06350', '0-20000-0-06380']
    Epoch   10/1000 | Loss: 3.5163 | Monitor MAE: 1.8601 | Patience: 0/10
    Epoch   20/1000 | Loss: 3.4815 | Monitor MAE: 1.8470 | Patience: 1/10
    Epoch   30/1000 | Loss: 3.4536 | Monitor MAE: 1.8248 | Patience: 0/10
    Epoch   40/1000 | Loss: 3.4233 | Monitor MAE: 1.8264 | Patience: 1/10
    Epoch   50/1000 | Loss: 3.4187 | Monitor MAE: 1.8374 | Patience: 2/10
    Epoch   60/1000 | Loss: 3.4057 | Monitor MAE: 1.8328 | Patience: 4/10
    Epoch   70/1000 | Loss: 3.3841 | Monitor MAE: 1.8289 | Patience: 5/10
    Early stopping triggered after 74 epochs.
    Iter 6 Results -> Seen MAE: 1.6106 | Unseen MAE: 1.7935

  --- Iteration 7/10 ---
  Unseen stations (5): ['0-20000-0-06235', '0-20000-0-06280', '0-20000-0-06286', '0-20000-0-06320', '0-20000-0-06356']
    Epoch   10/1000 | Loss: 3.6385 | Monitor MAE: 1.7671 | Patience: 1/10
    Early stopping triggered after 18 epochs.
    Iter 7 Results -> Seen MAE: 1.7785 | Unseen MAE: 1.7468

  --- Iteration 8/10 ---
  Unseen stations (5): ['0-20000-0-06240', '0-20000-0-06273', '0-20000-0-06278', '0-20000-0-06280', '0-20000-0-06310']
    Epoch   10/1000 | Loss: 3.5889 | Monitor MAE: 1.7377 | Patience: 0/10
    Epoch   20/1000 | Loss: 3.5538 | Monitor MAE: 1.7059 | Patience: 0/10
    Epoch   30/1000 | Loss: 3.5224 | Monitor MAE: 1.6951 | Patience: 6/10
    Epoch   40/1000 | Loss: 3.5087 | Monitor MAE: 1.6939 | Patience: 7/10
    Epoch   50/1000 | Loss: 3.4930 | Monitor MAE: 1.6678 | Patience: 8/10
    Early stopping triggered after 51 epochs.
    Iter 8 Results -> Seen MAE: 1.6726 | Unseen MAE: 1.6644

  --- Iteration 9/10 ---
  Unseen stations (5): ['0-20000-0-06260', '0-20000-0-06269', '0-20000-0-06290', '0-20000-0-06320', '0-20000-0-06350']
    Epoch   10/1000 | Loss: 3.5739 | Monitor MAE: 1.8131 | Patience: 0/10
    Early stopping triggered after 19 epochs.
    Iter 9 Results -> Seen MAE: 1.7372 | Unseen MAE: 1.7616

  --- Iteration 10/10 ---
  Unseen stations (5): ['0-20000-0-06260', '0-20000-0-06269', '0-20000-0-06270', '0-20000-0-06273', '0-20000-0-06380']
    Epoch   10/1000 | Loss: 3.5681 | Monitor MAE: 1.7678 | Patience: 0/10
    Epoch   20/1000 | Loss: 3.5287 | Monitor MAE: 1.7337 | Patience: 0/10
    Epoch   30/1000 | Loss: 3.5137 | Monitor MAE: 1.7018 | Patience: 4/10
    Epoch   40/1000 | Loss: 3.4907 | Monitor MAE: 1.7154 | Patience: 0/10
    Early stopping triggered after 49 epochs.
    Iter 10 Results -> Seen MAE: 1.6731 | Unseen MAE: 1.6928

  ========================================
  AGGREGATED RESULTS (Across all iterations)
  SEEN   mean MAE Tmax: 1.7040
  UNSEEN mean MAE Tmax: 1.7262 ± 0.0423
  Degradation: 0.0221 °C
  ========================================

  [AGGREGATED_CURVES_START]
    Epoch 1:  [avg_train_loss=3.7640, avg_seen_mae=1.8382, avg_unseen_mae=1.8263]
    Epoch 2:  [avg_train_loss=3.6719, avg_seen_mae=1.8013, avg_unseen_mae=1.8082]
    Epoch 3:  [avg_train_loss=3.6439, avg_seen_mae=1.7859, avg_unseen_mae=1.7944]
    Epoch 4:  [avg_train_loss=3.6253, avg_seen_mae=1.7772, avg_unseen_mae=1.7923]
    Epoch 5:  [avg_train_loss=3.6142, avg_seen_mae=1.7723, avg_unseen_mae=1.7991]
    Epoch 6:  [avg_train_loss=3.6048, avg_seen_mae=1.7651, avg_unseen_mae=1.7950]
    Epoch 7:  [avg_train_loss=3.5941, avg_seen_mae=1.7566, avg_unseen_mae=1.7842]
    Epoch 8:  [avg_train_loss=3.5872, avg_seen_mae=1.7558, avg_unseen_mae=1.7850]
    Epoch 9:  [avg_train_loss=3.5825, avg_seen_mae=1.7546, avg_unseen_mae=1.7842]
    Epoch 10:  [avg_train_loss=3.5794, avg_seen_mae=1.7476, avg_unseen_mae=1.7763]
    Epoch 11:  [avg_train_loss=3.5723, avg_seen_mae=1.7467, avg_unseen_mae=1.7859]
    Epoch 12:  [avg_train_loss=3.5690, avg_seen_mae=1.7452, avg_unseen_mae=1.7839]
    Epoch 13:  [avg_train_loss=3.5647, avg_seen_mae=1.7409, avg_unseen_mae=1.7801]
    Epoch 14:  [avg_train_loss=3.5601, avg_seen_mae=1.7398, avg_unseen_mae=1.7816]
    Epoch 15:  [avg_train_loss=3.5589, avg_seen_mae=1.7337, avg_unseen_mae=1.7770]
    Epoch 16:  [avg_train_loss=3.5544, avg_seen_mae=1.7302, avg_unseen_mae=1.7792]
    Epoch 17:  [avg_train_loss=3.5539, avg_seen_mae=1.7296, avg_unseen_mae=1.7819]
    Epoch 18:  [avg_train_loss=3.5498, avg_seen_mae=1.7298, avg_unseen_mae=1.7773]
    Epoch 19:  [avg_train_loss=3.5471, avg_seen_mae=1.7288, avg_unseen_mae=1.7712]
    Epoch 20:  [avg_train_loss=3.5446, avg_seen_mae=1.7257, avg_unseen_mae=1.7685]
    Epoch 21:  [avg_train_loss=3.5434, avg_seen_mae=1.7232, avg_unseen_mae=1.7663]
    Epoch 22:  [avg_train_loss=3.5421, avg_seen_mae=1.7224, avg_unseen_mae=1.7669]
    Epoch 23:  [avg_train_loss=3.5408, avg_seen_mae=1.7188, avg_unseen_mae=1.7633]
    Epoch 24:  [avg_train_loss=3.5394, avg_seen_mae=1.7195, avg_unseen_mae=1.7641]
    Epoch 25:  [avg_train_loss=3.5371, avg_seen_mae=1.7191, avg_unseen_mae=1.7632]
    Epoch 26:  [avg_train_loss=3.5354, avg_seen_mae=1.7183, avg_unseen_mae=1.7642]
    Epoch 27:  [avg_train_loss=3.5340, avg_seen_mae=1.7181, avg_unseen_mae=1.7630]
    Epoch 28:  [avg_train_loss=3.5316, avg_seen_mae=1.7165, avg_unseen_mae=1.7660]
    Epoch 29:  [avg_train_loss=3.5310, avg_seen_mae=1.7134, avg_unseen_mae=1.7613]
    Epoch 30:  [avg_train_loss=3.5294, avg_seen_mae=1.7118, avg_unseen_mae=1.7591]
    Epoch 31:  [avg_train_loss=3.5285, avg_seen_mae=1.7121, avg_unseen_mae=1.7622]
    Epoch 32:  [avg_train_loss=3.5278, avg_seen_mae=1.7111, avg_unseen_mae=1.7623]
    Epoch 33:  [avg_train_loss=3.5255, avg_seen_mae=1.7105, avg_unseen_mae=1.7612]
    Epoch 34:  [avg_train_loss=3.5248, avg_seen_mae=1.7118, avg_unseen_mae=1.7650]
    Epoch 35:  [avg_train_loss=3.5248, avg_seen_mae=1.7097, avg_unseen_mae=1.7596]
    Epoch 36:  [avg_train_loss=3.5217, avg_seen_mae=1.7106, avg_unseen_mae=1.7635]
    Epoch 37:  [avg_train_loss=3.5217, avg_seen_mae=1.7056, avg_unseen_mae=1.7581]
    Epoch 38:  [avg_train_loss=3.5200, avg_seen_mae=1.7075, avg_unseen_mae=1.7569]
    Epoch 39:  [avg_train_loss=3.5195, avg_seen_mae=1.7060, avg_unseen_mae=1.7578]
    Epoch 40:  [avg_train_loss=3.5166, avg_seen_mae=1.7088, avg_unseen_mae=1.7606]
    Epoch 41:  [avg_train_loss=3.5169, avg_seen_mae=1.7027, avg_unseen_mae=1.7534]
    Epoch 42:  [avg_train_loss=3.5160, avg_seen_mae=1.7033, avg_unseen_mae=1.7556]
    Epoch 43:  [avg_train_loss=3.5148, avg_seen_mae=1.7045, avg_unseen_mae=1.7559]
    Epoch 44:  [avg_train_loss=3.5144, avg_seen_mae=1.7059, avg_unseen_mae=1.7602]
    Epoch 45:  [avg_train_loss=3.5126, avg_seen_mae=1.7035, avg_unseen_mae=1.7547]
    Epoch 46:  [avg_train_loss=3.5121, avg_seen_mae=1.7028, avg_unseen_mae=1.7552]
    Epoch 47:  [avg_train_loss=3.5120, avg_seen_mae=1.7004, avg_unseen_mae=1.7537]
    Epoch 48:  [avg_train_loss=3.5125, avg_seen_mae=1.7011, avg_unseen_mae=1.7529]
    Epoch 49:  [avg_train_loss=3.5102, avg_seen_mae=1.7001, avg_unseen_mae=1.7521]
    Epoch 50:  [avg_train_loss=3.5105, avg_seen_mae=1.7006, avg_unseen_mae=1.7526]
    Epoch 51:  [avg_train_loss=3.5101, avg_seen_mae=1.7014, avg_unseen_mae=1.7530]
    Epoch 52:  [avg_train_loss=3.5079, avg_seen_mae=1.6983, avg_unseen_mae=1.7515]
    Epoch 53:  [avg_train_loss=3.5069, avg_seen_mae=1.6986, avg_unseen_mae=1.7526]
    Epoch 54:  [avg_train_loss=3.5069, avg_seen_mae=1.6997, avg_unseen_mae=1.7539]
    Epoch 55:  [avg_train_loss=3.5076, avg_seen_mae=1.6987, avg_unseen_mae=1.7508]
    Epoch 56:  [avg_train_loss=3.5065, avg_seen_mae=1.6992, avg_unseen_mae=1.7541]
    Epoch 57:  [avg_train_loss=3.5076, avg_seen_mae=1.6988, avg_unseen_mae=1.7522]
    Epoch 58:  [avg_train_loss=3.5062, avg_seen_mae=1.6985, avg_unseen_mae=1.7527]
    Epoch 59:  [avg_train_loss=3.5072, avg_seen_mae=1.6989, avg_unseen_mae=1.7527]
    Epoch 60:  [avg_train_loss=3.5073, avg_seen_mae=1.6997, avg_unseen_mae=1.7533]
    Epoch 61:  [avg_train_loss=3.5066, avg_seen_mae=1.6987, avg_unseen_mae=1.7515]
    Epoch 62:  [avg_train_loss=3.5062, avg_seen_mae=1.6986, avg_unseen_mae=1.7514]
    Epoch 63:  [avg_train_loss=3.5067, avg_seen_mae=1.6980, avg_unseen_mae=1.7528]
    Epoch 64:  [avg_train_loss=3.5057, avg_seen_mae=1.6969, avg_unseen_mae=1.7494]
    Epoch 65:  [avg_train_loss=3.5054, avg_seen_mae=1.6984, avg_unseen_mae=1.7519]
    Epoch 66:  [avg_train_loss=3.5056, avg_seen_mae=1.6981, avg_unseen_mae=1.7533]
    Epoch 67:  [avg_train_loss=3.5054, avg_seen_mae=1.6987, avg_unseen_mae=1.7525]
    Epoch 68:  [avg_train_loss=3.5058, avg_seen_mae=1.6977, avg_unseen_mae=1.7513]
    Epoch 69:  [avg_train_loss=3.5050, avg_seen_mae=1.6974, avg_unseen_mae=1.7523]
    Epoch 70:  [avg_train_loss=3.5052, avg_seen_mae=1.6985, avg_unseen_mae=1.7530]
    Epoch 71:  [avg_train_loss=3.5051, avg_seen_mae=1.6980, avg_unseen_mae=1.7518]
    Epoch 72:  [avg_train_loss=3.5053, avg_seen_mae=1.6974, avg_unseen_mae=1.7513]
    Epoch 73:  [avg_train_loss=3.5049, avg_seen_mae=1.6971, avg_unseen_mae=1.7502]
    Epoch 74:  [avg_train_loss=3.5046, avg_seen_mae=1.6976, avg_unseen_mae=1.7515]
    Epoch 75:  [avg_train_loss=3.5046, avg_seen_mae=1.6976, avg_unseen_mae=1.7515]
    Epoch 76:  [avg_train_loss=3.5046, avg_seen_mae=1.6976, avg_unseen_mae=1.7515]
    Epoch 77:  [avg_train_loss=3.5046, avg_seen_mae=1.6976, avg_unseen_mae=1.7515]
    Epoch 78:  [avg_train_loss=3.5046, avg_seen_mae=1.6976, avg_unseen_mae=1.7515]
    Epoch 79:  [avg_train_loss=3.5046, avg_seen_mae=1.6976, avg_unseen_mae=1.7515]
    Epoch 80:  [avg_train_loss=3.5046, avg_seen_mae=1.6976, avg_unseen_mae=1.7515]
    Epoch 81:  [avg_train_loss=3.5046, avg_seen_mae=1.6976, avg_unseen_mae=1.7515]
    Epoch 82:  [avg_train_loss=3.5046, avg_seen_mae=1.6976, avg_unseen_mae=1.7515]
    Epoch 83:  [avg_train_loss=3.5046, avg_seen_mae=1.6976, avg_unseen_mae=1.7515]
    Epoch 84:  [avg_train_loss=3.5046, avg_seen_mae=1.6976, avg_unseen_mae=1.7515]
    Epoch 85:  [avg_train_loss=3.5046, avg_seen_mae=1.6976, avg_unseen_mae=1.7515]
    Epoch 86:  [avg_train_loss=3.5046, avg_seen_mae=1.6976, avg_unseen_mae=1.7515]
    Epoch 87:  [avg_train_loss=3.5046, avg_seen_mae=1.6976, avg_unseen_mae=1.7515]
    Epoch 88:  [avg_train_loss=3.5046, avg_seen_mae=1.6976, avg_unseen_mae=1.7515]
    Epoch 89:  [avg_train_loss=3.5046, avg_seen_mae=1.6976, avg_unseen_mae=1.7515]
    Epoch 90:  [avg_train_loss=3.5046, avg_seen_mae=1.6976, avg_unseen_mae=1.7515]
    Epoch 91:  [avg_train_loss=3.5046, avg_seen_mae=1.6976, avg_unseen_mae=1.7515]
    Epoch 92:  [avg_train_loss=3.5046, avg_seen_mae=1.6976, avg_unseen_mae=1.7515]
    Epoch 93:  [avg_train_loss=3.5046, avg_seen_mae=1.6976, avg_unseen_mae=1.7515]
    Epoch 94:  [avg_train_loss=3.5046, avg_seen_mae=1.6976, avg_unseen_mae=1.7515]
    Epoch 95:  [avg_train_loss=3.5046, avg_seen_mae=1.6976, avg_unseen_mae=1.7515]
    Epoch 96:  [avg_train_loss=3.5046, avg_seen_mae=1.6976, avg_unseen_mae=1.7515]
    Epoch 97:  [avg_train_loss=3.5046, avg_seen_mae=1.6976, avg_unseen_mae=1.7515]
    Epoch 98:  [avg_train_loss=3.5046, avg_seen_mae=1.6976, avg_unseen_mae=1.7515]
    Epoch 99:  [avg_train_loss=3.5046, avg_seen_mae=1.6976, avg_unseen_mae=1.7515]
    Epoch 100:  [avg_train_loss=3.5046, avg_seen_mae=1.6976, avg_unseen_mae=1.7515]
    Epoch 101:  [avg_train_loss=3.5046, avg_seen_mae=1.6976, avg_unseen_mae=1.7515]
    Epoch 102:  [avg_train_loss=3.5046, avg_seen_mae=1.6976, avg_unseen_mae=1.7515]
    Epoch 103:  [avg_train_loss=3.5046, avg_seen_mae=1.6976, avg_unseen_mae=1.7515]
    Epoch 104:  [avg_train_loss=3.5046, avg_seen_mae=1.6976, avg_unseen_mae=1.7515]
    Epoch 105:  [avg_train_loss=3.5046, avg_seen_mae=1.6976, avg_unseen_mae=1.7515]
    Epoch 106:  [avg_train_loss=3.5046, avg_seen_mae=1.6976, avg_unseen_mae=1.7515]
    Epoch 107:  [avg_train_loss=3.5046, avg_seen_mae=1.6976, avg_unseen_mae=1.7515]
    Epoch 108:  [avg_train_loss=3.5046, avg_seen_mae=1.6976, avg_unseen_mae=1.7515]
    Epoch 109:  [avg_train_loss=3.5046, avg_seen_mae=1.6976, avg_unseen_mae=1.7515]
    Epoch 110:  [avg_train_loss=3.5046, avg_seen_mae=1.6976, avg_unseen_mae=1.7515]
    Epoch 111:  [avg_train_loss=3.5046, avg_seen_mae=1.6976, avg_unseen_mae=1.7515]
    Epoch 112:  [avg_train_loss=3.5046, avg_seen_mae=1.6976, avg_unseen_mae=1.7515]
    Epoch 113:  [avg_train_loss=3.5046, avg_seen_mae=1.6976, avg_unseen_mae=1.7515]
    Epoch 114:  [avg_train_loss=3.5046, avg_seen_mae=1.6976, avg_unseen_mae=1.7515]
    Epoch 115:  [avg_train_loss=3.5046, avg_seen_mae=1.6976, avg_unseen_mae=1.7515]
    Epoch 116:  [avg_train_loss=3.5046, avg_seen_mae=1.6976, avg_unseen_mae=1.7515]
    Epoch 117:  [avg_train_loss=3.5046, avg_seen_mae=1.6976, avg_unseen_mae=1.7515]
    Epoch 118:  [avg_train_loss=3.5046, avg_seen_mae=1.6976, avg_unseen_mae=1.7515]
    Epoch 119:  [avg_train_loss=3.5046, avg_seen_mae=1.6976, avg_unseen_mae=1.7515]
    Epoch 120:  [avg_train_loss=3.5046, avg_seen_mae=1.6976, avg_unseen_mae=1.7515]
    Epoch 121:  [avg_train_loss=3.5046, avg_seen_mae=1.6976, avg_unseen_mae=1.7515]
    Epoch 122:  [avg_train_loss=3.5046, avg_seen_mae=1.6976, avg_unseen_mae=1.7515]
    Epoch 123:  [avg_train_loss=3.5046, avg_seen_mae=1.6976, avg_unseen_mae=1.7515]
    Epoch 124:  [avg_train_loss=3.5046, avg_seen_mae=1.6976, avg_unseen_mae=1.7515]
    Epoch 125:  [avg_train_loss=3.5046, avg_seen_mae=1.6976, avg_unseen_mae=1.7515]
    Epoch 126:  [avg_train_loss=3.5046, avg_seen_mae=1.6976, avg_unseen_mae=1.7515]
    Epoch 127:  [avg_train_loss=3.5046, avg_seen_mae=1.6976, avg_unseen_mae=1.7515]
    Epoch 128:  [avg_train_loss=3.5046, avg_seen_mae=1.6976, avg_unseen_mae=1.7515]
    Epoch 129:  [avg_train_loss=3.5046, avg_seen_mae=1.6976, avg_unseen_mae=1.7515]
    Epoch 130:  [avg_train_loss=3.5046, avg_seen_mae=1.6976, avg_unseen_mae=1.7515]
    Epoch 131:  [avg_train_loss=3.5046, avg_seen_mae=1.6976, avg_unseen_mae=1.7515]
    Epoch 132:  [avg_train_loss=3.5046, avg_seen_mae=1.6976, avg_unseen_mae=1.7515]
    Epoch 133:  [avg_train_loss=3.5046, avg_seen_mae=1.6976, avg_unseen_mae=1.7515]
    Epoch 134:  [avg_train_loss=3.5046, avg_seen_mae=1.6976, avg_unseen_mae=1.7515]
    Epoch 135:  [avg_train_loss=3.5046, avg_seen_mae=1.6976, avg_unseen_mae=1.7515]
    Epoch 136:  [avg_train_loss=3.5046, avg_seen_mae=1.6976, avg_unseen_mae=1.7515]
    Epoch 137:  [avg_train_loss=3.5046, avg_seen_mae=1.6976, avg_unseen_mae=1.7515]
    Epoch 138:  [avg_train_loss=3.5046, avg_seen_mae=1.6976, avg_unseen_mae=1.7515]
    Epoch 139:  [avg_train_loss=3.5046, avg_seen_mae=1.6976, avg_unseen_mae=1.7515]
    Epoch 140:  [avg_train_loss=3.5046, avg_seen_mae=1.6976, avg_unseen_mae=1.7515]
    Epoch 141:  [avg_train_loss=3.5046, avg_seen_mae=1.6976, avg_unseen_mae=1.7515]
    Epoch 142:  [avg_train_loss=3.5046, avg_seen_mae=1.6976, avg_unseen_mae=1.7515]
    Epoch 143:  [avg_train_loss=3.5046, avg_seen_mae=1.6976, avg_unseen_mae=1.7515]
    Epoch 144:  [avg_train_loss=3.5046, avg_seen_mae=1.6976, avg_unseen_mae=1.7515]
    Epoch 145:  [avg_train_loss=3.5046, avg_seen_mae=1.6976, avg_unseen_mae=1.7515]
    Epoch 146:  [avg_train_loss=3.5046, avg_seen_mae=1.6976, avg_unseen_mae=1.7515]
    Epoch 147:  [avg_train_loss=3.5046, avg_seen_mae=1.6976, avg_unseen_mae=1.7515]
    Epoch 148:  [avg_train_loss=3.5046, avg_seen_mae=1.6976, avg_unseen_mae=1.7515]
    Epoch 149:  [avg_train_loss=3.5046, avg_seen_mae=1.6976, avg_unseen_mae=1.7515]
    Epoch 150:  [avg_train_loss=3.5046, avg_seen_mae=1.6976, avg_unseen_mae=1.7515]
    Epoch 151:  [avg_train_loss=3.5046, avg_seen_mae=1.6976, avg_unseen_mae=1.7515]
    Epoch 152:  [avg_train_loss=3.5046, avg_seen_mae=1.6976, avg_unseen_mae=1.7515]
    Epoch 153:  [avg_train_loss=3.5046, avg_seen_mae=1.6976, avg_unseen_mae=1.7515]
    Epoch 154:  [avg_train_loss=3.5046, avg_seen_mae=1.6976, avg_unseen_mae=1.7515]
    Epoch 155:  [avg_train_loss=3.5046, avg_seen_mae=1.6976, avg_unseen_mae=1.7515]
    Epoch 156:  [avg_train_loss=3.5046, avg_seen_mae=1.6976, avg_unseen_mae=1.7515]
    Epoch 157:  [avg_train_loss=3.5046, avg_seen_mae=1.6976, avg_unseen_mae=1.7515]
    Epoch 158:  [avg_train_loss=3.5046, avg_seen_mae=1.6976, avg_unseen_mae=1.7515]
    Epoch 159:  [avg_train_loss=3.5046, avg_seen_mae=1.6976, avg_unseen_mae=1.7515]
    Epoch 160:  [avg_train_loss=3.5046, avg_seen_mae=1.6976, avg_unseen_mae=1.7515]
    Epoch 161:  [avg_train_loss=3.5046, avg_seen_mae=1.6976, avg_unseen_mae=1.7515]
    Epoch 162:  [avg_train_loss=3.5046, avg_seen_mae=1.6976, avg_unseen_mae=1.7515]
    Epoch 163:  [avg_train_loss=3.5046, avg_seen_mae=1.6976, avg_unseen_mae=1.7515]
    Epoch 164:  [avg_train_loss=3.5046, avg_seen_mae=1.6976, avg_unseen_mae=1.7515]
    Epoch 165:  [avg_train_loss=3.5046, avg_seen_mae=1.6976, avg_unseen_mae=1.7515]
    Epoch 166:  [avg_train_loss=3.5046, avg_seen_mae=1.6976, avg_unseen_mae=1.7515]
    Epoch 167:  [avg_train_loss=3.5046, avg_seen_mae=1.6976, avg_unseen_mae=1.7515]
    Epoch 168:  [avg_train_loss=3.5046, avg_seen_mae=1.6976, avg_unseen_mae=1.7515]
    Epoch 169:  [avg_train_loss=3.5046, avg_seen_mae=1.6976, avg_unseen_mae=1.7515]
    Epoch 170:  [avg_train_loss=3.5046, avg_seen_mae=1.6976, avg_unseen_mae=1.7515]
    Epoch 171:  [avg_train_loss=3.5046, avg_seen_mae=1.6976, avg_unseen_mae=1.7515]
    Epoch 172:  [avg_train_loss=3.5046, avg_seen_mae=1.6976, avg_unseen_mae=1.7515]
    Epoch 173:  [avg_train_loss=3.5046, avg_seen_mae=1.6976, avg_unseen_mae=1.7515]
    Epoch 174:  [avg_train_loss=3.5046, avg_seen_mae=1.6976, avg_unseen_mae=1.7515]
    Epoch 175:  [avg_train_loss=3.5046, avg_seen_mae=1.6976, avg_unseen_mae=1.7515]
    Epoch 176:  [avg_train_loss=3.5046, avg_seen_mae=1.6976, avg_unseen_mae=1.7515]
    Epoch 177:  [avg_train_loss=3.5046, avg_seen_mae=1.6976, avg_unseen_mae=1.7515]
    Epoch 178:  [avg_train_loss=3.5046, avg_seen_mae=1.6976, avg_unseen_mae=1.7515]
    Epoch 179:  [avg_train_loss=3.5046, avg_seen_mae=1.6976, avg_unseen_mae=1.7515]
    Epoch 180:  [avg_train_loss=3.5046, avg_seen_mae=1.6976, avg_unseen_mae=1.7515]
    Epoch 181:  [avg_train_loss=3.5046, avg_seen_mae=1.6976, avg_unseen_mae=1.7515]
    Epoch 182:  [avg_train_loss=3.5046, avg_seen_mae=1.6976, avg_unseen_mae=1.7515]
    Epoch 183:  [avg_train_loss=3.5046, avg_seen_mae=1.6976, avg_unseen_mae=1.7515]
    Epoch 184:  [avg_train_loss=3.5046, avg_seen_mae=1.6976, avg_unseen_mae=1.7515]
    Epoch 185:  [avg_train_loss=3.5046, avg_seen_mae=1.6976, avg_unseen_mae=1.7515]
    Epoch 186:  [avg_train_loss=3.5046, avg_seen_mae=1.6976, avg_unseen_mae=1.7515]
    Epoch 187:  [avg_train_loss=3.5046, avg_seen_mae=1.6976, avg_unseen_mae=1.7515]
    Epoch 188:  [avg_train_loss=3.5046, avg_seen_mae=1.6976, avg_unseen_mae=1.7515]
    Epoch 189:  [avg_train_loss=3.5046, avg_seen_mae=1.6976, avg_unseen_mae=1.7515]
    Epoch 190:  [avg_train_loss=3.5046, avg_seen_mae=1.6976, avg_unseen_mae=1.7515]
    Epoch 191:  [avg_train_loss=3.5046, avg_seen_mae=1.6976, avg_unseen_mae=1.7515]
    Epoch 192:  [avg_train_loss=3.5046, avg_seen_mae=1.6976, avg_unseen_mae=1.7515]
    Epoch 193:  [avg_train_loss=3.5046, avg_seen_mae=1.6976, avg_unseen_mae=1.7515]
    Epoch 194:  [avg_train_loss=3.5046, avg_seen_mae=1.6976, avg_unseen_mae=1.7515]
    Epoch 195:  [avg_train_loss=3.5046, avg_seen_mae=1.6976, avg_unseen_mae=1.7515]
    Epoch 196:  [avg_train_loss=3.5046, avg_seen_mae=1.6976, avg_unseen_mae=1.7515]
    Epoch 197:  [avg_train_loss=3.5046, avg_seen_mae=1.6976, avg_unseen_mae=1.7515]
    Epoch 198:  [avg_train_loss=3.5046, avg_seen_mae=1.6976, avg_unseen_mae=1.7515]
    Epoch 199:  [avg_train_loss=3.5046, avg_seen_mae=1.6976, avg_unseen_mae=1.7515]
    Epoch 200:  [avg_train_loss=3.5046, avg_seen_mae=1.6976, avg_unseen_mae=1.7515]
    Epoch 201:  [avg_train_loss=3.5046, avg_seen_mae=1.6976, avg_unseen_mae=1.7515]
    Epoch 202:  [avg_train_loss=3.5046, avg_seen_mae=1.6976, avg_unseen_mae=1.7515]
    Epoch 203:  [avg_train_loss=3.5046, avg_seen_mae=1.6976, avg_unseen_mae=1.7515]
    Epoch 204:  [avg_train_loss=3.5046, avg_seen_mae=1.6976, avg_unseen_mae=1.7515]
    Epoch 205:  [avg_train_loss=3.5046, avg_seen_mae=1.6976, avg_unseen_mae=1.7515]
    Epoch 206:  [avg_train_loss=3.5046, avg_seen_mae=1.6976, avg_unseen_mae=1.7515]
    Epoch 207:  [avg_train_loss=3.5046, avg_seen_mae=1.6976, avg_unseen_mae=1.7515]
    Epoch 208:  [avg_train_loss=3.5046, avg_seen_mae=1.6976, avg_unseen_mae=1.7515]
    Epoch 209:  [avg_train_loss=3.5046, avg_seen_mae=1.6976, avg_unseen_mae=1.7515]
    Epoch 210:  [avg_train_loss=3.5046, avg_seen_mae=1.6976, avg_unseen_mae=1.7515]
    Epoch 211:  [avg_train_loss=3.5046, avg_seen_mae=1.6976, avg_unseen_mae=1.7515]
    Epoch 212:  [avg_train_loss=3.5046, avg_seen_mae=1.6976, avg_unseen_mae=1.7515]
    Epoch 213:  [avg_train_loss=3.5046, avg_seen_mae=1.6976, avg_unseen_mae=1.7515]
    Epoch 214:  [avg_train_loss=3.5046, avg_seen_mae=1.6976, avg_unseen_mae=1.7515]
    Epoch 215:  [avg_train_loss=3.5046, avg_seen_mae=1.6976, avg_unseen_mae=1.7515]
    Epoch 216:  [avg_train_loss=3.5046, avg_seen_mae=1.6976, avg_unseen_mae=1.7515]
    Epoch 217:  [avg_train_loss=3.5046, avg_seen_mae=1.6976, avg_unseen_mae=1.7515]
    Epoch 218:  [avg_train_loss=3.5046, avg_seen_mae=1.6976, avg_unseen_mae=1.7515]
    Epoch 219:  [avg_train_loss=3.5046, avg_seen_mae=1.6976, avg_unseen_mae=1.7515]
    Epoch 220:  [avg_train_loss=3.5046, avg_seen_mae=1.6976, avg_unseen_mae=1.7515]
    Epoch 221:  [avg_train_loss=3.5046, avg_seen_mae=1.6976, avg_unseen_mae=1.7515]
    Epoch 222:  [avg_train_loss=3.5046, avg_seen_mae=1.6976, avg_unseen_mae=1.7515]
    Epoch 223:  [avg_train_loss=3.5046, avg_seen_mae=1.6976, avg_unseen_mae=1.7515]
    Epoch 224:  [avg_train_loss=3.5046, avg_seen_mae=1.6976, avg_unseen_mae=1.7515]
    Epoch 225:  [avg_train_loss=3.5046, avg_seen_mae=1.6976, avg_unseen_mae=1.7515]
    Epoch 226:  [avg_train_loss=3.5046, avg_seen_mae=1.6976, avg_unseen_mae=1.7515]
    Epoch 227:  [avg_train_loss=3.5046, avg_seen_mae=1.6976, avg_unseen_mae=1.7515]
    Epoch 228:  [avg_train_loss=3.5046, avg_seen_mae=1.6976, avg_unseen_mae=1.7515]
    Epoch 229:  [avg_train_loss=3.5046, avg_seen_mae=1.6976, avg_unseen_mae=1.7515]
    Epoch 230:  [avg_train_loss=3.5046, avg_seen_mae=1.6976, avg_unseen_mae=1.7515]
    Epoch 231:  [avg_train_loss=3.5046, avg_seen_mae=1.6976, avg_unseen_mae=1.7515]
    Epoch 232:  [avg_train_loss=3.5046, avg_seen_mae=1.6976, avg_unseen_mae=1.7515]
    Epoch 233:  [avg_train_loss=3.5046, avg_seen_mae=1.6976, avg_unseen_mae=1.7515]
    Epoch 234:  [avg_train_loss=3.5046, avg_seen_mae=1.6976, avg_unseen_mae=1.7515]
    Epoch 235:  [avg_train_loss=3.5046, avg_seen_mae=1.6976, avg_unseen_mae=1.7515]
    Epoch 236:  [avg_train_loss=3.5046, avg_seen_mae=1.6976, avg_unseen_mae=1.7515]
    Epoch 237:  [avg_train_loss=3.5046, avg_seen_mae=1.6976, avg_unseen_mae=1.7515]
    Epoch 238:  [avg_train_loss=3.5046, avg_seen_mae=1.6976, avg_unseen_mae=1.7515]
    Epoch 239:  [avg_train_loss=3.5046, avg_seen_mae=1.6976, avg_unseen_mae=1.7515]
    Epoch 240:  [avg_train_loss=3.5046, avg_seen_mae=1.6976, avg_unseen_mae=1.7515]
    Epoch 241:  [avg_train_loss=3.5046, avg_seen_mae=1.6976, avg_unseen_mae=1.7515]
    Epoch 242:  [avg_train_loss=3.5046, avg_seen_mae=1.6976, avg_unseen_mae=1.7515]
    Epoch 243:  [avg_train_loss=3.5046, avg_seen_mae=1.6976, avg_unseen_mae=1.7515]
    Epoch 244:  [avg_train_loss=3.5046, avg_seen_mae=1.6976, avg_unseen_mae=1.7515]
    Epoch 245:  [avg_train_loss=3.5046, avg_seen_mae=1.6976, avg_unseen_mae=1.7515]
    Epoch 246:  [avg_train_loss=3.5046, avg_seen_mae=1.6976, avg_unseen_mae=1.7515]
    Epoch 247:  [avg_train_loss=3.5046, avg_seen_mae=1.6976, avg_unseen_mae=1.7515]
    Epoch 248:  [avg_train_loss=3.5046, avg_seen_mae=1.6976, avg_unseen_mae=1.7515]
    Epoch 249:  [avg_train_loss=3.5046, avg_seen_mae=1.6976, avg_unseen_mae=1.7515]
    Epoch 250:  [avg_train_loss=3.5046, avg_seen_mae=1.6976, avg_unseen_mae=1.7515]
    Epoch 251:  [avg_train_loss=3.5046, avg_seen_mae=1.6976, avg_unseen_mae=1.7515]
    Epoch 252:  [avg_train_loss=3.5046, avg_seen_mae=1.6976, avg_unseen_mae=1.7515]
    Epoch 253:  [avg_train_loss=3.5046, avg_seen_mae=1.6976, avg_unseen_mae=1.7515]
    Epoch 254:  [avg_train_loss=3.5046, avg_seen_mae=1.6976, avg_unseen_mae=1.7515]
    Epoch 255:  [avg_train_loss=3.5046, avg_seen_mae=1.6976, avg_unseen_mae=1.7515]
    Epoch 256:  [avg_train_loss=3.5046, avg_seen_mae=1.6976, avg_unseen_mae=1.7515]
    Epoch 257:  [avg_train_loss=3.5046, avg_seen_mae=1.6976, avg_unseen_mae=1.7515]
    Epoch 258:  [avg_train_loss=3.5046, avg_seen_mae=1.6976, avg_unseen_mae=1.7515]
    Epoch 259:  [avg_train_loss=3.5046, avg_seen_mae=1.6976, avg_unseen_mae=1.7515]
    Epoch 260:  [avg_train_loss=3.5046, avg_seen_mae=1.6976, avg_unseen_mae=1.7515]
    Epoch 261:  [avg_train_loss=3.5046, avg_seen_mae=1.6976, avg_unseen_mae=1.7515]
    Epoch 262:  [avg_train_loss=3.5046, avg_seen_mae=1.6976, avg_unseen_mae=1.7515]
    Epoch 263:  [avg_train_loss=3.5046, avg_seen_mae=1.6976, avg_unseen_mae=1.7515]
    Epoch 264:  [avg_train_loss=3.5046, avg_seen_mae=1.6976, avg_unseen_mae=1.7515]
    Epoch 265:  [avg_train_loss=3.5046, avg_seen_mae=1.6976, avg_unseen_mae=1.7515]
    Epoch 266:  [avg_train_loss=3.5046, avg_seen_mae=1.6976, avg_unseen_mae=1.7515]
    Epoch 267:  [avg_train_loss=3.5046, avg_seen_mae=1.6976, avg_unseen_mae=1.7515]
    Epoch 268:  [avg_train_loss=3.5046, avg_seen_mae=1.6976, avg_unseen_mae=1.7515]
    Epoch 269:  [avg_train_loss=3.5046, avg_seen_mae=1.6976, avg_unseen_mae=1.7515]
    Epoch 270:  [avg_train_loss=3.5046, avg_seen_mae=1.6976, avg_unseen_mae=1.7515]
    Epoch 271:  [avg_train_loss=3.5046, avg_seen_mae=1.6976, avg_unseen_mae=1.7515]
    Epoch 272:  [avg_train_loss=3.5046, avg_seen_mae=1.6976, avg_unseen_mae=1.7515]
    Epoch 273:  [avg_train_loss=3.5046, avg_seen_mae=1.6976, avg_unseen_mae=1.7515]
    Epoch 274:  [avg_train_loss=3.5046, avg_seen_mae=1.6976, avg_unseen_mae=1.7515]
    Epoch 275:  [avg_train_loss=3.5046, avg_seen_mae=1.6976, avg_unseen_mae=1.7515]
    Epoch 276:  [avg_train_loss=3.5046, avg_seen_mae=1.6976, avg_unseen_mae=1.7515]
    Epoch 277:  [avg_train_loss=3.5046, avg_seen_mae=1.6976, avg_unseen_mae=1.7515]
    Epoch 278:  [avg_train_loss=3.5046, avg_seen_mae=1.6976, avg_unseen_mae=1.7515]
    Epoch 279:  [avg_train_loss=3.5046, avg_seen_mae=1.6976, avg_unseen_mae=1.7515]
    Epoch 280:  [avg_train_loss=3.5046, avg_seen_mae=1.6976, avg_unseen_mae=1.7515]
    Epoch 281:  [avg_train_loss=3.5046, avg_seen_mae=1.6976, avg_unseen_mae=1.7515]
    Epoch 282:  [avg_train_loss=3.5046, avg_seen_mae=1.6976, avg_unseen_mae=1.7515]
    Epoch 283:  [avg_train_loss=3.5046, avg_seen_mae=1.6976, avg_unseen_mae=1.7515]
    Epoch 284:  [avg_train_loss=3.5046, avg_seen_mae=1.6976, avg_unseen_mae=1.7515]
    Epoch 285:  [avg_train_loss=3.5046, avg_seen_mae=1.6976, avg_unseen_mae=1.7515]
    Epoch 286:  [avg_train_loss=3.5046, avg_seen_mae=1.6976, avg_unseen_mae=1.7515]
    Epoch 287:  [avg_train_loss=3.5046, avg_seen_mae=1.6976, avg_unseen_mae=1.7515]
    Epoch 288:  [avg_train_loss=3.5046, avg_seen_mae=1.6976, avg_unseen_mae=1.7515]
    Epoch 289:  [avg_train_loss=3.5046, avg_seen_mae=1.6976, avg_unseen_mae=1.7515]
    Epoch 290:  [avg_train_loss=3.5046, avg_seen_mae=1.6976, avg_unseen_mae=1.7515]
    Epoch 291:  [avg_train_loss=3.5046, avg_seen_mae=1.6976, avg_unseen_mae=1.7515]
    Epoch 292:  [avg_train_loss=3.5046, avg_seen_mae=1.6976, avg_unseen_mae=1.7515]
    Epoch 293:  [avg_train_loss=3.5046, avg_seen_mae=1.6976, avg_unseen_mae=1.7515]
    Epoch 294:  [avg_train_loss=3.5046, avg_seen_mae=1.6976, avg_unseen_mae=1.7515]
    Epoch 295:  [avg_train_loss=3.5046, avg_seen_mae=1.6976, avg_unseen_mae=1.7515]
    Epoch 296:  [avg_train_loss=3.5046, avg_seen_mae=1.6976, avg_unseen_mae=1.7515]
    Epoch 297:  [avg_train_loss=3.5046, avg_seen_mae=1.6976, avg_unseen_mae=1.7515]
    Epoch 298:  [avg_train_loss=3.5046, avg_seen_mae=1.6976, avg_unseen_mae=1.7515]
    Epoch 299:  [avg_train_loss=3.5046, avg_seen_mae=1.6976, avg_unseen_mae=1.7515]
    Epoch 300:  [avg_train_loss=3.5046, avg_seen_mae=1.6976, avg_unseen_mae=1.7515]
    Epoch 301:  [avg_train_loss=3.5046, avg_seen_mae=1.6976, avg_unseen_mae=1.7515]
    Epoch 302:  [avg_train_loss=3.5046, avg_seen_mae=1.6976, avg_unseen_mae=1.7515]
    Epoch 303:  [avg_train_loss=3.5046, avg_seen_mae=1.6976, avg_unseen_mae=1.7515]
    Epoch 304:  [avg_train_loss=3.5046, avg_seen_mae=1.6976, avg_unseen_mae=1.7515]
    Epoch 305:  [avg_train_loss=3.5046, avg_seen_mae=1.6976, avg_unseen_mae=1.7515]
    Epoch 306:  [avg_train_loss=3.5046, avg_seen_mae=1.6976, avg_unseen_mae=1.7515]
    Epoch 307:  [avg_train_loss=3.5046, avg_seen_mae=1.6976, avg_unseen_mae=1.7515]
    Epoch 308:  [avg_train_loss=3.5046, avg_seen_mae=1.6976, avg_unseen_mae=1.7515]
    Epoch 309:  [avg_train_loss=3.5046, avg_seen_mae=1.6976, avg_unseen_mae=1.7515]
    Epoch 310:  [avg_train_loss=3.5046, avg_seen_mae=1.6976, avg_unseen_mae=1.7515]
    Epoch 311:  [avg_train_loss=3.5046, avg_seen_mae=1.6976, avg_unseen_mae=1.7515]
    Epoch 312:  [avg_train_loss=3.5046, avg_seen_mae=1.6976, avg_unseen_mae=1.7515]
    Epoch 313:  [avg_train_loss=3.5046, avg_seen_mae=1.6976, avg_unseen_mae=1.7515]
    Epoch 314:  [avg_train_loss=3.5046, avg_seen_mae=1.6976, avg_unseen_mae=1.7515]
    Epoch 315:  [avg_train_loss=3.5046, avg_seen_mae=1.6976, avg_unseen_mae=1.7515]
    Epoch 316:  [avg_train_loss=3.5046, avg_seen_mae=1.6976, avg_unseen_mae=1.7515]
    Epoch 317:  [avg_train_loss=3.5046, avg_seen_mae=1.6976, avg_unseen_mae=1.7515]
    Epoch 318:  [avg_train_loss=3.5046, avg_seen_mae=1.6976, avg_unseen_mae=1.7515]
    Epoch 319:  [avg_train_loss=3.5046, avg_seen_mae=1.6976, avg_unseen_mae=1.7515]
    Epoch 320:  [avg_train_loss=3.5046, avg_seen_mae=1.6976, avg_unseen_mae=1.7515]
    Epoch 321:  [avg_train_loss=3.5046, avg_seen_mae=1.6976, avg_unseen_mae=1.7515]
    Epoch 322:  [avg_train_loss=3.5046, avg_seen_mae=1.6976, avg_unseen_mae=1.7515]
    Epoch 323:  [avg_train_loss=3.5046, avg_seen_mae=1.6976, avg_unseen_mae=1.7515]
    Epoch 324:  [avg_train_loss=3.5046, avg_seen_mae=1.6976, avg_unseen_mae=1.7515]
    Epoch 325:  [avg_train_loss=3.5046, avg_seen_mae=1.6976, avg_unseen_mae=1.7515]
    Epoch 326:  [avg_train_loss=3.5046, avg_seen_mae=1.6976, avg_unseen_mae=1.7515]
    Epoch 327:  [avg_train_loss=3.5046, avg_seen_mae=1.6976, avg_unseen_mae=1.7515]
    Epoch 328:  [avg_train_loss=3.5046, avg_seen_mae=1.6976, avg_unseen_mae=1.7515]
    Epoch 329:  [avg_train_loss=3.5046, avg_seen_mae=1.6976, avg_unseen_mae=1.7515]
    Epoch 330:  [avg_train_loss=3.5046, avg_seen_mae=1.6976, avg_unseen_mae=1.7515]
    Epoch 331:  [avg_train_loss=3.5046, avg_seen_mae=1.6976, avg_unseen_mae=1.7515]
    Epoch 332:  [avg_train_loss=3.5046, avg_seen_mae=1.6976, avg_unseen_mae=1.7515]
    Epoch 333:  [avg_train_loss=3.5046, avg_seen_mae=1.6976, avg_unseen_mae=1.7515]
    Epoch 334:  [avg_train_loss=3.5046, avg_seen_mae=1.6976, avg_unseen_mae=1.7515]
    Epoch 335:  [avg_train_loss=3.5046, avg_seen_mae=1.6976, avg_unseen_mae=1.7515]
    Epoch 336:  [avg_train_loss=3.5046, avg_seen_mae=1.6976, avg_unseen_mae=1.7515]
    Epoch 337:  [avg_train_loss=3.5046, avg_seen_mae=1.6976, avg_unseen_mae=1.7515]
    Epoch 338:  [avg_train_loss=3.5046, avg_seen_mae=1.6976, avg_unseen_mae=1.7515]
    Epoch 339:  [avg_train_loss=3.5046, avg_seen_mae=1.6976, avg_unseen_mae=1.7515]
    Epoch 340:  [avg_train_loss=3.5046, avg_seen_mae=1.6976, avg_unseen_mae=1.7515]
    Epoch 341:  [avg_train_loss=3.5046, avg_seen_mae=1.6976, avg_unseen_mae=1.7515]
    Epoch 342:  [avg_train_loss=3.5046, avg_seen_mae=1.6976, avg_unseen_mae=1.7515]
    Epoch 343:  [avg_train_loss=3.5046, avg_seen_mae=1.6976, avg_unseen_mae=1.7515]
    Epoch 344:  [avg_train_loss=3.5046, avg_seen_mae=1.6976, avg_unseen_mae=1.7515]
    Epoch 345:  [avg_train_loss=3.5046, avg_seen_mae=1.6976, avg_unseen_mae=1.7515]
    Epoch 346:  [avg_train_loss=3.5046, avg_seen_mae=1.6976, avg_unseen_mae=1.7515]
    Epoch 347:  [avg_train_loss=3.5046, avg_seen_mae=1.6976, avg_unseen_mae=1.7515]
    Epoch 348:  [avg_train_loss=3.5046, avg_seen_mae=1.6976, avg_unseen_mae=1.7515]
    Epoch 349:  [avg_train_loss=3.5046, avg_seen_mae=1.6976, avg_unseen_mae=1.7515]
    Epoch 350:  [avg_train_loss=3.5046, avg_seen_mae=1.6976, avg_unseen_mae=1.7515]
    Epoch 351:  [avg_train_loss=3.5046, avg_seen_mae=1.6976, avg_unseen_mae=1.7515]
    Epoch 352:  [avg_train_loss=3.5046, avg_seen_mae=1.6976, avg_unseen_mae=1.7515]
    Epoch 353:  [avg_train_loss=3.5046, avg_seen_mae=1.6976, avg_unseen_mae=1.7515]
    Epoch 354:  [avg_train_loss=3.5046, avg_seen_mae=1.6976, avg_unseen_mae=1.7515]
    Epoch 355:  [avg_train_loss=3.5046, avg_seen_mae=1.6976, avg_unseen_mae=1.7515]
    Epoch 356:  [avg_train_loss=3.5046, avg_seen_mae=1.6976, avg_unseen_mae=1.7515]
    Epoch 357:  [avg_train_loss=3.5046, avg_seen_mae=1.6976, avg_unseen_mae=1.7515]
    Epoch 358:  [avg_train_loss=3.5046, avg_seen_mae=1.6976, avg_unseen_mae=1.7515]
    Epoch 359:  [avg_train_loss=3.5046, avg_seen_mae=1.6976, avg_unseen_mae=1.7515]
    Epoch 360:  [avg_train_loss=3.5046, avg_seen_mae=1.6976, avg_unseen_mae=1.7515]
    Epoch 361:  [avg_train_loss=3.5046, avg_seen_mae=1.6976, avg_unseen_mae=1.7515]
    Epoch 362:  [avg_train_loss=3.5046, avg_seen_mae=1.6976, avg_unseen_mae=1.7515]
    Epoch 363:  [avg_train_loss=3.5046, avg_seen_mae=1.6976, avg_unseen_mae=1.7515]
    Epoch 364:  [avg_train_loss=3.5046, avg_seen_mae=1.6976, avg_unseen_mae=1.7515]
    Epoch 365:  [avg_train_loss=3.5046, avg_seen_mae=1.6976, avg_unseen_mae=1.7515]
    Epoch 366:  [avg_train_loss=3.5046, avg_seen_mae=1.6976, avg_unseen_mae=1.7515]
    Epoch 367:  [avg_train_loss=3.5046, avg_seen_mae=1.6976, avg_unseen_mae=1.7515]
    Epoch 368:  [avg_train_loss=3.5046, avg_seen_mae=1.6976, avg_unseen_mae=1.7515]
    Epoch 369:  [avg_train_loss=3.5046, avg_seen_mae=1.6976, avg_unseen_mae=1.7515]
    Epoch 370:  [avg_train_loss=3.5046, avg_seen_mae=1.6976, avg_unseen_mae=1.7515]
    Epoch 371:  [avg_train_loss=3.5046, avg_seen_mae=1.6976, avg_unseen_mae=1.7515]
    Epoch 372:  [avg_train_loss=3.5046, avg_seen_mae=1.6976, avg_unseen_mae=1.7515]
    Epoch 373:  [avg_train_loss=3.5046, avg_seen_mae=1.6976, avg_unseen_mae=1.7515]
    Epoch 374:  [avg_train_loss=3.5046, avg_seen_mae=1.6976, avg_unseen_mae=1.7515]
    Epoch 375:  [avg_train_loss=3.5046, avg_seen_mae=1.6976, avg_unseen_mae=1.7515]
    Epoch 376:  [avg_train_loss=3.5046, avg_seen_mae=1.6976, avg_unseen_mae=1.7515]
    Epoch 377:  [avg_train_loss=3.5046, avg_seen_mae=1.6976, avg_unseen_mae=1.7515]
    Epoch 378:  [avg_train_loss=3.5046, avg_seen_mae=1.6976, avg_unseen_mae=1.7515]
    Epoch 379:  [avg_train_loss=3.5046, avg_seen_mae=1.6976, avg_unseen_mae=1.7515]
    Epoch 380:  [avg_train_loss=3.5046, avg_seen_mae=1.6976, avg_unseen_mae=1.7515]
    Epoch 381:  [avg_train_loss=3.5046, avg_seen_mae=1.6976, avg_unseen_mae=1.7515]
    Epoch 382:  [avg_train_loss=3.5046, avg_seen_mae=1.6976, avg_unseen_mae=1.7515]
    Epoch 383:  [avg_train_loss=3.5046, avg_seen_mae=1.6976, avg_unseen_mae=1.7515]
    Epoch 384:  [avg_train_loss=3.5046, avg_seen_mae=1.6976, avg_unseen_mae=1.7515]
    Epoch 385:  [avg_train_loss=3.5046, avg_seen_mae=1.6976, avg_unseen_mae=1.7515]
    Epoch 386:  [avg_train_loss=3.5046, avg_seen_mae=1.6976, avg_unseen_mae=1.7515]
    Epoch 387:  [avg_train_loss=3.5046, avg_seen_mae=1.6976, avg_unseen_mae=1.7515]
    Epoch 388:  [avg_train_loss=3.5046, avg_seen_mae=1.6976, avg_unseen_mae=1.7515]
    Epoch 389:  [avg_train_loss=3.5046, avg_seen_mae=1.6976, avg_unseen_mae=1.7515]
    Epoch 390:  [avg_train_loss=3.5046, avg_seen_mae=1.6976, avg_unseen_mae=1.7515]
    Epoch 391:  [avg_train_loss=3.5046, avg_seen_mae=1.6976, avg_unseen_mae=1.7515]
    Epoch 392:  [avg_train_loss=3.5046, avg_seen_mae=1.6976, avg_unseen_mae=1.7515]
    Epoch 393:  [avg_train_loss=3.5046, avg_seen_mae=1.6976, avg_unseen_mae=1.7515]
    Epoch 394:  [avg_train_loss=3.5046, avg_seen_mae=1.6976, avg_unseen_mae=1.7515]
    Epoch 395:  [avg_train_loss=3.5046, avg_seen_mae=1.6976, avg_unseen_mae=1.7515]
    Epoch 396:  [avg_train_loss=3.5046, avg_seen_mae=1.6976, avg_unseen_mae=1.7515]
    Epoch 397:  [avg_train_loss=3.5046, avg_seen_mae=1.6976, avg_unseen_mae=1.7515]
    Epoch 398:  [avg_train_loss=3.5046, avg_seen_mae=1.6976, avg_unseen_mae=1.7515]
    Epoch 399:  [avg_train_loss=3.5046, avg_seen_mae=1.6976, avg_unseen_mae=1.7515]
    Epoch 400:  [avg_train_loss=3.5046, avg_seen_mae=1.6976, avg_unseen_mae=1.7515]
    Epoch 401:  [avg_train_loss=3.5046, avg_seen_mae=1.6976, avg_unseen_mae=1.7515]
    Epoch 402:  [avg_train_loss=3.5046, avg_seen_mae=1.6976, avg_unseen_mae=1.7515]
    Epoch 403:  [avg_train_loss=3.5046, avg_seen_mae=1.6976, avg_unseen_mae=1.7515]
    Epoch 404:  [avg_train_loss=3.5046, avg_seen_mae=1.6976, avg_unseen_mae=1.7515]
    Epoch 405:  [avg_train_loss=3.5046, avg_seen_mae=1.6976, avg_unseen_mae=1.7515]
    Epoch 406:  [avg_train_loss=3.5046, avg_seen_mae=1.6976, avg_unseen_mae=1.7515]
    Epoch 407:  [avg_train_loss=3.5046, avg_seen_mae=1.6976, avg_unseen_mae=1.7515]
    Epoch 408:  [avg_train_loss=3.5046, avg_seen_mae=1.6976, avg_unseen_mae=1.7515]
    Epoch 409:  [avg_train_loss=3.5046, avg_seen_mae=1.6976, avg_unseen_mae=1.7515]
    Epoch 410:  [avg_train_loss=3.5046, avg_seen_mae=1.6976, avg_unseen_mae=1.7515]
    Epoch 411:  [avg_train_loss=3.5046, avg_seen_mae=1.6976, avg_unseen_mae=1.7515]
    Epoch 412:  [avg_train_loss=3.5046, avg_seen_mae=1.6976, avg_unseen_mae=1.7515]
    Epoch 413:  [avg_train_loss=3.5046, avg_seen_mae=1.6976, avg_unseen_mae=1.7515]
    Epoch 414:  [avg_train_loss=3.5046, avg_seen_mae=1.6976, avg_unseen_mae=1.7515]
    Epoch 415:  [avg_train_loss=3.5046, avg_seen_mae=1.6976, avg_unseen_mae=1.7515]
    Epoch 416:  [avg_train_loss=3.5046, avg_seen_mae=1.6976, avg_unseen_mae=1.7515]
    Epoch 417:  [avg_train_loss=3.5046, avg_seen_mae=1.6976, avg_unseen_mae=1.7515]
    Epoch 418:  [avg_train_loss=3.5046, avg_seen_mae=1.6976, avg_unseen_mae=1.7515]
    Epoch 419:  [avg_train_loss=3.5046, avg_seen_mae=1.6976, avg_unseen_mae=1.7515]
    Epoch 420:  [avg_train_loss=3.5046, avg_seen_mae=1.6976, avg_unseen_mae=1.7515]
    Epoch 421:  [avg_train_loss=3.5046, avg_seen_mae=1.6976, avg_unseen_mae=1.7515]
    Epoch 422:  [avg_train_loss=3.5046, avg_seen_mae=1.6976, avg_unseen_mae=1.7515]
    Epoch 423:  [avg_train_loss=3.5046, avg_seen_mae=1.6976, avg_unseen_mae=1.7515]
    Epoch 424:  [avg_train_loss=3.5046, avg_seen_mae=1.6976, avg_unseen_mae=1.7515]
    Epoch 425:  [avg_train_loss=3.5046, avg_seen_mae=1.6976, avg_unseen_mae=1.7515]
    Epoch 426:  [avg_train_loss=3.5046, avg_seen_mae=1.6976, avg_unseen_mae=1.7515]
    Epoch 427:  [avg_train_loss=3.5046, avg_seen_mae=1.6976, avg_unseen_mae=1.7515]
    Epoch 428:  [avg_train_loss=3.5046, avg_seen_mae=1.6976, avg_unseen_mae=1.7515]
    Epoch 429:  [avg_train_loss=3.5046, avg_seen_mae=1.6976, avg_unseen_mae=1.7515]
    Epoch 430:  [avg_train_loss=3.5046, avg_seen_mae=1.6976, avg_unseen_mae=1.7515]
    Epoch 431:  [avg_train_loss=3.5046, avg_seen_mae=1.6976, avg_unseen_mae=1.7515]
    Epoch 432:  [avg_train_loss=3.5046, avg_seen_mae=1.6976, avg_unseen_mae=1.7515]
    Epoch 433:  [avg_train_loss=3.5046, avg_seen_mae=1.6976, avg_unseen_mae=1.7515]
    Epoch 434:  [avg_train_loss=3.5046, avg_seen_mae=1.6976, avg_unseen_mae=1.7515]
    Epoch 435:  [avg_train_loss=3.5046, avg_seen_mae=1.6976, avg_unseen_mae=1.7515]
    Epoch 436:  [avg_train_loss=3.5046, avg_seen_mae=1.6976, avg_unseen_mae=1.7515]
    Epoch 437:  [avg_train_loss=3.5046, avg_seen_mae=1.6976, avg_unseen_mae=1.7515]
    Epoch 438:  [avg_train_loss=3.5046, avg_seen_mae=1.6976, avg_unseen_mae=1.7515]
    Epoch 439:  [avg_train_loss=3.5046, avg_seen_mae=1.6976, avg_unseen_mae=1.7515]
    Epoch 440:  [avg_train_loss=3.5046, avg_seen_mae=1.6976, avg_unseen_mae=1.7515]
    Epoch 441:  [avg_train_loss=3.5046, avg_seen_mae=1.6976, avg_unseen_mae=1.7515]
    Epoch 442:  [avg_train_loss=3.5046, avg_seen_mae=1.6976, avg_unseen_mae=1.7515]
    Epoch 443:  [avg_train_loss=3.5046, avg_seen_mae=1.6976, avg_unseen_mae=1.7515]
    Epoch 444:  [avg_train_loss=3.5046, avg_seen_mae=1.6976, avg_unseen_mae=1.7515]
    Epoch 445:  [avg_train_loss=3.5046, avg_seen_mae=1.6976, avg_unseen_mae=1.7515]
    Epoch 446:  [avg_train_loss=3.5046, avg_seen_mae=1.6976, avg_unseen_mae=1.7515]
    Epoch 447:  [avg_train_loss=3.5046, avg_seen_mae=1.6976, avg_unseen_mae=1.7515]
    Epoch 448:  [avg_train_loss=3.5046, avg_seen_mae=1.6976, avg_unseen_mae=1.7515]
    Epoch 449:  [avg_train_loss=3.5046, avg_seen_mae=1.6976, avg_unseen_mae=1.7515]
    Epoch 450:  [avg_train_loss=3.5046, avg_seen_mae=1.6976, avg_unseen_mae=1.7515]
    Epoch 451:  [avg_train_loss=3.5046, avg_seen_mae=1.6976, avg_unseen_mae=1.7515]
    Epoch 452:  [avg_train_loss=3.5046, avg_seen_mae=1.6976, avg_unseen_mae=1.7515]
    Epoch 453:  [avg_train_loss=3.5046, avg_seen_mae=1.6976, avg_unseen_mae=1.7515]
    Epoch 454:  [avg_train_loss=3.5046, avg_seen_mae=1.6976, avg_unseen_mae=1.7515]
    Epoch 455:  [avg_train_loss=3.5046, avg_seen_mae=1.6976, avg_unseen_mae=1.7515]
    Epoch 456:  [avg_train_loss=3.5046, avg_seen_mae=1.6976, avg_unseen_mae=1.7515]
    Epoch 457:  [avg_train_loss=3.5046, avg_seen_mae=1.6976, avg_unseen_mae=1.7515]
    Epoch 458:  [avg_train_loss=3.5046, avg_seen_mae=1.6976, avg_unseen_mae=1.7515]
    Epoch 459:  [avg_train_loss=3.5046, avg_seen_mae=1.6976, avg_unseen_mae=1.7515]
    Epoch 460:  [avg_train_loss=3.5046, avg_seen_mae=1.6976, avg_unseen_mae=1.7515]
    Epoch 461:  [avg_train_loss=3.5046, avg_seen_mae=1.6976, avg_unseen_mae=1.7515]
    Epoch 462:  [avg_train_loss=3.5046, avg_seen_mae=1.6976, avg_unseen_mae=1.7515]
    Epoch 463:  [avg_train_loss=3.5046, avg_seen_mae=1.6976, avg_unseen_mae=1.7515]
    Epoch 464:  [avg_train_loss=3.5046, avg_seen_mae=1.6976, avg_unseen_mae=1.7515]
    Epoch 465:  [avg_train_loss=3.5046, avg_seen_mae=1.6976, avg_unseen_mae=1.7515]
    Epoch 466:  [avg_train_loss=3.5046, avg_seen_mae=1.6976, avg_unseen_mae=1.7515]
    Epoch 467:  [avg_train_loss=3.5046, avg_seen_mae=1.6976, avg_unseen_mae=1.7515]
    Epoch 468:  [avg_train_loss=3.5046, avg_seen_mae=1.6976, avg_unseen_mae=1.7515]
    Epoch 469:  [avg_train_loss=3.5046, avg_seen_mae=1.6976, avg_unseen_mae=1.7515]
    Epoch 470:  [avg_train_loss=3.5046, avg_seen_mae=1.6976, avg_unseen_mae=1.7515]
    Epoch 471:  [avg_train_loss=3.5046, avg_seen_mae=1.6976, avg_unseen_mae=1.7515]
    Epoch 472:  [avg_train_loss=3.5046, avg_seen_mae=1.6976, avg_unseen_mae=1.7515]
    Epoch 473:  [avg_train_loss=3.5046, avg_seen_mae=1.6976, avg_unseen_mae=1.7515]
    Epoch 474:  [avg_train_loss=3.5046, avg_seen_mae=1.6976, avg_unseen_mae=1.7515]
    Epoch 475:  [avg_train_loss=3.5046, avg_seen_mae=1.6976, avg_unseen_mae=1.7515]
    Epoch 476:  [avg_train_loss=3.5046, avg_seen_mae=1.6976, avg_unseen_mae=1.7515]
    Epoch 477:  [avg_train_loss=3.5046, avg_seen_mae=1.6976, avg_unseen_mae=1.7515]
    Epoch 478:  [avg_train_loss=3.5046, avg_seen_mae=1.6976, avg_unseen_mae=1.7515]
    Epoch 479:  [avg_train_loss=3.5046, avg_seen_mae=1.6976, avg_unseen_mae=1.7515]
    Epoch 480:  [avg_train_loss=3.5046, avg_seen_mae=1.6976, avg_unseen_mae=1.7515]
    Epoch 481:  [avg_train_loss=3.5046, avg_seen_mae=1.6976, avg_unseen_mae=1.7515]
    Epoch 482:  [avg_train_loss=3.5046, avg_seen_mae=1.6976, avg_unseen_mae=1.7515]
    Epoch 483:  [avg_train_loss=3.5046, avg_seen_mae=1.6976, avg_unseen_mae=1.7515]
    Epoch 484:  [avg_train_loss=3.5046, avg_seen_mae=1.6976, avg_unseen_mae=1.7515]
    Epoch 485:  [avg_train_loss=3.5046, avg_seen_mae=1.6976, avg_unseen_mae=1.7515]
    Epoch 486:  [avg_train_loss=3.5046, avg_seen_mae=1.6976, avg_unseen_mae=1.7515]
    Epoch 487:  [avg_train_loss=3.5046, avg_seen_mae=1.6976, avg_unseen_mae=1.7515]
    Epoch 488:  [avg_train_loss=3.5046, avg_seen_mae=1.6976, avg_unseen_mae=1.7515]
    Epoch 489:  [avg_train_loss=3.5046, avg_seen_mae=1.6976, avg_unseen_mae=1.7515]
    Epoch 490:  [avg_train_loss=3.5046, avg_seen_mae=1.6976, avg_unseen_mae=1.7515]
    Epoch 491:  [avg_train_loss=3.5046, avg_seen_mae=1.6976, avg_unseen_mae=1.7515]
    Epoch 492:  [avg_train_loss=3.5046, avg_seen_mae=1.6976, avg_unseen_mae=1.7515]
    Epoch 493:  [avg_train_loss=3.5046, avg_seen_mae=1.6976, avg_unseen_mae=1.7515]
    Epoch 494:  [avg_train_loss=3.5046, avg_seen_mae=1.6976, avg_unseen_mae=1.7515]
    Epoch 495:  [avg_train_loss=3.5046, avg_seen_mae=1.6976, avg_unseen_mae=1.7515]
    Epoch 496:  [avg_train_loss=3.5046, avg_seen_mae=1.6976, avg_unseen_mae=1.7515]
    Epoch 497:  [avg_train_loss=3.5046, avg_seen_mae=1.6976, avg_unseen_mae=1.7515]
    Epoch 498:  [avg_train_loss=3.5046, avg_seen_mae=1.6976, avg_unseen_mae=1.7515]
    Epoch 499:  [avg_train_loss=3.5046, avg_seen_mae=1.6976, avg_unseen_mae=1.7515]
    Epoch 500:  [avg_train_loss=3.5046, avg_seen_mae=1.6976, avg_unseen_mae=1.7515]
    Epoch 501:  [avg_train_loss=3.5046, avg_seen_mae=1.6976, avg_unseen_mae=1.7515]
    Epoch 502:  [avg_train_loss=3.5046, avg_seen_mae=1.6976, avg_unseen_mae=1.7515]
    Epoch 503:  [avg_train_loss=3.5046, avg_seen_mae=1.6976, avg_unseen_mae=1.7515]
    Epoch 504:  [avg_train_loss=3.5046, avg_seen_mae=1.6976, avg_unseen_mae=1.7515]
    Epoch 505:  [avg_train_loss=3.5046, avg_seen_mae=1.6976, avg_unseen_mae=1.7515]
    Epoch 506:  [avg_train_loss=3.5046, avg_seen_mae=1.6976, avg_unseen_mae=1.7515]
    Epoch 507:  [avg_train_loss=3.5046, avg_seen_mae=1.6976, avg_unseen_mae=1.7515]
    Epoch 508:  [avg_train_loss=3.5046, avg_seen_mae=1.6976, avg_unseen_mae=1.7515]
    Epoch 509:  [avg_train_loss=3.5046, avg_seen_mae=1.6976, avg_unseen_mae=1.7515]
    Epoch 510:  [avg_train_loss=3.5046, avg_seen_mae=1.6976, avg_unseen_mae=1.7515]
    Epoch 511:  [avg_train_loss=3.5046, avg_seen_mae=1.6976, avg_unseen_mae=1.7515]
    Epoch 512:  [avg_train_loss=3.5046, avg_seen_mae=1.6976, avg_unseen_mae=1.7515]
    Epoch 513:  [avg_train_loss=3.5046, avg_seen_mae=1.6976, avg_unseen_mae=1.7515]
    Epoch 514:  [avg_train_loss=3.5046, avg_seen_mae=1.6976, avg_unseen_mae=1.7515]
    Epoch 515:  [avg_train_loss=3.5046, avg_seen_mae=1.6976, avg_unseen_mae=1.7515]
    Epoch 516:  [avg_train_loss=3.5046, avg_seen_mae=1.6976, avg_unseen_mae=1.7515]
    Epoch 517:  [avg_train_loss=3.5046, avg_seen_mae=1.6976, avg_unseen_mae=1.7515]
    Epoch 518:  [avg_train_loss=3.5046, avg_seen_mae=1.6976, avg_unseen_mae=1.7515]
    Epoch 519:  [avg_train_loss=3.5046, avg_seen_mae=1.6976, avg_unseen_mae=1.7515]
    Epoch 520:  [avg_train_loss=3.5046, avg_seen_mae=1.6976, avg_unseen_mae=1.7515]
    Epoch 521:  [avg_train_loss=3.5046, avg_seen_mae=1.6976, avg_unseen_mae=1.7515]
    Epoch 522:  [avg_train_loss=3.5046, avg_seen_mae=1.6976, avg_unseen_mae=1.7515]
    Epoch 523:  [avg_train_loss=3.5046, avg_seen_mae=1.6976, avg_unseen_mae=1.7515]
    Epoch 524:  [avg_train_loss=3.5046, avg_seen_mae=1.6976, avg_unseen_mae=1.7515]
    Epoch 525:  [avg_train_loss=3.5046, avg_seen_mae=1.6976, avg_unseen_mae=1.7515]
    Epoch 526:  [avg_train_loss=3.5046, avg_seen_mae=1.6976, avg_unseen_mae=1.7515]
    Epoch 527:  [avg_train_loss=3.5046, avg_seen_mae=1.6976, avg_unseen_mae=1.7515]
    Epoch 528:  [avg_train_loss=3.5046, avg_seen_mae=1.6976, avg_unseen_mae=1.7515]
    Epoch 529:  [avg_train_loss=3.5046, avg_seen_mae=1.6976, avg_unseen_mae=1.7515]
    Epoch 530:  [avg_train_loss=3.5046, avg_seen_mae=1.6976, avg_unseen_mae=1.7515]
    Epoch 531:  [avg_train_loss=3.5046, avg_seen_mae=1.6976, avg_unseen_mae=1.7515]
    Epoch 532:  [avg_train_loss=3.5046, avg_seen_mae=1.6976, avg_unseen_mae=1.7515]
    Epoch 533:  [avg_train_loss=3.5046, avg_seen_mae=1.6976, avg_unseen_mae=1.7515]
    Epoch 534:  [avg_train_loss=3.5046, avg_seen_mae=1.6976, avg_unseen_mae=1.7515]
    Epoch 535:  [avg_train_loss=3.5046, avg_seen_mae=1.6976, avg_unseen_mae=1.7515]
    Epoch 536:  [avg_train_loss=3.5046, avg_seen_mae=1.6976, avg_unseen_mae=1.7515]
    Epoch 537:  [avg_train_loss=3.5046, avg_seen_mae=1.6976, avg_unseen_mae=1.7515]
    Epoch 538:  [avg_train_loss=3.5046, avg_seen_mae=1.6976, avg_unseen_mae=1.7515]
    Epoch 539:  [avg_train_loss=3.5046, avg_seen_mae=1.6976, avg_unseen_mae=1.7515]
    Epoch 540:  [avg_train_loss=3.5046, avg_seen_mae=1.6976, avg_unseen_mae=1.7515]
    Epoch 541:  [avg_train_loss=3.5046, avg_seen_mae=1.6976, avg_unseen_mae=1.7515]
    Epoch 542:  [avg_train_loss=3.5046, avg_seen_mae=1.6976, avg_unseen_mae=1.7515]
    Epoch 543:  [avg_train_loss=3.5046, avg_seen_mae=1.6976, avg_unseen_mae=1.7515]
    Epoch 544:  [avg_train_loss=3.5046, avg_seen_mae=1.6976, avg_unseen_mae=1.7515]
    Epoch 545:  [avg_train_loss=3.5046, avg_seen_mae=1.6976, avg_unseen_mae=1.7515]
    Epoch 546:  [avg_train_loss=3.5046, avg_seen_mae=1.6976, avg_unseen_mae=1.7515]
    Epoch 547:  [avg_train_loss=3.5046, avg_seen_mae=1.6976, avg_unseen_mae=1.7515]
    Epoch 548:  [avg_train_loss=3.5046, avg_seen_mae=1.6976, avg_unseen_mae=1.7515]
    Epoch 549:  [avg_train_loss=3.5046, avg_seen_mae=1.6976, avg_unseen_mae=1.7515]
    Epoch 550:  [avg_train_loss=3.5046, avg_seen_mae=1.6976, avg_unseen_mae=1.7515]
    Epoch 551:  [avg_train_loss=3.5046, avg_seen_mae=1.6976, avg_unseen_mae=1.7515]
    Epoch 552:  [avg_train_loss=3.5046, avg_seen_mae=1.6976, avg_unseen_mae=1.7515]
    Epoch 553:  [avg_train_loss=3.5046, avg_seen_mae=1.6976, avg_unseen_mae=1.7515]
    Epoch 554:  [avg_train_loss=3.5046, avg_seen_mae=1.6976, avg_unseen_mae=1.7515]
    Epoch 555:  [avg_train_loss=3.5046, avg_seen_mae=1.6976, avg_unseen_mae=1.7515]
    Epoch 556:  [avg_train_loss=3.5046, avg_seen_mae=1.6976, avg_unseen_mae=1.7515]
    Epoch 557:  [avg_train_loss=3.5046, avg_seen_mae=1.6976, avg_unseen_mae=1.7515]
    Epoch 558:  [avg_train_loss=3.5046, avg_seen_mae=1.6976, avg_unseen_mae=1.7515]
    Epoch 559:  [avg_train_loss=3.5046, avg_seen_mae=1.6976, avg_unseen_mae=1.7515]
    Epoch 560:  [avg_train_loss=3.5046, avg_seen_mae=1.6976, avg_unseen_mae=1.7515]
    Epoch 561:  [avg_train_loss=3.5046, avg_seen_mae=1.6976, avg_unseen_mae=1.7515]
    Epoch 562:  [avg_train_loss=3.5046, avg_seen_mae=1.6976, avg_unseen_mae=1.7515]
    Epoch 563:  [avg_train_loss=3.5046, avg_seen_mae=1.6976, avg_unseen_mae=1.7515]
    Epoch 564:  [avg_train_loss=3.5046, avg_seen_mae=1.6976, avg_unseen_mae=1.7515]
    Epoch 565:  [avg_train_loss=3.5046, avg_seen_mae=1.6976, avg_unseen_mae=1.7515]
    Epoch 566:  [avg_train_loss=3.5046, avg_seen_mae=1.6976, avg_unseen_mae=1.7515]
    Epoch 567:  [avg_train_loss=3.5046, avg_seen_mae=1.6976, avg_unseen_mae=1.7515]
    Epoch 568:  [avg_train_loss=3.5046, avg_seen_mae=1.6976, avg_unseen_mae=1.7515]
    Epoch 569:  [avg_train_loss=3.5046, avg_seen_mae=1.6976, avg_unseen_mae=1.7515]
    Epoch 570:  [avg_train_loss=3.5046, avg_seen_mae=1.6976, avg_unseen_mae=1.7515]
    Epoch 571:  [avg_train_loss=3.5046, avg_seen_mae=1.6976, avg_unseen_mae=1.7515]
    Epoch 572:  [avg_train_loss=3.5046, avg_seen_mae=1.6976, avg_unseen_mae=1.7515]
    Epoch 573:  [avg_train_loss=3.5046, avg_seen_mae=1.6976, avg_unseen_mae=1.7515]
    Epoch 574:  [avg_train_loss=3.5046, avg_seen_mae=1.6976, avg_unseen_mae=1.7515]
    Epoch 575:  [avg_train_loss=3.5046, avg_seen_mae=1.6976, avg_unseen_mae=1.7515]
    Epoch 576:  [avg_train_loss=3.5046, avg_seen_mae=1.6976, avg_unseen_mae=1.7515]
    Epoch 577:  [avg_train_loss=3.5046, avg_seen_mae=1.6976, avg_unseen_mae=1.7515]
    Epoch 578:  [avg_train_loss=3.5046, avg_seen_mae=1.6976, avg_unseen_mae=1.7515]
    Epoch 579:  [avg_train_loss=3.5046, avg_seen_mae=1.6976, avg_unseen_mae=1.7515]
    Epoch 580:  [avg_train_loss=3.5046, avg_seen_mae=1.6976, avg_unseen_mae=1.7515]
    Epoch 581:  [avg_train_loss=3.5046, avg_seen_mae=1.6976, avg_unseen_mae=1.7515]
    Epoch 582:  [avg_train_loss=3.5046, avg_seen_mae=1.6976, avg_unseen_mae=1.7515]
    Epoch 583:  [avg_train_loss=3.5046, avg_seen_mae=1.6976, avg_unseen_mae=1.7515]
    Epoch 584:  [avg_train_loss=3.5046, avg_seen_mae=1.6976, avg_unseen_mae=1.7515]
    Epoch 585:  [avg_train_loss=3.5046, avg_seen_mae=1.6976, avg_unseen_mae=1.7515]
    Epoch 586:  [avg_train_loss=3.5046, avg_seen_mae=1.6976, avg_unseen_mae=1.7515]
    Epoch 587:  [avg_train_loss=3.5046, avg_seen_mae=1.6976, avg_unseen_mae=1.7515]
    Epoch 588:  [avg_train_loss=3.5046, avg_seen_mae=1.6976, avg_unseen_mae=1.7515]
    Epoch 589:  [avg_train_loss=3.5046, avg_seen_mae=1.6976, avg_unseen_mae=1.7515]
    Epoch 590:  [avg_train_loss=3.5046, avg_seen_mae=1.6976, avg_unseen_mae=1.7515]
    Epoch 591:  [avg_train_loss=3.5046, avg_seen_mae=1.6976, avg_unseen_mae=1.7515]
    Epoch 592:  [avg_train_loss=3.5046, avg_seen_mae=1.6976, avg_unseen_mae=1.7515]
    Epoch 593:  [avg_train_loss=3.5046, avg_seen_mae=1.6976, avg_unseen_mae=1.7515]
    Epoch 594:  [avg_train_loss=3.5046, avg_seen_mae=1.6976, avg_unseen_mae=1.7515]
    Epoch 595:  [avg_train_loss=3.5046, avg_seen_mae=1.6976, avg_unseen_mae=1.7515]
    Epoch 596:  [avg_train_loss=3.5046, avg_seen_mae=1.6976, avg_unseen_mae=1.7515]
    Epoch 597:  [avg_train_loss=3.5046, avg_seen_mae=1.6976, avg_unseen_mae=1.7515]
    Epoch 598:  [avg_train_loss=3.5046, avg_seen_mae=1.6976, avg_unseen_mae=1.7515]
    Epoch 599:  [avg_train_loss=3.5046, avg_seen_mae=1.6976, avg_unseen_mae=1.7515]
    Epoch 600:  [avg_train_loss=3.5046, avg_seen_mae=1.6976, avg_unseen_mae=1.7515]
    Epoch 601:  [avg_train_loss=3.5046, avg_seen_mae=1.6976, avg_unseen_mae=1.7515]
    Epoch 602:  [avg_train_loss=3.5046, avg_seen_mae=1.6976, avg_unseen_mae=1.7515]
    Epoch 603:  [avg_train_loss=3.5046, avg_seen_mae=1.6976, avg_unseen_mae=1.7515]
    Epoch 604:  [avg_train_loss=3.5046, avg_seen_mae=1.6976, avg_unseen_mae=1.7515]
    Epoch 605:  [avg_train_loss=3.5046, avg_seen_mae=1.6976, avg_unseen_mae=1.7515]
    Epoch 606:  [avg_train_loss=3.5046, avg_seen_mae=1.6976, avg_unseen_mae=1.7515]
    Epoch 607:  [avg_train_loss=3.5046, avg_seen_mae=1.6976, avg_unseen_mae=1.7515]
    Epoch 608:  [avg_train_loss=3.5046, avg_seen_mae=1.6976, avg_unseen_mae=1.7515]
    Epoch 609:  [avg_train_loss=3.5046, avg_seen_mae=1.6976, avg_unseen_mae=1.7515]
    Epoch 610:  [avg_train_loss=3.5046, avg_seen_mae=1.6976, avg_unseen_mae=1.7515]
    Epoch 611:  [avg_train_loss=3.5046, avg_seen_mae=1.6976, avg_unseen_mae=1.7515]
    Epoch 612:  [avg_train_loss=3.5046, avg_seen_mae=1.6976, avg_unseen_mae=1.7515]
    Epoch 613:  [avg_train_loss=3.5046, avg_seen_mae=1.6976, avg_unseen_mae=1.7515]
    Epoch 614:  [avg_train_loss=3.5046, avg_seen_mae=1.6976, avg_unseen_mae=1.7515]
    Epoch 615:  [avg_train_loss=3.5046, avg_seen_mae=1.6976, avg_unseen_mae=1.7515]
    Epoch 616:  [avg_train_loss=3.5046, avg_seen_mae=1.6976, avg_unseen_mae=1.7515]
    Epoch 617:  [avg_train_loss=3.5046, avg_seen_mae=1.6976, avg_unseen_mae=1.7515]
    Epoch 618:  [avg_train_loss=3.5046, avg_seen_mae=1.6976, avg_unseen_mae=1.7515]
    Epoch 619:  [avg_train_loss=3.5046, avg_seen_mae=1.6976, avg_unseen_mae=1.7515]
    Epoch 620:  [avg_train_loss=3.5046, avg_seen_mae=1.6976, avg_unseen_mae=1.7515]
    Epoch 621:  [avg_train_loss=3.5046, avg_seen_mae=1.6976, avg_unseen_mae=1.7515]
    Epoch 622:  [avg_train_loss=3.5046, avg_seen_mae=1.6976, avg_unseen_mae=1.7515]
    Epoch 623:  [avg_train_loss=3.5046, avg_seen_mae=1.6976, avg_unseen_mae=1.7515]
    Epoch 624:  [avg_train_loss=3.5046, avg_seen_mae=1.6976, avg_unseen_mae=1.7515]
    Epoch 625:  [avg_train_loss=3.5046, avg_seen_mae=1.6976, avg_unseen_mae=1.7515]
    Epoch 626:  [avg_train_loss=3.5046, avg_seen_mae=1.6976, avg_unseen_mae=1.7515]
    Epoch 627:  [avg_train_loss=3.5046, avg_seen_mae=1.6976, avg_unseen_mae=1.7515]
    Epoch 628:  [avg_train_loss=3.5046, avg_seen_mae=1.6976, avg_unseen_mae=1.7515]
    Epoch 629:  [avg_train_loss=3.5046, avg_seen_mae=1.6976, avg_unseen_mae=1.7515]
    Epoch 630:  [avg_train_loss=3.5046, avg_seen_mae=1.6976, avg_unseen_mae=1.7515]
    Epoch 631:  [avg_train_loss=3.5046, avg_seen_mae=1.6976, avg_unseen_mae=1.7515]
    Epoch 632:  [avg_train_loss=3.5046, avg_seen_mae=1.6976, avg_unseen_mae=1.7515]
    Epoch 633:  [avg_train_loss=3.5046, avg_seen_mae=1.6976, avg_unseen_mae=1.7515]
    Epoch 634:  [avg_train_loss=3.5046, avg_seen_mae=1.6976, avg_unseen_mae=1.7515]
    Epoch 635:  [avg_train_loss=3.5046, avg_seen_mae=1.6976, avg_unseen_mae=1.7515]
    Epoch 636:  [avg_train_loss=3.5046, avg_seen_mae=1.6976, avg_unseen_mae=1.7515]
    Epoch 637:  [avg_train_loss=3.5046, avg_seen_mae=1.6976, avg_unseen_mae=1.7515]
    Epoch 638:  [avg_train_loss=3.5046, avg_seen_mae=1.6976, avg_unseen_mae=1.7515]
    Epoch 639:  [avg_train_loss=3.5046, avg_seen_mae=1.6976, avg_unseen_mae=1.7515]
    Epoch 640:  [avg_train_loss=3.5046, avg_seen_mae=1.6976, avg_unseen_mae=1.7515]
    Epoch 641:  [avg_train_loss=3.5046, avg_seen_mae=1.6976, avg_unseen_mae=1.7515]
    Epoch 642:  [avg_train_loss=3.5046, avg_seen_mae=1.6976, avg_unseen_mae=1.7515]
    Epoch 643:  [avg_train_loss=3.5046, avg_seen_mae=1.6976, avg_unseen_mae=1.7515]
    Epoch 644:  [avg_train_loss=3.5046, avg_seen_mae=1.6976, avg_unseen_mae=1.7515]
    Epoch 645:  [avg_train_loss=3.5046, avg_seen_mae=1.6976, avg_unseen_mae=1.7515]
    Epoch 646:  [avg_train_loss=3.5046, avg_seen_mae=1.6976, avg_unseen_mae=1.7515]
    Epoch 647:  [avg_train_loss=3.5046, avg_seen_mae=1.6976, avg_unseen_mae=1.7515]
    Epoch 648:  [avg_train_loss=3.5046, avg_seen_mae=1.6976, avg_unseen_mae=1.7515]
    Epoch 649:  [avg_train_loss=3.5046, avg_seen_mae=1.6976, avg_unseen_mae=1.7515]
    Epoch 650:  [avg_train_loss=3.5046, avg_seen_mae=1.6976, avg_unseen_mae=1.7515]
    Epoch 651:  [avg_train_loss=3.5046, avg_seen_mae=1.6976, avg_unseen_mae=1.7515]
    Epoch 652:  [avg_train_loss=3.5046, avg_seen_mae=1.6976, avg_unseen_mae=1.7515]
    Epoch 653:  [avg_train_loss=3.5046, avg_seen_mae=1.6976, avg_unseen_mae=1.7515]
    Epoch 654:  [avg_train_loss=3.5046, avg_seen_mae=1.6976, avg_unseen_mae=1.7515]
    Epoch 655:  [avg_train_loss=3.5046, avg_seen_mae=1.6976, avg_unseen_mae=1.7515]
    Epoch 656:  [avg_train_loss=3.5046, avg_seen_mae=1.6976, avg_unseen_mae=1.7515]
    Epoch 657:  [avg_train_loss=3.5046, avg_seen_mae=1.6976, avg_unseen_mae=1.7515]
    Epoch 658:  [avg_train_loss=3.5046, avg_seen_mae=1.6976, avg_unseen_mae=1.7515]
    Epoch 659:  [avg_train_loss=3.5046, avg_seen_mae=1.6976, avg_unseen_mae=1.7515]
    Epoch 660:  [avg_train_loss=3.5046, avg_seen_mae=1.6976, avg_unseen_mae=1.7515]
    Epoch 661:  [avg_train_loss=3.5046, avg_seen_mae=1.6976, avg_unseen_mae=1.7515]
    Epoch 662:  [avg_train_loss=3.5046, avg_seen_mae=1.6976, avg_unseen_mae=1.7515]
    Epoch 663:  [avg_train_loss=3.5046, avg_seen_mae=1.6976, avg_unseen_mae=1.7515]
    Epoch 664:  [avg_train_loss=3.5046, avg_seen_mae=1.6976, avg_unseen_mae=1.7515]
    Epoch 665:  [avg_train_loss=3.5046, avg_seen_mae=1.6976, avg_unseen_mae=1.7515]
    Epoch 666:  [avg_train_loss=3.5046, avg_seen_mae=1.6976, avg_unseen_mae=1.7515]
    Epoch 667:  [avg_train_loss=3.5046, avg_seen_mae=1.6976, avg_unseen_mae=1.7515]
    Epoch 668:  [avg_train_loss=3.5046, avg_seen_mae=1.6976, avg_unseen_mae=1.7515]
    Epoch 669:  [avg_train_loss=3.5046, avg_seen_mae=1.6976, avg_unseen_mae=1.7515]
    Epoch 670:  [avg_train_loss=3.5046, avg_seen_mae=1.6976, avg_unseen_mae=1.7515]
    Epoch 671:  [avg_train_loss=3.5046, avg_seen_mae=1.6976, avg_unseen_mae=1.7515]
    Epoch 672:  [avg_train_loss=3.5046, avg_seen_mae=1.6976, avg_unseen_mae=1.7515]
    Epoch 673:  [avg_train_loss=3.5046, avg_seen_mae=1.6976, avg_unseen_mae=1.7515]
    Epoch 674:  [avg_train_loss=3.5046, avg_seen_mae=1.6976, avg_unseen_mae=1.7515]
    Epoch 675:  [avg_train_loss=3.5046, avg_seen_mae=1.6976, avg_unseen_mae=1.7515]
    Epoch 676:  [avg_train_loss=3.5046, avg_seen_mae=1.6976, avg_unseen_mae=1.7515]
    Epoch 677:  [avg_train_loss=3.5046, avg_seen_mae=1.6976, avg_unseen_mae=1.7515]
    Epoch 678:  [avg_train_loss=3.5046, avg_seen_mae=1.6976, avg_unseen_mae=1.7515]
    Epoch 679:  [avg_train_loss=3.5046, avg_seen_mae=1.6976, avg_unseen_mae=1.7515]
    Epoch 680:  [avg_train_loss=3.5046, avg_seen_mae=1.6976, avg_unseen_mae=1.7515]
    Epoch 681:  [avg_train_loss=3.5046, avg_seen_mae=1.6976, avg_unseen_mae=1.7515]
    Epoch 682:  [avg_train_loss=3.5046, avg_seen_mae=1.6976, avg_unseen_mae=1.7515]
    Epoch 683:  [avg_train_loss=3.5046, avg_seen_mae=1.6976, avg_unseen_mae=1.7515]
    Epoch 684:  [avg_train_loss=3.5046, avg_seen_mae=1.6976, avg_unseen_mae=1.7515]
    Epoch 685:  [avg_train_loss=3.5046, avg_seen_mae=1.6976, avg_unseen_mae=1.7515]
    Epoch 686:  [avg_train_loss=3.5046, avg_seen_mae=1.6976, avg_unseen_mae=1.7515]
    Epoch 687:  [avg_train_loss=3.5046, avg_seen_mae=1.6976, avg_unseen_mae=1.7515]
    Epoch 688:  [avg_train_loss=3.5046, avg_seen_mae=1.6976, avg_unseen_mae=1.7515]
    Epoch 689:  [avg_train_loss=3.5046, avg_seen_mae=1.6976, avg_unseen_mae=1.7515]
    Epoch 690:  [avg_train_loss=3.5046, avg_seen_mae=1.6976, avg_unseen_mae=1.7515]
    Epoch 691:  [avg_train_loss=3.5046, avg_seen_mae=1.6976, avg_unseen_mae=1.7515]
    Epoch 692:  [avg_train_loss=3.5046, avg_seen_mae=1.6976, avg_unseen_mae=1.7515]
    Epoch 693:  [avg_train_loss=3.5046, avg_seen_mae=1.6976, avg_unseen_mae=1.7515]
    Epoch 694:  [avg_train_loss=3.5046, avg_seen_mae=1.6976, avg_unseen_mae=1.7515]
    Epoch 695:  [avg_train_loss=3.5046, avg_seen_mae=1.6976, avg_unseen_mae=1.7515]
    Epoch 696:  [avg_train_loss=3.5046, avg_seen_mae=1.6976, avg_unseen_mae=1.7515]
    Epoch 697:  [avg_train_loss=3.5046, avg_seen_mae=1.6976, avg_unseen_mae=1.7515]
    Epoch 698:  [avg_train_loss=3.5046, avg_seen_mae=1.6976, avg_unseen_mae=1.7515]
    Epoch 699:  [avg_train_loss=3.5046, avg_seen_mae=1.6976, avg_unseen_mae=1.7515]
    Epoch 700:  [avg_train_loss=3.5046, avg_seen_mae=1.6976, avg_unseen_mae=1.7515]
    Epoch 701:  [avg_train_loss=3.5046, avg_seen_mae=1.6976, avg_unseen_mae=1.7515]
    Epoch 702:  [avg_train_loss=3.5046, avg_seen_mae=1.6976, avg_unseen_mae=1.7515]
    Epoch 703:  [avg_train_loss=3.5046, avg_seen_mae=1.6976, avg_unseen_mae=1.7515]
    Epoch 704:  [avg_train_loss=3.5046, avg_seen_mae=1.6976, avg_unseen_mae=1.7515]
    Epoch 705:  [avg_train_loss=3.5046, avg_seen_mae=1.6976, avg_unseen_mae=1.7515]
    Epoch 706:  [avg_train_loss=3.5046, avg_seen_mae=1.6976, avg_unseen_mae=1.7515]
    Epoch 707:  [avg_train_loss=3.5046, avg_seen_mae=1.6976, avg_unseen_mae=1.7515]
    Epoch 708:  [avg_train_loss=3.5046, avg_seen_mae=1.6976, avg_unseen_mae=1.7515]
    Epoch 709:  [avg_train_loss=3.5046, avg_seen_mae=1.6976, avg_unseen_mae=1.7515]
    Epoch 710:  [avg_train_loss=3.5046, avg_seen_mae=1.6976, avg_unseen_mae=1.7515]
    Epoch 711:  [avg_train_loss=3.5046, avg_seen_mae=1.6976, avg_unseen_mae=1.7515]
    Epoch 712:  [avg_train_loss=3.5046, avg_seen_mae=1.6976, avg_unseen_mae=1.7515]
    Epoch 713:  [avg_train_loss=3.5046, avg_seen_mae=1.6976, avg_unseen_mae=1.7515]
    Epoch 714:  [avg_train_loss=3.5046, avg_seen_mae=1.6976, avg_unseen_mae=1.7515]
    Epoch 715:  [avg_train_loss=3.5046, avg_seen_mae=1.6976, avg_unseen_mae=1.7515]
    Epoch 716:  [avg_train_loss=3.5046, avg_seen_mae=1.6976, avg_unseen_mae=1.7515]
    Epoch 717:  [avg_train_loss=3.5046, avg_seen_mae=1.6976, avg_unseen_mae=1.7515]
    Epoch 718:  [avg_train_loss=3.5046, avg_seen_mae=1.6976, avg_unseen_mae=1.7515]
    Epoch 719:  [avg_train_loss=3.5046, avg_seen_mae=1.6976, avg_unseen_mae=1.7515]
    Epoch 720:  [avg_train_loss=3.5046, avg_seen_mae=1.6976, avg_unseen_mae=1.7515]
    Epoch 721:  [avg_train_loss=3.5046, avg_seen_mae=1.6976, avg_unseen_mae=1.7515]
    Epoch 722:  [avg_train_loss=3.5046, avg_seen_mae=1.6976, avg_unseen_mae=1.7515]
    Epoch 723:  [avg_train_loss=3.5046, avg_seen_mae=1.6976, avg_unseen_mae=1.7515]
    Epoch 724:  [avg_train_loss=3.5046, avg_seen_mae=1.6976, avg_unseen_mae=1.7515]
    Epoch 725:  [avg_train_loss=3.5046, avg_seen_mae=1.6976, avg_unseen_mae=1.7515]
    Epoch 726:  [avg_train_loss=3.5046, avg_seen_mae=1.6976, avg_unseen_mae=1.7515]
    Epoch 727:  [avg_train_loss=3.5046, avg_seen_mae=1.6976, avg_unseen_mae=1.7515]
    Epoch 728:  [avg_train_loss=3.5046, avg_seen_mae=1.6976, avg_unseen_mae=1.7515]
    Epoch 729:  [avg_train_loss=3.5046, avg_seen_mae=1.6976, avg_unseen_mae=1.7515]
    Epoch 730:  [avg_train_loss=3.5046, avg_seen_mae=1.6976, avg_unseen_mae=1.7515]
    Epoch 731:  [avg_train_loss=3.5046, avg_seen_mae=1.6976, avg_unseen_mae=1.7515]
    Epoch 732:  [avg_train_loss=3.5046, avg_seen_mae=1.6976, avg_unseen_mae=1.7515]
    Epoch 733:  [avg_train_loss=3.5046, avg_seen_mae=1.6976, avg_unseen_mae=1.7515]
    Epoch 734:  [avg_train_loss=3.5046, avg_seen_mae=1.6976, avg_unseen_mae=1.7515]
    Epoch 735:  [avg_train_loss=3.5046, avg_seen_mae=1.6976, avg_unseen_mae=1.7515]
    Epoch 736:  [avg_train_loss=3.5046, avg_seen_mae=1.6976, avg_unseen_mae=1.7515]
    Epoch 737:  [avg_train_loss=3.5046, avg_seen_mae=1.6976, avg_unseen_mae=1.7515]
    Epoch 738:  [avg_train_loss=3.5046, avg_seen_mae=1.6976, avg_unseen_mae=1.7515]
    Epoch 739:  [avg_train_loss=3.5046, avg_seen_mae=1.6976, avg_unseen_mae=1.7515]
    Epoch 740:  [avg_train_loss=3.5046, avg_seen_mae=1.6976, avg_unseen_mae=1.7515]
    Epoch 741:  [avg_train_loss=3.5046, avg_seen_mae=1.6976, avg_unseen_mae=1.7515]
    Epoch 742:  [avg_train_loss=3.5046, avg_seen_mae=1.6976, avg_unseen_mae=1.7515]
    Epoch 743:  [avg_train_loss=3.5046, avg_seen_mae=1.6976, avg_unseen_mae=1.7515]
    Epoch 744:  [avg_train_loss=3.5046, avg_seen_mae=1.6976, avg_unseen_mae=1.7515]
    Epoch 745:  [avg_train_loss=3.5046, avg_seen_mae=1.6976, avg_unseen_mae=1.7515]
    Epoch 746:  [avg_train_loss=3.5046, avg_seen_mae=1.6976, avg_unseen_mae=1.7515]
    Epoch 747:  [avg_train_loss=3.5046, avg_seen_mae=1.6976, avg_unseen_mae=1.7515]
    Epoch 748:  [avg_train_loss=3.5046, avg_seen_mae=1.6976, avg_unseen_mae=1.7515]
    Epoch 749:  [avg_train_loss=3.5046, avg_seen_mae=1.6976, avg_unseen_mae=1.7515]
    Epoch 750:  [avg_train_loss=3.5046, avg_seen_mae=1.6976, avg_unseen_mae=1.7515]
    Epoch 751:  [avg_train_loss=3.5046, avg_seen_mae=1.6976, avg_unseen_mae=1.7515]
    Epoch 752:  [avg_train_loss=3.5046, avg_seen_mae=1.6976, avg_unseen_mae=1.7515]
    Epoch 753:  [avg_train_loss=3.5046, avg_seen_mae=1.6976, avg_unseen_mae=1.7515]
    Epoch 754:  [avg_train_loss=3.5046, avg_seen_mae=1.6976, avg_unseen_mae=1.7515]
    Epoch 755:  [avg_train_loss=3.5046, avg_seen_mae=1.6976, avg_unseen_mae=1.7515]
    Epoch 756:  [avg_train_loss=3.5046, avg_seen_mae=1.6976, avg_unseen_mae=1.7515]
    Epoch 757:  [avg_train_loss=3.5046, avg_seen_mae=1.6976, avg_unseen_mae=1.7515]
    Epoch 758:  [avg_train_loss=3.5046, avg_seen_mae=1.6976, avg_unseen_mae=1.7515]
    Epoch 759:  [avg_train_loss=3.5046, avg_seen_mae=1.6976, avg_unseen_mae=1.7515]
    Epoch 760:  [avg_train_loss=3.5046, avg_seen_mae=1.6976, avg_unseen_mae=1.7515]
    Epoch 761:  [avg_train_loss=3.5046, avg_seen_mae=1.6976, avg_unseen_mae=1.7515]
    Epoch 762:  [avg_train_loss=3.5046, avg_seen_mae=1.6976, avg_unseen_mae=1.7515]
    Epoch 763:  [avg_train_loss=3.5046, avg_seen_mae=1.6976, avg_unseen_mae=1.7515]
    Epoch 764:  [avg_train_loss=3.5046, avg_seen_mae=1.6976, avg_unseen_mae=1.7515]
    Epoch 765:  [avg_train_loss=3.5046, avg_seen_mae=1.6976, avg_unseen_mae=1.7515]
    Epoch 766:  [avg_train_loss=3.5046, avg_seen_mae=1.6976, avg_unseen_mae=1.7515]
    Epoch 767:  [avg_train_loss=3.5046, avg_seen_mae=1.6976, avg_unseen_mae=1.7515]
    Epoch 768:  [avg_train_loss=3.5046, avg_seen_mae=1.6976, avg_unseen_mae=1.7515]
    Epoch 769:  [avg_train_loss=3.5046, avg_seen_mae=1.6976, avg_unseen_mae=1.7515]
    Epoch 770:  [avg_train_loss=3.5046, avg_seen_mae=1.6976, avg_unseen_mae=1.7515]
    Epoch 771:  [avg_train_loss=3.5046, avg_seen_mae=1.6976, avg_unseen_mae=1.7515]
    Epoch 772:  [avg_train_loss=3.5046, avg_seen_mae=1.6976, avg_unseen_mae=1.7515]
    Epoch 773:  [avg_train_loss=3.5046, avg_seen_mae=1.6976, avg_unseen_mae=1.7515]
    Epoch 774:  [avg_train_loss=3.5046, avg_seen_mae=1.6976, avg_unseen_mae=1.7515]
    Epoch 775:  [avg_train_loss=3.5046, avg_seen_mae=1.6976, avg_unseen_mae=1.7515]
    Epoch 776:  [avg_train_loss=3.5046, avg_seen_mae=1.6976, avg_unseen_mae=1.7515]
    Epoch 777:  [avg_train_loss=3.5046, avg_seen_mae=1.6976, avg_unseen_mae=1.7515]
    Epoch 778:  [avg_train_loss=3.5046, avg_seen_mae=1.6976, avg_unseen_mae=1.7515]
    Epoch 779:  [avg_train_loss=3.5046, avg_seen_mae=1.6976, avg_unseen_mae=1.7515]
    Epoch 780:  [avg_train_loss=3.5046, avg_seen_mae=1.6976, avg_unseen_mae=1.7515]
    Epoch 781:  [avg_train_loss=3.5046, avg_seen_mae=1.6976, avg_unseen_mae=1.7515]
    Epoch 782:  [avg_train_loss=3.5046, avg_seen_mae=1.6976, avg_unseen_mae=1.7515]
    Epoch 783:  [avg_train_loss=3.5046, avg_seen_mae=1.6976, avg_unseen_mae=1.7515]
    Epoch 784:  [avg_train_loss=3.5046, avg_seen_mae=1.6976, avg_unseen_mae=1.7515]
    Epoch 785:  [avg_train_loss=3.5046, avg_seen_mae=1.6976, avg_unseen_mae=1.7515]
    Epoch 786:  [avg_train_loss=3.5046, avg_seen_mae=1.6976, avg_unseen_mae=1.7515]
    Epoch 787:  [avg_train_loss=3.5046, avg_seen_mae=1.6976, avg_unseen_mae=1.7515]
    Epoch 788:  [avg_train_loss=3.5046, avg_seen_mae=1.6976, avg_unseen_mae=1.7515]
    Epoch 789:  [avg_train_loss=3.5046, avg_seen_mae=1.6976, avg_unseen_mae=1.7515]
    Epoch 790:  [avg_train_loss=3.5046, avg_seen_mae=1.6976, avg_unseen_mae=1.7515]
    Epoch 791:  [avg_train_loss=3.5046, avg_seen_mae=1.6976, avg_unseen_mae=1.7515]
    Epoch 792:  [avg_train_loss=3.5046, avg_seen_mae=1.6976, avg_unseen_mae=1.7515]
    Epoch 793:  [avg_train_loss=3.5046, avg_seen_mae=1.6976, avg_unseen_mae=1.7515]
    Epoch 794:  [avg_train_loss=3.5046, avg_seen_mae=1.6976, avg_unseen_mae=1.7515]
    Epoch 795:  [avg_train_loss=3.5046, avg_seen_mae=1.6976, avg_unseen_mae=1.7515]
    Epoch 796:  [avg_train_loss=3.5046, avg_seen_mae=1.6976, avg_unseen_mae=1.7515]
    Epoch 797:  [avg_train_loss=3.5046, avg_seen_mae=1.6976, avg_unseen_mae=1.7515]
    Epoch 798:  [avg_train_loss=3.5046, avg_seen_mae=1.6976, avg_unseen_mae=1.7515]
    Epoch 799:  [avg_train_loss=3.5046, avg_seen_mae=1.6976, avg_unseen_mae=1.7515]
    Epoch 800:  [avg_train_loss=3.5046, avg_seen_mae=1.6976, avg_unseen_mae=1.7515]
    Epoch 801:  [avg_train_loss=3.5046, avg_seen_mae=1.6976, avg_unseen_mae=1.7515]
    Epoch 802:  [avg_train_loss=3.5046, avg_seen_mae=1.6976, avg_unseen_mae=1.7515]
    Epoch 803:  [avg_train_loss=3.5046, avg_seen_mae=1.6976, avg_unseen_mae=1.7515]
    Epoch 804:  [avg_train_loss=3.5046, avg_seen_mae=1.6976, avg_unseen_mae=1.7515]
    Epoch 805:  [avg_train_loss=3.5046, avg_seen_mae=1.6976, avg_unseen_mae=1.7515]
    Epoch 806:  [avg_train_loss=3.5046, avg_seen_mae=1.6976, avg_unseen_mae=1.7515]
    Epoch 807:  [avg_train_loss=3.5046, avg_seen_mae=1.6976, avg_unseen_mae=1.7515]
    Epoch 808:  [avg_train_loss=3.5046, avg_seen_mae=1.6976, avg_unseen_mae=1.7515]
    Epoch 809:  [avg_train_loss=3.5046, avg_seen_mae=1.6976, avg_unseen_mae=1.7515]
    Epoch 810:  [avg_train_loss=3.5046, avg_seen_mae=1.6976, avg_unseen_mae=1.7515]
    Epoch 811:  [avg_train_loss=3.5046, avg_seen_mae=1.6976, avg_unseen_mae=1.7515]
    Epoch 812:  [avg_train_loss=3.5046, avg_seen_mae=1.6976, avg_unseen_mae=1.7515]
    Epoch 813:  [avg_train_loss=3.5046, avg_seen_mae=1.6976, avg_unseen_mae=1.7515]
    Epoch 814:  [avg_train_loss=3.5046, avg_seen_mae=1.6976, avg_unseen_mae=1.7515]
    Epoch 815:  [avg_train_loss=3.5046, avg_seen_mae=1.6976, avg_unseen_mae=1.7515]
    Epoch 816:  [avg_train_loss=3.5046, avg_seen_mae=1.6976, avg_unseen_mae=1.7515]
    Epoch 817:  [avg_train_loss=3.5046, avg_seen_mae=1.6976, avg_unseen_mae=1.7515]
    Epoch 818:  [avg_train_loss=3.5046, avg_seen_mae=1.6976, avg_unseen_mae=1.7515]
    Epoch 819:  [avg_train_loss=3.5046, avg_seen_mae=1.6976, avg_unseen_mae=1.7515]
    Epoch 820:  [avg_train_loss=3.5046, avg_seen_mae=1.6976, avg_unseen_mae=1.7515]
    Epoch 821:  [avg_train_loss=3.5046, avg_seen_mae=1.6976, avg_unseen_mae=1.7515]
    Epoch 822:  [avg_train_loss=3.5046, avg_seen_mae=1.6976, avg_unseen_mae=1.7515]
    Epoch 823:  [avg_train_loss=3.5046, avg_seen_mae=1.6976, avg_unseen_mae=1.7515]
    Epoch 824:  [avg_train_loss=3.5046, avg_seen_mae=1.6976, avg_unseen_mae=1.7515]
    Epoch 825:  [avg_train_loss=3.5046, avg_seen_mae=1.6976, avg_unseen_mae=1.7515]
    Epoch 826:  [avg_train_loss=3.5046, avg_seen_mae=1.6976, avg_unseen_mae=1.7515]
    Epoch 827:  [avg_train_loss=3.5046, avg_seen_mae=1.6976, avg_unseen_mae=1.7515]
    Epoch 828:  [avg_train_loss=3.5046, avg_seen_mae=1.6976, avg_unseen_mae=1.7515]
    Epoch 829:  [avg_train_loss=3.5046, avg_seen_mae=1.6976, avg_unseen_mae=1.7515]
    Epoch 830:  [avg_train_loss=3.5046, avg_seen_mae=1.6976, avg_unseen_mae=1.7515]
    Epoch 831:  [avg_train_loss=3.5046, avg_seen_mae=1.6976, avg_unseen_mae=1.7515]
    Epoch 832:  [avg_train_loss=3.5046, avg_seen_mae=1.6976, avg_unseen_mae=1.7515]
    Epoch 833:  [avg_train_loss=3.5046, avg_seen_mae=1.6976, avg_unseen_mae=1.7515]
    Epoch 834:  [avg_train_loss=3.5046, avg_seen_mae=1.6976, avg_unseen_mae=1.7515]
    Epoch 835:  [avg_train_loss=3.5046, avg_seen_mae=1.6976, avg_unseen_mae=1.7515]
    Epoch 836:  [avg_train_loss=3.5046, avg_seen_mae=1.6976, avg_unseen_mae=1.7515]
    Epoch 837:  [avg_train_loss=3.5046, avg_seen_mae=1.6976, avg_unseen_mae=1.7515]
    Epoch 838:  [avg_train_loss=3.5046, avg_seen_mae=1.6976, avg_unseen_mae=1.7515]
    Epoch 839:  [avg_train_loss=3.5046, avg_seen_mae=1.6976, avg_unseen_mae=1.7515]
    Epoch 840:  [avg_train_loss=3.5046, avg_seen_mae=1.6976, avg_unseen_mae=1.7515]
    Epoch 841:  [avg_train_loss=3.5046, avg_seen_mae=1.6976, avg_unseen_mae=1.7515]
    Epoch 842:  [avg_train_loss=3.5046, avg_seen_mae=1.6976, avg_unseen_mae=1.7515]
    Epoch 843:  [avg_train_loss=3.5046, avg_seen_mae=1.6976, avg_unseen_mae=1.7515]
    Epoch 844:  [avg_train_loss=3.5046, avg_seen_mae=1.6976, avg_unseen_mae=1.7515]
    Epoch 845:  [avg_train_loss=3.5046, avg_seen_mae=1.6976, avg_unseen_mae=1.7515]
    Epoch 846:  [avg_train_loss=3.5046, avg_seen_mae=1.6976, avg_unseen_mae=1.7515]
    Epoch 847:  [avg_train_loss=3.5046, avg_seen_mae=1.6976, avg_unseen_mae=1.7515]
    Epoch 848:  [avg_train_loss=3.5046, avg_seen_mae=1.6976, avg_unseen_mae=1.7515]
    Epoch 849:  [avg_train_loss=3.5046, avg_seen_mae=1.6976, avg_unseen_mae=1.7515]
    Epoch 850:  [avg_train_loss=3.5046, avg_seen_mae=1.6976, avg_unseen_mae=1.7515]
    Epoch 851:  [avg_train_loss=3.5046, avg_seen_mae=1.6976, avg_unseen_mae=1.7515]
    Epoch 852:  [avg_train_loss=3.5046, avg_seen_mae=1.6976, avg_unseen_mae=1.7515]
    Epoch 853:  [avg_train_loss=3.5046, avg_seen_mae=1.6976, avg_unseen_mae=1.7515]
    Epoch 854:  [avg_train_loss=3.5046, avg_seen_mae=1.6976, avg_unseen_mae=1.7515]
    Epoch 855:  [avg_train_loss=3.5046, avg_seen_mae=1.6976, avg_unseen_mae=1.7515]
    Epoch 856:  [avg_train_loss=3.5046, avg_seen_mae=1.6976, avg_unseen_mae=1.7515]
    Epoch 857:  [avg_train_loss=3.5046, avg_seen_mae=1.6976, avg_unseen_mae=1.7515]
    Epoch 858:  [avg_train_loss=3.5046, avg_seen_mae=1.6976, avg_unseen_mae=1.7515]
    Epoch 859:  [avg_train_loss=3.5046, avg_seen_mae=1.6976, avg_unseen_mae=1.7515]
    Epoch 860:  [avg_train_loss=3.5046, avg_seen_mae=1.6976, avg_unseen_mae=1.7515]
    Epoch 861:  [avg_train_loss=3.5046, avg_seen_mae=1.6976, avg_unseen_mae=1.7515]
    Epoch 862:  [avg_train_loss=3.5046, avg_seen_mae=1.6976, avg_unseen_mae=1.7515]
    Epoch 863:  [avg_train_loss=3.5046, avg_seen_mae=1.6976, avg_unseen_mae=1.7515]
    Epoch 864:  [avg_train_loss=3.5046, avg_seen_mae=1.6976, avg_unseen_mae=1.7515]
    Epoch 865:  [avg_train_loss=3.5046, avg_seen_mae=1.6976, avg_unseen_mae=1.7515]
    Epoch 866:  [avg_train_loss=3.5046, avg_seen_mae=1.6976, avg_unseen_mae=1.7515]
    Epoch 867:  [avg_train_loss=3.5046, avg_seen_mae=1.6976, avg_unseen_mae=1.7515]
    Epoch 868:  [avg_train_loss=3.5046, avg_seen_mae=1.6976, avg_unseen_mae=1.7515]
    Epoch 869:  [avg_train_loss=3.5046, avg_seen_mae=1.6976, avg_unseen_mae=1.7515]
    Epoch 870:  [avg_train_loss=3.5046, avg_seen_mae=1.6976, avg_unseen_mae=1.7515]
    Epoch 871:  [avg_train_loss=3.5046, avg_seen_mae=1.6976, avg_unseen_mae=1.7515]
    Epoch 872:  [avg_train_loss=3.5046, avg_seen_mae=1.6976, avg_unseen_mae=1.7515]
    Epoch 873:  [avg_train_loss=3.5046, avg_seen_mae=1.6976, avg_unseen_mae=1.7515]
    Epoch 874:  [avg_train_loss=3.5046, avg_seen_mae=1.6976, avg_unseen_mae=1.7515]
    Epoch 875:  [avg_train_loss=3.5046, avg_seen_mae=1.6976, avg_unseen_mae=1.7515]
    Epoch 876:  [avg_train_loss=3.5046, avg_seen_mae=1.6976, avg_unseen_mae=1.7515]
    Epoch 877:  [avg_train_loss=3.5046, avg_seen_mae=1.6976, avg_unseen_mae=1.7515]
    Epoch 878:  [avg_train_loss=3.5046, avg_seen_mae=1.6976, avg_unseen_mae=1.7515]
    Epoch 879:  [avg_train_loss=3.5046, avg_seen_mae=1.6976, avg_unseen_mae=1.7515]
    Epoch 880:  [avg_train_loss=3.5046, avg_seen_mae=1.6976, avg_unseen_mae=1.7515]
    Epoch 881:  [avg_train_loss=3.5046, avg_seen_mae=1.6976, avg_unseen_mae=1.7515]
    Epoch 882:  [avg_train_loss=3.5046, avg_seen_mae=1.6976, avg_unseen_mae=1.7515]
    Epoch 883:  [avg_train_loss=3.5046, avg_seen_mae=1.6976, avg_unseen_mae=1.7515]
    Epoch 884:  [avg_train_loss=3.5046, avg_seen_mae=1.6976, avg_unseen_mae=1.7515]
    Epoch 885:  [avg_train_loss=3.5046, avg_seen_mae=1.6976, avg_unseen_mae=1.7515]
    Epoch 886:  [avg_train_loss=3.5046, avg_seen_mae=1.6976, avg_unseen_mae=1.7515]
    Epoch 887:  [avg_train_loss=3.5046, avg_seen_mae=1.6976, avg_unseen_mae=1.7515]
    Epoch 888:  [avg_train_loss=3.5046, avg_seen_mae=1.6976, avg_unseen_mae=1.7515]
    Epoch 889:  [avg_train_loss=3.5046, avg_seen_mae=1.6976, avg_unseen_mae=1.7515]
    Epoch 890:  [avg_train_loss=3.5046, avg_seen_mae=1.6976, avg_unseen_mae=1.7515]
    Epoch 891:  [avg_train_loss=3.5046, avg_seen_mae=1.6976, avg_unseen_mae=1.7515]
    Epoch 892:  [avg_train_loss=3.5046, avg_seen_mae=1.6976, avg_unseen_mae=1.7515]
    Epoch 893:  [avg_train_loss=3.5046, avg_seen_mae=1.6976, avg_unseen_mae=1.7515]
    Epoch 894:  [avg_train_loss=3.5046, avg_seen_mae=1.6976, avg_unseen_mae=1.7515]
    Epoch 895:  [avg_train_loss=3.5046, avg_seen_mae=1.6976, avg_unseen_mae=1.7515]
    Epoch 896:  [avg_train_loss=3.5046, avg_seen_mae=1.6976, avg_unseen_mae=1.7515]
    Epoch 897:  [avg_train_loss=3.5046, avg_seen_mae=1.6976, avg_unseen_mae=1.7515]
    Epoch 898:  [avg_train_loss=3.5046, avg_seen_mae=1.6976, avg_unseen_mae=1.7515]
    Epoch 899:  [avg_train_loss=3.5046, avg_seen_mae=1.6976, avg_unseen_mae=1.7515]
    Epoch 900:  [avg_train_loss=3.5046, avg_seen_mae=1.6976, avg_unseen_mae=1.7515]
    Epoch 901:  [avg_train_loss=3.5046, avg_seen_mae=1.6976, avg_unseen_mae=1.7515]
    Epoch 902:  [avg_train_loss=3.5046, avg_seen_mae=1.6976, avg_unseen_mae=1.7515]
    Epoch 903:  [avg_train_loss=3.5046, avg_seen_mae=1.6976, avg_unseen_mae=1.7515]
    Epoch 904:  [avg_train_loss=3.5046, avg_seen_mae=1.6976, avg_unseen_mae=1.7515]
    Epoch 905:  [avg_train_loss=3.5046, avg_seen_mae=1.6976, avg_unseen_mae=1.7515]
    Epoch 906:  [avg_train_loss=3.5046, avg_seen_mae=1.6976, avg_unseen_mae=1.7515]
    Epoch 907:  [avg_train_loss=3.5046, avg_seen_mae=1.6976, avg_unseen_mae=1.7515]
    Epoch 908:  [avg_train_loss=3.5046, avg_seen_mae=1.6976, avg_unseen_mae=1.7515]
    Epoch 909:  [avg_train_loss=3.5046, avg_seen_mae=1.6976, avg_unseen_mae=1.7515]
    Epoch 910:  [avg_train_loss=3.5046, avg_seen_mae=1.6976, avg_unseen_mae=1.7515]
    Epoch 911:  [avg_train_loss=3.5046, avg_seen_mae=1.6976, avg_unseen_mae=1.7515]
    Epoch 912:  [avg_train_loss=3.5046, avg_seen_mae=1.6976, avg_unseen_mae=1.7515]
    Epoch 913:  [avg_train_loss=3.5046, avg_seen_mae=1.6976, avg_unseen_mae=1.7515]
    Epoch 914:  [avg_train_loss=3.5046, avg_seen_mae=1.6976, avg_unseen_mae=1.7515]
    Epoch 915:  [avg_train_loss=3.5046, avg_seen_mae=1.6976, avg_unseen_mae=1.7515]
    Epoch 916:  [avg_train_loss=3.5046, avg_seen_mae=1.6976, avg_unseen_mae=1.7515]
    Epoch 917:  [avg_train_loss=3.5046, avg_seen_mae=1.6976, avg_unseen_mae=1.7515]
    Epoch 918:  [avg_train_loss=3.5046, avg_seen_mae=1.6976, avg_unseen_mae=1.7515]
    Epoch 919:  [avg_train_loss=3.5046, avg_seen_mae=1.6976, avg_unseen_mae=1.7515]
    Epoch 920:  [avg_train_loss=3.5046, avg_seen_mae=1.6976, avg_unseen_mae=1.7515]
    Epoch 921:  [avg_train_loss=3.5046, avg_seen_mae=1.6976, avg_unseen_mae=1.7515]
    Epoch 922:  [avg_train_loss=3.5046, avg_seen_mae=1.6976, avg_unseen_mae=1.7515]
    Epoch 923:  [avg_train_loss=3.5046, avg_seen_mae=1.6976, avg_unseen_mae=1.7515]
    Epoch 924:  [avg_train_loss=3.5046, avg_seen_mae=1.6976, avg_unseen_mae=1.7515]
    Epoch 925:  [avg_train_loss=3.5046, avg_seen_mae=1.6976, avg_unseen_mae=1.7515]
    Epoch 926:  [avg_train_loss=3.5046, avg_seen_mae=1.6976, avg_unseen_mae=1.7515]
    Epoch 927:  [avg_train_loss=3.5046, avg_seen_mae=1.6976, avg_unseen_mae=1.7515]
    Epoch 928:  [avg_train_loss=3.5046, avg_seen_mae=1.6976, avg_unseen_mae=1.7515]
    Epoch 929:  [avg_train_loss=3.5046, avg_seen_mae=1.6976, avg_unseen_mae=1.7515]
    Epoch 930:  [avg_train_loss=3.5046, avg_seen_mae=1.6976, avg_unseen_mae=1.7515]
    Epoch 931:  [avg_train_loss=3.5046, avg_seen_mae=1.6976, avg_unseen_mae=1.7515]
    Epoch 932:  [avg_train_loss=3.5046, avg_seen_mae=1.6976, avg_unseen_mae=1.7515]
    Epoch 933:  [avg_train_loss=3.5046, avg_seen_mae=1.6976, avg_unseen_mae=1.7515]
    Epoch 934:  [avg_train_loss=3.5046, avg_seen_mae=1.6976, avg_unseen_mae=1.7515]
    Epoch 935:  [avg_train_loss=3.5046, avg_seen_mae=1.6976, avg_unseen_mae=1.7515]
    Epoch 936:  [avg_train_loss=3.5046, avg_seen_mae=1.6976, avg_unseen_mae=1.7515]
    Epoch 937:  [avg_train_loss=3.5046, avg_seen_mae=1.6976, avg_unseen_mae=1.7515]
    Epoch 938:  [avg_train_loss=3.5046, avg_seen_mae=1.6976, avg_unseen_mae=1.7515]
    Epoch 939:  [avg_train_loss=3.5046, avg_seen_mae=1.6976, avg_unseen_mae=1.7515]
    Epoch 940:  [avg_train_loss=3.5046, avg_seen_mae=1.6976, avg_unseen_mae=1.7515]
    Epoch 941:  [avg_train_loss=3.5046, avg_seen_mae=1.6976, avg_unseen_mae=1.7515]
    Epoch 942:  [avg_train_loss=3.5046, avg_seen_mae=1.6976, avg_unseen_mae=1.7515]
    Epoch 943:  [avg_train_loss=3.5046, avg_seen_mae=1.6976, avg_unseen_mae=1.7515]
    Epoch 944:  [avg_train_loss=3.5046, avg_seen_mae=1.6976, avg_unseen_mae=1.7515]
    Epoch 945:  [avg_train_loss=3.5046, avg_seen_mae=1.6976, avg_unseen_mae=1.7515]
    Epoch 946:  [avg_train_loss=3.5046, avg_seen_mae=1.6976, avg_unseen_mae=1.7515]
    Epoch 947:  [avg_train_loss=3.5046, avg_seen_mae=1.6976, avg_unseen_mae=1.7515]
    Epoch 948:  [avg_train_loss=3.5046, avg_seen_mae=1.6976, avg_unseen_mae=1.7515]
    Epoch 949:  [avg_train_loss=3.5046, avg_seen_mae=1.6976, avg_unseen_mae=1.7515]
    Epoch 950:  [avg_train_loss=3.5046, avg_seen_mae=1.6976, avg_unseen_mae=1.7515]
    Epoch 951:  [avg_train_loss=3.5046, avg_seen_mae=1.6976, avg_unseen_mae=1.7515]
    Epoch 952:  [avg_train_loss=3.5046, avg_seen_mae=1.6976, avg_unseen_mae=1.7515]
    Epoch 953:  [avg_train_loss=3.5046, avg_seen_mae=1.6976, avg_unseen_mae=1.7515]
    Epoch 954:  [avg_train_loss=3.5046, avg_seen_mae=1.6976, avg_unseen_mae=1.7515]
    Epoch 955:  [avg_train_loss=3.5046, avg_seen_mae=1.6976, avg_unseen_mae=1.7515]
    Epoch 956:  [avg_train_loss=3.5046, avg_seen_mae=1.6976, avg_unseen_mae=1.7515]
    Epoch 957:  [avg_train_loss=3.5046, avg_seen_mae=1.6976, avg_unseen_mae=1.7515]
    Epoch 958:  [avg_train_loss=3.5046, avg_seen_mae=1.6976, avg_unseen_mae=1.7515]
    Epoch 959:  [avg_train_loss=3.5046, avg_seen_mae=1.6976, avg_unseen_mae=1.7515]
    Epoch 960:  [avg_train_loss=3.5046, avg_seen_mae=1.6976, avg_unseen_mae=1.7515]
    Epoch 961:  [avg_train_loss=3.5046, avg_seen_mae=1.6976, avg_unseen_mae=1.7515]
    Epoch 962:  [avg_train_loss=3.5046, avg_seen_mae=1.6976, avg_unseen_mae=1.7515]
    Epoch 963:  [avg_train_loss=3.5046, avg_seen_mae=1.6976, avg_unseen_mae=1.7515]
    Epoch 964:  [avg_train_loss=3.5046, avg_seen_mae=1.6976, avg_unseen_mae=1.7515]
    Epoch 965:  [avg_train_loss=3.5046, avg_seen_mae=1.6976, avg_unseen_mae=1.7515]
    Epoch 966:  [avg_train_loss=3.5046, avg_seen_mae=1.6976, avg_unseen_mae=1.7515]
    Epoch 967:  [avg_train_loss=3.5046, avg_seen_mae=1.6976, avg_unseen_mae=1.7515]
    Epoch 968:  [avg_train_loss=3.5046, avg_seen_mae=1.6976, avg_unseen_mae=1.7515]
    Epoch 969:  [avg_train_loss=3.5046, avg_seen_mae=1.6976, avg_unseen_mae=1.7515]
    Epoch 970:  [avg_train_loss=3.5046, avg_seen_mae=1.6976, avg_unseen_mae=1.7515]
    Epoch 971:  [avg_train_loss=3.5046, avg_seen_mae=1.6976, avg_unseen_mae=1.7515]
    Epoch 972:  [avg_train_loss=3.5046, avg_seen_mae=1.6976, avg_unseen_mae=1.7515]
    Epoch 973:  [avg_train_loss=3.5046, avg_seen_mae=1.6976, avg_unseen_mae=1.7515]
    Epoch 974:  [avg_train_loss=3.5046, avg_seen_mae=1.6976, avg_unseen_mae=1.7515]
    Epoch 975:  [avg_train_loss=3.5046, avg_seen_mae=1.6976, avg_unseen_mae=1.7515]
    Epoch 976:  [avg_train_loss=3.5046, avg_seen_mae=1.6976, avg_unseen_mae=1.7515]
    Epoch 977:  [avg_train_loss=3.5046, avg_seen_mae=1.6976, avg_unseen_mae=1.7515]
    Epoch 978:  [avg_train_loss=3.5046, avg_seen_mae=1.6976, avg_unseen_mae=1.7515]
    Epoch 979:  [avg_train_loss=3.5046, avg_seen_mae=1.6976, avg_unseen_mae=1.7515]
    Epoch 980:  [avg_train_loss=3.5046, avg_seen_mae=1.6976, avg_unseen_mae=1.7515]
    Epoch 981:  [avg_train_loss=3.5046, avg_seen_mae=1.6976, avg_unseen_mae=1.7515]
    Epoch 982:  [avg_train_loss=3.5046, avg_seen_mae=1.6976, avg_unseen_mae=1.7515]
    Epoch 983:  [avg_train_loss=3.5046, avg_seen_mae=1.6976, avg_unseen_mae=1.7515]
    Epoch 984:  [avg_train_loss=3.5046, avg_seen_mae=1.6976, avg_unseen_mae=1.7515]
    Epoch 985:  [avg_train_loss=3.5046, avg_seen_mae=1.6976, avg_unseen_mae=1.7515]
    Epoch 986:  [avg_train_loss=3.5046, avg_seen_mae=1.6976, avg_unseen_mae=1.7515]
    Epoch 987:  [avg_train_loss=3.5046, avg_seen_mae=1.6976, avg_unseen_mae=1.7515]
    Epoch 988:  [avg_train_loss=3.5046, avg_seen_mae=1.6976, avg_unseen_mae=1.7515]
    Epoch 989:  [avg_train_loss=3.5046, avg_seen_mae=1.6976, avg_unseen_mae=1.7515]
    Epoch 990:  [avg_train_loss=3.5046, avg_seen_mae=1.6976, avg_unseen_mae=1.7515]
    Epoch 991:  [avg_train_loss=3.5046, avg_seen_mae=1.6976, avg_unseen_mae=1.7515]
    Epoch 992:  [avg_train_loss=3.5046, avg_seen_mae=1.6976, avg_unseen_mae=1.7515]
    Epoch 993:  [avg_train_loss=3.5046, avg_seen_mae=1.6976, avg_unseen_mae=1.7515]
    Epoch 994:  [avg_train_loss=3.5046, avg_seen_mae=1.6976, avg_unseen_mae=1.7515]
    Epoch 995:  [avg_train_loss=3.5046, avg_seen_mae=1.6976, avg_unseen_mae=1.7515]
    Epoch 996:  [avg_train_loss=3.5046, avg_seen_mae=1.6976, avg_unseen_mae=1.7515]
    Epoch 997:  [avg_train_loss=3.5046, avg_seen_mae=1.6976, avg_unseen_mae=1.7515]
    Epoch 998:  [avg_train_loss=3.5046, avg_seen_mae=1.6976, avg_unseen_mae=1.7515]
    Epoch 999:  [avg_train_loss=3.5046, avg_seen_mae=1.6976, avg_unseen_mae=1.7515]
    Epoch 1000:  [avg_train_loss=3.5046, avg_seen_mae=1.6976, avg_unseen_mae=1.7515]
  [AGGREGATED_CURVES_END]


==================================================
  Experiment: Withholding m=10 stations
==================================================
  Running 10 iterations for m=10...

  --- Iteration 1/10 ---
  Unseen stations (10): ['0-20000-0-06278', '0-20000-0-06279', '0-20000-0-06280', '0-20000-0-06286', '0-20000-0-06290', '0-20000-0-06310', '0-20000-0-06344', '0-20000-0-06356', '0-20000-0-06370', '0-20000-0-06380']
  [Time Est] ~16.0s/epoch. ETA for m=10: ~53.4 mins.
    Epoch   10/1000 | Loss: 3.4859 | Monitor MAE: 1.8206 | Patience: 5/10
    Epoch   20/1000 | Loss: 3.4463 | Monitor MAE: 1.7956 | Patience: 1/10
    Epoch   30/1000 | Loss: 3.4232 | Monitor MAE: 1.7778 | Patience: 0/10
    Epoch   40/1000 | Loss: 3.3949 | Monitor MAE: 1.7705 | Patience: 3/10
    Early stopping triggered after 46 epochs.
    Iter 1 Results -> Seen MAE: 1.6163 | Unseen MAE: 1.7625

  --- Iteration 2/10 ---
  Unseen stations (10): ['0-20000-0-06260', '0-20000-0-06275', '0-20000-0-06279', '0-20000-0-06283', '0-20000-0-06310', '0-20000-0-06330', '0-20000-0-06344', '0-20000-0-06350', '0-20000-0-06356', '0-20000-0-06370']
    Epoch   10/1000 | Loss: 3.5110 | Monitor MAE: 1.7815 | Patience: 0/10
    Epoch   20/1000 | Loss: 3.4750 | Monitor MAE: 1.7738 | Patience: 2/10
    Epoch   30/1000 | Loss: 3.4528 | Monitor MAE: 1.7610 | Patience: 7/10
    Epoch   40/1000 | Loss: 3.4346 | Monitor MAE: 1.7438 | Patience: 1/10
    Epoch   50/1000 | Loss: 3.4186 | Monitor MAE: 1.7506 | Patience: 5/10
    Epoch   60/1000 | Loss: 3.4090 | Monitor MAE: 1.7381 | Patience: 6/10
    Epoch   70/1000 | Loss: 3.3944 | Monitor MAE: 1.7341 | Patience: 3/10
    Epoch   80/1000 | Loss: 3.3907 | Monitor MAE: 1.7366 | Patience: 7/10
    Epoch   90/1000 | Loss: 3.3793 | Monitor MAE: 1.7423 | Patience: 2/10
    Early stopping triggered after 97 epochs.
    Iter 2 Results -> Seen MAE: 1.5946 | Unseen MAE: 1.7190

  --- Iteration 3/10 ---
  Unseen stations (10): ['0-20000-0-06235', '0-20000-0-06269', '0-20000-0-06273', '0-20000-0-06275', '0-20000-0-06280', '0-20000-0-06283', '0-20000-0-06286', '0-20000-0-06330', '0-20000-0-06348', '0-20000-0-06375']
    Epoch   10/1000 | Loss: 3.5468 | Monitor MAE: 1.7936 | Patience: 3/10
    Epoch   20/1000 | Loss: 3.4973 | Monitor MAE: 1.7711 | Patience: 0/10
    Epoch   30/1000 | Loss: 3.4767 | Monitor MAE: 1.7786 | Patience: 3/10
    Epoch   40/1000 | Loss: 3.4654 | Monitor MAE: 1.7434 | Patience: 7/10
    Epoch   50/1000 | Loss: 3.4506 | Monitor MAE: 1.7396 | Patience: 6/10
    Early stopping triggered after 53 epochs.
    Iter 3 Results -> Seen MAE: 1.6582 | Unseen MAE: 1.7308

  --- Iteration 4/10 ---
  Unseen stations (10): ['0-20000-0-06235', '0-20000-0-06270', '0-20000-0-06278', '0-20000-0-06279', '0-20000-0-06283', '0-20000-0-06286', '0-20000-0-06344', '0-20000-0-06350', '0-20000-0-06356', '0-20000-0-06370']
    Epoch   10/1000 | Loss: 3.5033 | Monitor MAE: 1.7846 | Patience: 0/10
    Epoch   20/1000 | Loss: 3.4699 | Monitor MAE: 1.7586 | Patience: 0/10
    Epoch   30/1000 | Loss: 3.4605 | Monitor MAE: 1.7580 | Patience: 9/10
    Epoch   40/1000 | Loss: 3.4334 | Monitor MAE: 1.7365 | Patience: 0/10
    Epoch   50/1000 | Loss: 3.4223 | Monitor MAE: 1.7256 | Patience: 1/10
    Epoch   60/1000 | Loss: 3.4008 | Monitor MAE: 1.7352 | Patience: 9/10
    Early stopping triggered after 60 epochs.
    Iter 4 Results -> Seen MAE: 1.6587 | Unseen MAE: 1.7256

  --- Iteration 5/10 ---
  Unseen stations (10): ['0-20000-0-06269', '0-20000-0-06270', '0-20000-0-06280', '0-20000-0-06283', '0-20000-0-06290', '0-20000-0-06320', '0-20000-0-06330', '0-20000-0-06344', '0-20000-0-06348', '0-20000-0-06356']
    Epoch   10/1000 | Loss: 3.6126 | Monitor MAE: 1.7803 | Patience: 0/10
    Epoch   20/1000 | Loss: 3.5786 | Monitor MAE: 1.7512 | Patience: 0/10
    Epoch   30/1000 | Loss: 3.5560 | Monitor MAE: 1.7487 | Patience: 0/10
    Epoch   40/1000 | Loss: 3.5377 | Monitor MAE: 1.7145 | Patience: 1/10
    Epoch   50/1000 | Loss: 3.5275 | Monitor MAE: 1.7180 | Patience: 5/10
    Early stopping triggered after 54 epochs.
    Iter 5 Results -> Seen MAE: 1.7079 | Unseen MAE: 1.7102

  --- Iteration 6/10 ---
  Unseen stations (10): ['0-20000-0-06240', '0-20000-0-06275', '0-20000-0-06279', '0-20000-0-06280', '0-20000-0-06290', '0-20000-0-06320', '0-20000-0-06330', '0-20000-0-06348', '0-20000-0-06356', '0-20000-0-06370']
    Epoch   10/1000 | Loss: 3.5522 | Monitor MAE: 1.8275 | Patience: 2/10
    Epoch   20/1000 | Loss: 3.5133 | Monitor MAE: 1.8012 | Patience: 1/10
    Epoch   30/1000 | Loss: 3.4959 | Monitor MAE: 1.7851 | Patience: 6/10
    Early stopping triggered after 33 epochs.
    Iter 6 Results -> Seen MAE: 1.7143 | Unseen MAE: 1.7765

  --- Iteration 7/10 ---
  Unseen stations (10): ['0-20000-0-06235', '0-20000-0-06270', '0-20000-0-06275', '0-20000-0-06279', '0-20000-0-06286', '0-20000-0-06290', '0-20000-0-06330', '0-20000-0-06344', '0-20000-0-06370', '0-20000-0-06380']
    Epoch   10/1000 | Loss: 3.5312 | Monitor MAE: 1.8124 | Patience: 0/10
    Epoch   20/1000 | Loss: 3.4990 | Monitor MAE: 1.8344 | Patience: 4/10
    Early stopping triggered after 25 epochs.
    Iter 7 Results -> Seen MAE: 1.6981 | Unseen MAE: 1.7953

  --- Iteration 8/10 ---
  Unseen stations (10): ['0-20000-0-06235', '0-20000-0-06260', '0-20000-0-06273', '0-20000-0-06275', '0-20000-0-06290', '0-20000-0-06320', '0-20000-0-06350', '0-20000-0-06356', '0-20000-0-06370', '0-20000-0-06375']
    Epoch   10/1000 | Loss: 3.5340 | Monitor MAE: 1.7984 | Patience: 0/10
    Epoch   20/1000 | Loss: 3.4873 | Monitor MAE: 1.7673 | Patience: 3/10
    Epoch   30/1000 | Loss: 3.4769 | Monitor MAE: 1.7809 | Patience: 7/10
    Early stopping triggered after 32 epochs.
    Iter 8 Results -> Seen MAE: 1.6965 | Unseen MAE: 1.7474

  --- Iteration 9/10 ---
  Unseen stations (10): ['0-20000-0-06260', '0-20000-0-06269', '0-20000-0-06270', '0-20000-0-06273', '0-20000-0-06283', '0-20000-0-06290', '0-20000-0-06310', '0-20000-0-06348', '0-20000-0-06350', '0-20000-0-06380']
    Epoch   10/1000 | Loss: 3.5551 | Monitor MAE: 1.8014 | Patience: 0/10
    Epoch   20/1000 | Loss: 3.5230 | Monitor MAE: 1.7763 | Patience: 3/10
    Early stopping triggered after 26 epochs.
    Iter 9 Results -> Seen MAE: 1.6992 | Unseen MAE: 1.7620

  --- Iteration 10/10 ---
  Unseen stations (10): ['0-20000-0-06235', '0-20000-0-06278', '0-20000-0-06279', '0-20000-0-06280', '0-20000-0-06286', '0-20000-0-06310', '0-20000-0-06320', '0-20000-0-06330', '0-20000-0-06370', '0-20000-0-06375']
    Epoch   10/1000 | Loss: 3.6616 | Monitor MAE: 1.8066 | Patience: 7/10
    Epoch   20/1000 | Loss: 3.6310 | Monitor MAE: 1.7922 | Patience: 8/10
    Early stopping triggered after 21 epochs.
    Iter 10 Results -> Seen MAE: 1.7588 | Unseen MAE: 1.7858

  ========================================
  AGGREGATED RESULTS (Across all iterations)
  SEEN   mean MAE Tmax: 1.6803
  UNSEEN mean MAE Tmax: 1.7515 ± 0.0280
  Degradation: 0.0712 °C
  ========================================

  [AGGREGATED_CURVES_START]
    Epoch 1:  [avg_train_loss=3.7302, avg_seen_mae=1.8105, avg_unseen_mae=1.8429]
    Epoch 2:  [avg_train_loss=3.6405, avg_seen_mae=1.7841, avg_unseen_mae=1.8242]
    Epoch 3:  [avg_train_loss=3.6126, avg_seen_mae=1.7757, avg_unseen_mae=1.8232]
    Epoch 4:  [avg_train_loss=3.5941, avg_seen_mae=1.7665, avg_unseen_mae=1.8221]
    Epoch 5:  [avg_train_loss=3.5842, avg_seen_mae=1.7589, avg_unseen_mae=1.8206]
    Epoch 6:  [avg_train_loss=3.5732, avg_seen_mae=1.7535, avg_unseen_mae=1.8181]
    Epoch 7:  [avg_train_loss=3.5665, avg_seen_mae=1.7458, avg_unseen_mae=1.8082]
    Epoch 8:  [avg_train_loss=3.5597, avg_seen_mae=1.7393, avg_unseen_mae=1.8074]
    Epoch 9:  [avg_train_loss=3.5537, avg_seen_mae=1.7350, avg_unseen_mae=1.8025]
    Epoch 10:  [avg_train_loss=3.5494, avg_seen_mae=1.7304, avg_unseen_mae=1.8007]
    Epoch 11:  [avg_train_loss=3.5439, avg_seen_mae=1.7266, avg_unseen_mae=1.7962]
    Epoch 12:  [avg_train_loss=3.5403, avg_seen_mae=1.7265, avg_unseen_mae=1.7935]
    Epoch 13:  [avg_train_loss=3.5332, avg_seen_mae=1.7217, avg_unseen_mae=1.7950]
    Epoch 14:  [avg_train_loss=3.5316, avg_seen_mae=1.7215, avg_unseen_mae=1.7956]
    Epoch 15:  [avg_train_loss=3.5292, avg_seen_mae=1.7157, avg_unseen_mae=1.7889]
    Epoch 16:  [avg_train_loss=3.5260, avg_seen_mae=1.7150, avg_unseen_mae=1.7909]
    Epoch 17:  [avg_train_loss=3.5229, avg_seen_mae=1.7121, avg_unseen_mae=1.7859]
    Epoch 18:  [avg_train_loss=3.5198, avg_seen_mae=1.7114, avg_unseen_mae=1.7897]
    Epoch 19:  [avg_train_loss=3.5168, avg_seen_mae=1.7056, avg_unseen_mae=1.7802]
    Epoch 20:  [avg_train_loss=3.5121, avg_seen_mae=1.7092, avg_unseen_mae=1.7822]
    Epoch 21:  [avg_train_loss=3.5108, avg_seen_mae=1.7085, avg_unseen_mae=1.7880]
    Epoch 22:  [avg_train_loss=3.5089, avg_seen_mae=1.6976, avg_unseen_mae=1.7761]
    Epoch 23:  [avg_train_loss=3.5066, avg_seen_mae=1.7046, avg_unseen_mae=1.7804]
    Epoch 24:  [avg_train_loss=3.5045, avg_seen_mae=1.6998, avg_unseen_mae=1.7801]
    Epoch 25:  [avg_train_loss=3.5003, avg_seen_mae=1.7004, avg_unseen_mae=1.7823]
    Epoch 26:  [avg_train_loss=3.5000, avg_seen_mae=1.6961, avg_unseen_mae=1.7749]
    Epoch 27:  [avg_train_loss=3.4982, avg_seen_mae=1.6943, avg_unseen_mae=1.7769]
    Epoch 28:  [avg_train_loss=3.4979, avg_seen_mae=1.6983, avg_unseen_mae=1.7819]
    Epoch 29:  [avg_train_loss=3.4967, avg_seen_mae=1.6911, avg_unseen_mae=1.7752]
    Epoch 30:  [avg_train_loss=3.4969, avg_seen_mae=1.6962, avg_unseen_mae=1.7780]
    Epoch 31:  [avg_train_loss=3.4931, avg_seen_mae=1.6927, avg_unseen_mae=1.7761]
    Epoch 32:  [avg_train_loss=3.4921, avg_seen_mae=1.6879, avg_unseen_mae=1.7722]
    Epoch 33:  [avg_train_loss=3.4911, avg_seen_mae=1.6909, avg_unseen_mae=1.7723]
    Epoch 34:  [avg_train_loss=3.4901, avg_seen_mae=1.6915, avg_unseen_mae=1.7710]
    Epoch 35:  [avg_train_loss=3.4917, avg_seen_mae=1.6888, avg_unseen_mae=1.7709]
    Epoch 36:  [avg_train_loss=3.4900, avg_seen_mae=1.6865, avg_unseen_mae=1.7723]
    Epoch 37:  [avg_train_loss=3.4872, avg_seen_mae=1.6885, avg_unseen_mae=1.7688]
    Epoch 38:  [avg_train_loss=3.4871, avg_seen_mae=1.6838, avg_unseen_mae=1.7692]
    Epoch 39:  [avg_train_loss=3.4868, avg_seen_mae=1.6820, avg_unseen_mae=1.7662]
    Epoch 40:  [avg_train_loss=3.4844, avg_seen_mae=1.6828, avg_unseen_mae=1.7644]
    Epoch 41:  [avg_train_loss=3.4836, avg_seen_mae=1.6811, avg_unseen_mae=1.7671]
    Epoch 42:  [avg_train_loss=3.4834, avg_seen_mae=1.6864, avg_unseen_mae=1.7702]
    Epoch 43:  [avg_train_loss=3.4830, avg_seen_mae=1.6837, avg_unseen_mae=1.7659]
    Epoch 44:  [avg_train_loss=3.4810, avg_seen_mae=1.6823, avg_unseen_mae=1.7648]
    Epoch 45:  [avg_train_loss=3.4806, avg_seen_mae=1.6859, avg_unseen_mae=1.7669]
    Epoch 46:  [avg_train_loss=3.4812, avg_seen_mae=1.6802, avg_unseen_mae=1.7666]
    Epoch 47:  [avg_train_loss=3.4822, avg_seen_mae=1.6786, avg_unseen_mae=1.7645]
    Epoch 48:  [avg_train_loss=3.4787, avg_seen_mae=1.6798, avg_unseen_mae=1.7656]
    Epoch 49:  [avg_train_loss=3.4776, avg_seen_mae=1.6787, avg_unseen_mae=1.7661]
    Epoch 50:  [avg_train_loss=3.4782, avg_seen_mae=1.6791, avg_unseen_mae=1.7642]
    Epoch 51:  [avg_train_loss=3.4767, avg_seen_mae=1.6797, avg_unseen_mae=1.7653]
    Epoch 52:  [avg_train_loss=3.4763, avg_seen_mae=1.6784, avg_unseen_mae=1.7655]
    Epoch 53:  [avg_train_loss=3.4775, avg_seen_mae=1.6761, avg_unseen_mae=1.7645]
    Epoch 54:  [avg_train_loss=3.4772, avg_seen_mae=1.6753, avg_unseen_mae=1.7631]
    Epoch 55:  [avg_train_loss=3.4768, avg_seen_mae=1.6754, avg_unseen_mae=1.7641]
    Epoch 56:  [avg_train_loss=3.4757, avg_seen_mae=1.6768, avg_unseen_mae=1.7669]
    Epoch 57:  [avg_train_loss=3.4763, avg_seen_mae=1.6748, avg_unseen_mae=1.7647]
    Epoch 58:  [avg_train_loss=3.4759, avg_seen_mae=1.6741, avg_unseen_mae=1.7640]
    Epoch 59:  [avg_train_loss=3.4750, avg_seen_mae=1.6764, avg_unseen_mae=1.7648]
    Epoch 60:  [avg_train_loss=3.4750, avg_seen_mae=1.6748, avg_unseen_mae=1.7637]
    Epoch 61:  [avg_train_loss=3.4749, avg_seen_mae=1.6739, avg_unseen_mae=1.7633]
    Epoch 62:  [avg_train_loss=3.4749, avg_seen_mae=1.6758, avg_unseen_mae=1.7645]
    Epoch 63:  [avg_train_loss=3.4750, avg_seen_mae=1.6739, avg_unseen_mae=1.7630]
    Epoch 64:  [avg_train_loss=3.4747, avg_seen_mae=1.6760, avg_unseen_mae=1.7645]
    Epoch 65:  [avg_train_loss=3.4744, avg_seen_mae=1.6749, avg_unseen_mae=1.7636]
    Epoch 66:  [avg_train_loss=3.4737, avg_seen_mae=1.6734, avg_unseen_mae=1.7628]
    Epoch 67:  [avg_train_loss=3.4741, avg_seen_mae=1.6741, avg_unseen_mae=1.7637]
    Epoch 68:  [avg_train_loss=3.4740, avg_seen_mae=1.6735, avg_unseen_mae=1.7639]
    Epoch 69:  [avg_train_loss=3.4736, avg_seen_mae=1.6730, avg_unseen_mae=1.7630]
    Epoch 70:  [avg_train_loss=3.4735, avg_seen_mae=1.6733, avg_unseen_mae=1.7633]
    Epoch 71:  [avg_train_loss=3.4738, avg_seen_mae=1.6755, avg_unseen_mae=1.7640]
    Epoch 72:  [avg_train_loss=3.4740, avg_seen_mae=1.6728, avg_unseen_mae=1.7626]
    Epoch 73:  [avg_train_loss=3.4736, avg_seen_mae=1.6736, avg_unseen_mae=1.7635]
    Epoch 74:  [avg_train_loss=3.4731, avg_seen_mae=1.6736, avg_unseen_mae=1.7642]
    Epoch 75:  [avg_train_loss=3.4731, avg_seen_mae=1.6737, avg_unseen_mae=1.7634]
    Epoch 76:  [avg_train_loss=3.4737, avg_seen_mae=1.6737, avg_unseen_mae=1.7640]
    Epoch 77:  [avg_train_loss=3.4733, avg_seen_mae=1.6735, avg_unseen_mae=1.7641]
    Epoch 78:  [avg_train_loss=3.4721, avg_seen_mae=1.6742, avg_unseen_mae=1.7651]
    Epoch 79:  [avg_train_loss=3.4733, avg_seen_mae=1.6731, avg_unseen_mae=1.7638]
    Epoch 80:  [avg_train_loss=3.4732, avg_seen_mae=1.6724, avg_unseen_mae=1.7635]
    Epoch 81:  [avg_train_loss=3.4730, avg_seen_mae=1.6726, avg_unseen_mae=1.7629]
    Epoch 82:  [avg_train_loss=3.4721, avg_seen_mae=1.6721, avg_unseen_mae=1.7623]
    Epoch 83:  [avg_train_loss=3.4722, avg_seen_mae=1.6726, avg_unseen_mae=1.7632]
    Epoch 84:  [avg_train_loss=3.4723, avg_seen_mae=1.6733, avg_unseen_mae=1.7635]
    Epoch 85:  [avg_train_loss=3.4720, avg_seen_mae=1.6741, avg_unseen_mae=1.7642]
    Epoch 86:  [avg_train_loss=3.4716, avg_seen_mae=1.6733, avg_unseen_mae=1.7635]
    Epoch 87:  [avg_train_loss=3.4715, avg_seen_mae=1.6721, avg_unseen_mae=1.7618]
    Epoch 88:  [avg_train_loss=3.4714, avg_seen_mae=1.6735, avg_unseen_mae=1.7644]
    Epoch 89:  [avg_train_loss=3.4717, avg_seen_mae=1.6741, avg_unseen_mae=1.7634]
    Epoch 90:  [avg_train_loss=3.4720, avg_seen_mae=1.6724, avg_unseen_mae=1.7641]
    Epoch 91:  [avg_train_loss=3.4715, avg_seen_mae=1.6739, avg_unseen_mae=1.7655]
    Epoch 92:  [avg_train_loss=3.4714, avg_seen_mae=1.6730, avg_unseen_mae=1.7630]
    Epoch 93:  [avg_train_loss=3.4706, avg_seen_mae=1.6728, avg_unseen_mae=1.7634]
    Epoch 94:  [avg_train_loss=3.4715, avg_seen_mae=1.6726, avg_unseen_mae=1.7631]
    Epoch 95:  [avg_train_loss=3.4708, avg_seen_mae=1.6729, avg_unseen_mae=1.7636]
    Epoch 96:  [avg_train_loss=3.4718, avg_seen_mae=1.6728, avg_unseen_mae=1.7621]
    Epoch 97:  [avg_train_loss=3.4711, avg_seen_mae=1.6741, avg_unseen_mae=1.7638]
    Epoch 98:  [avg_train_loss=3.4711, avg_seen_mae=1.6741, avg_unseen_mae=1.7638]
    Epoch 99:  [avg_train_loss=3.4711, avg_seen_mae=1.6741, avg_unseen_mae=1.7638]
    Epoch 100:  [avg_train_loss=3.4711, avg_seen_mae=1.6741, avg_unseen_mae=1.7638]
    Epoch 101:  [avg_train_loss=3.4711, avg_seen_mae=1.6741, avg_unseen_mae=1.7638]
    Epoch 102:  [avg_train_loss=3.4711, avg_seen_mae=1.6741, avg_unseen_mae=1.7638]
    Epoch 103:  [avg_train_loss=3.4711, avg_seen_mae=1.6741, avg_unseen_mae=1.7638]
    Epoch 104:  [avg_train_loss=3.4711, avg_seen_mae=1.6741, avg_unseen_mae=1.7638]
    Epoch 105:  [avg_train_loss=3.4711, avg_seen_mae=1.6741, avg_unseen_mae=1.7638]
    Epoch 106:  [avg_train_loss=3.4711, avg_seen_mae=1.6741, avg_unseen_mae=1.7638]
    Epoch 107:  [avg_train_loss=3.4711, avg_seen_mae=1.6741, avg_unseen_mae=1.7638]
    Epoch 108:  [avg_train_loss=3.4711, avg_seen_mae=1.6741, avg_unseen_mae=1.7638]
    Epoch 109:  [avg_train_loss=3.4711, avg_seen_mae=1.6741, avg_unseen_mae=1.7638]
    Epoch 110:  [avg_train_loss=3.4711, avg_seen_mae=1.6741, avg_unseen_mae=1.7638]
    Epoch 111:  [avg_train_loss=3.4711, avg_seen_mae=1.6741, avg_unseen_mae=1.7638]
    Epoch 112:  [avg_train_loss=3.4711, avg_seen_mae=1.6741, avg_unseen_mae=1.7638]
    Epoch 113:  [avg_train_loss=3.4711, avg_seen_mae=1.6741, avg_unseen_mae=1.7638]
    Epoch 114:  [avg_train_loss=3.4711, avg_seen_mae=1.6741, avg_unseen_mae=1.7638]
    Epoch 115:  [avg_train_loss=3.4711, avg_seen_mae=1.6741, avg_unseen_mae=1.7638]
    Epoch 116:  [avg_train_loss=3.4711, avg_seen_mae=1.6741, avg_unseen_mae=1.7638]
    Epoch 117:  [avg_train_loss=3.4711, avg_seen_mae=1.6741, avg_unseen_mae=1.7638]
    Epoch 118:  [avg_train_loss=3.4711, avg_seen_mae=1.6741, avg_unseen_mae=1.7638]
    Epoch 119:  [avg_train_loss=3.4711, avg_seen_mae=1.6741, avg_unseen_mae=1.7638]
    Epoch 120:  [avg_train_loss=3.4711, avg_seen_mae=1.6741, avg_unseen_mae=1.7638]
    Epoch 121:  [avg_train_loss=3.4711, avg_seen_mae=1.6741, avg_unseen_mae=1.7638]
    Epoch 122:  [avg_train_loss=3.4711, avg_seen_mae=1.6741, avg_unseen_mae=1.7638]
    Epoch 123:  [avg_train_loss=3.4711, avg_seen_mae=1.6741, avg_unseen_mae=1.7638]
    Epoch 124:  [avg_train_loss=3.4711, avg_seen_mae=1.6741, avg_unseen_mae=1.7638]
    Epoch 125:  [avg_train_loss=3.4711, avg_seen_mae=1.6741, avg_unseen_mae=1.7638]
    Epoch 126:  [avg_train_loss=3.4711, avg_seen_mae=1.6741, avg_unseen_mae=1.7638]
    Epoch 127:  [avg_train_loss=3.4711, avg_seen_mae=1.6741, avg_unseen_mae=1.7638]
    Epoch 128:  [avg_train_loss=3.4711, avg_seen_mae=1.6741, avg_unseen_mae=1.7638]
    Epoch 129:  [avg_train_loss=3.4711, avg_seen_mae=1.6741, avg_unseen_mae=1.7638]
    Epoch 130:  [avg_train_loss=3.4711, avg_seen_mae=1.6741, avg_unseen_mae=1.7638]
    Epoch 131:  [avg_train_loss=3.4711, avg_seen_mae=1.6741, avg_unseen_mae=1.7638]
    Epoch 132:  [avg_train_loss=3.4711, avg_seen_mae=1.6741, avg_unseen_mae=1.7638]
    Epoch 133:  [avg_train_loss=3.4711, avg_seen_mae=1.6741, avg_unseen_mae=1.7638]
    Epoch 134:  [avg_train_loss=3.4711, avg_seen_mae=1.6741, avg_unseen_mae=1.7638]
    Epoch 135:  [avg_train_loss=3.4711, avg_seen_mae=1.6741, avg_unseen_mae=1.7638]
    Epoch 136:  [avg_train_loss=3.4711, avg_seen_mae=1.6741, avg_unseen_mae=1.7638]
    Epoch 137:  [avg_train_loss=3.4711, avg_seen_mae=1.6741, avg_unseen_mae=1.7638]
    Epoch 138:  [avg_train_loss=3.4711, avg_seen_mae=1.6741, avg_unseen_mae=1.7638]
    Epoch 139:  [avg_train_loss=3.4711, avg_seen_mae=1.6741, avg_unseen_mae=1.7638]
    Epoch 140:  [avg_train_loss=3.4711, avg_seen_mae=1.6741, avg_unseen_mae=1.7638]
    Epoch 141:  [avg_train_loss=3.4711, avg_seen_mae=1.6741, avg_unseen_mae=1.7638]
    Epoch 142:  [avg_train_loss=3.4711, avg_seen_mae=1.6741, avg_unseen_mae=1.7638]
    Epoch 143:  [avg_train_loss=3.4711, avg_seen_mae=1.6741, avg_unseen_mae=1.7638]
    Epoch 144:  [avg_train_loss=3.4711, avg_seen_mae=1.6741, avg_unseen_mae=1.7638]
    Epoch 145:  [avg_train_loss=3.4711, avg_seen_mae=1.6741, avg_unseen_mae=1.7638]
    Epoch 146:  [avg_train_loss=3.4711, avg_seen_mae=1.6741, avg_unseen_mae=1.7638]
    Epoch 147:  [avg_train_loss=3.4711, avg_seen_mae=1.6741, avg_unseen_mae=1.7638]
    Epoch 148:  [avg_train_loss=3.4711, avg_seen_mae=1.6741, avg_unseen_mae=1.7638]
    Epoch 149:  [avg_train_loss=3.4711, avg_seen_mae=1.6741, avg_unseen_mae=1.7638]
    Epoch 150:  [avg_train_loss=3.4711, avg_seen_mae=1.6741, avg_unseen_mae=1.7638]
    Epoch 151:  [avg_train_loss=3.4711, avg_seen_mae=1.6741, avg_unseen_mae=1.7638]
    Epoch 152:  [avg_train_loss=3.4711, avg_seen_mae=1.6741, avg_unseen_mae=1.7638]
    Epoch 153:  [avg_train_loss=3.4711, avg_seen_mae=1.6741, avg_unseen_mae=1.7638]
    Epoch 154:  [avg_train_loss=3.4711, avg_seen_mae=1.6741, avg_unseen_mae=1.7638]
    Epoch 155:  [avg_train_loss=3.4711, avg_seen_mae=1.6741, avg_unseen_mae=1.7638]
    Epoch 156:  [avg_train_loss=3.4711, avg_seen_mae=1.6741, avg_unseen_mae=1.7638]
    Epoch 157:  [avg_train_loss=3.4711, avg_seen_mae=1.6741, avg_unseen_mae=1.7638]
    Epoch 158:  [avg_train_loss=3.4711, avg_seen_mae=1.6741, avg_unseen_mae=1.7638]
    Epoch 159:  [avg_train_loss=3.4711, avg_seen_mae=1.6741, avg_unseen_mae=1.7638]
    Epoch 160:  [avg_train_loss=3.4711, avg_seen_mae=1.6741, avg_unseen_mae=1.7638]
    Epoch 161:  [avg_train_loss=3.4711, avg_seen_mae=1.6741, avg_unseen_mae=1.7638]
    Epoch 162:  [avg_train_loss=3.4711, avg_seen_mae=1.6741, avg_unseen_mae=1.7638]
    Epoch 163:  [avg_train_loss=3.4711, avg_seen_mae=1.6741, avg_unseen_mae=1.7638]
    Epoch 164:  [avg_train_loss=3.4711, avg_seen_mae=1.6741, avg_unseen_mae=1.7638]
    Epoch 165:  [avg_train_loss=3.4711, avg_seen_mae=1.6741, avg_unseen_mae=1.7638]
    Epoch 166:  [avg_train_loss=3.4711, avg_seen_mae=1.6741, avg_unseen_mae=1.7638]
    Epoch 167:  [avg_train_loss=3.4711, avg_seen_mae=1.6741, avg_unseen_mae=1.7638]
    Epoch 168:  [avg_train_loss=3.4711, avg_seen_mae=1.6741, avg_unseen_mae=1.7638]
    Epoch 169:  [avg_train_loss=3.4711, avg_seen_mae=1.6741, avg_unseen_mae=1.7638]
    Epoch 170:  [avg_train_loss=3.4711, avg_seen_mae=1.6741, avg_unseen_mae=1.7638]
    Epoch 171:  [avg_train_loss=3.4711, avg_seen_mae=1.6741, avg_unseen_mae=1.7638]
    Epoch 172:  [avg_train_loss=3.4711, avg_seen_mae=1.6741, avg_unseen_mae=1.7638]
    Epoch 173:  [avg_train_loss=3.4711, avg_seen_mae=1.6741, avg_unseen_mae=1.7638]
    Epoch 174:  [avg_train_loss=3.4711, avg_seen_mae=1.6741, avg_unseen_mae=1.7638]
    Epoch 175:  [avg_train_loss=3.4711, avg_seen_mae=1.6741, avg_unseen_mae=1.7638]
    Epoch 176:  [avg_train_loss=3.4711, avg_seen_mae=1.6741, avg_unseen_mae=1.7638]
    Epoch 177:  [avg_train_loss=3.4711, avg_seen_mae=1.6741, avg_unseen_mae=1.7638]
    Epoch 178:  [avg_train_loss=3.4711, avg_seen_mae=1.6741, avg_unseen_mae=1.7638]
    Epoch 179:  [avg_train_loss=3.4711, avg_seen_mae=1.6741, avg_unseen_mae=1.7638]
    Epoch 180:  [avg_train_loss=3.4711, avg_seen_mae=1.6741, avg_unseen_mae=1.7638]
    Epoch 181:  [avg_train_loss=3.4711, avg_seen_mae=1.6741, avg_unseen_mae=1.7638]
    Epoch 182:  [avg_train_loss=3.4711, avg_seen_mae=1.6741, avg_unseen_mae=1.7638]
    Epoch 183:  [avg_train_loss=3.4711, avg_seen_mae=1.6741, avg_unseen_mae=1.7638]
    Epoch 184:  [avg_train_loss=3.4711, avg_seen_mae=1.6741, avg_unseen_mae=1.7638]
    Epoch 185:  [avg_train_loss=3.4711, avg_seen_mae=1.6741, avg_unseen_mae=1.7638]
    Epoch 186:  [avg_train_loss=3.4711, avg_seen_mae=1.6741, avg_unseen_mae=1.7638]
    Epoch 187:  [avg_train_loss=3.4711, avg_seen_mae=1.6741, avg_unseen_mae=1.7638]
    Epoch 188:  [avg_train_loss=3.4711, avg_seen_mae=1.6741, avg_unseen_mae=1.7638]
    Epoch 189:  [avg_train_loss=3.4711, avg_seen_mae=1.6741, avg_unseen_mae=1.7638]
    Epoch 190:  [avg_train_loss=3.4711, avg_seen_mae=1.6741, avg_unseen_mae=1.7638]
    Epoch 191:  [avg_train_loss=3.4711, avg_seen_mae=1.6741, avg_unseen_mae=1.7638]
    Epoch 192:  [avg_train_loss=3.4711, avg_seen_mae=1.6741, avg_unseen_mae=1.7638]
    Epoch 193:  [avg_train_loss=3.4711, avg_seen_mae=1.6741, avg_unseen_mae=1.7638]
    Epoch 194:  [avg_train_loss=3.4711, avg_seen_mae=1.6741, avg_unseen_mae=1.7638]
    Epoch 195:  [avg_train_loss=3.4711, avg_seen_mae=1.6741, avg_unseen_mae=1.7638]
    Epoch 196:  [avg_train_loss=3.4711, avg_seen_mae=1.6741, avg_unseen_mae=1.7638]
    Epoch 197:  [avg_train_loss=3.4711, avg_seen_mae=1.6741, avg_unseen_mae=1.7638]
    Epoch 198:  [avg_train_loss=3.4711, avg_seen_mae=1.6741, avg_unseen_mae=1.7638]
    Epoch 199:  [avg_train_loss=3.4711, avg_seen_mae=1.6741, avg_unseen_mae=1.7638]
    Epoch 200:  [avg_train_loss=3.4711, avg_seen_mae=1.6741, avg_unseen_mae=1.7638]
    Epoch 201:  [avg_train_loss=3.4711, avg_seen_mae=1.6741, avg_unseen_mae=1.7638]
    Epoch 202:  [avg_train_loss=3.4711, avg_seen_mae=1.6741, avg_unseen_mae=1.7638]
    Epoch 203:  [avg_train_loss=3.4711, avg_seen_mae=1.6741, avg_unseen_mae=1.7638]
    Epoch 204:  [avg_train_loss=3.4711, avg_seen_mae=1.6741, avg_unseen_mae=1.7638]
    Epoch 205:  [avg_train_loss=3.4711, avg_seen_mae=1.6741, avg_unseen_mae=1.7638]
    Epoch 206:  [avg_train_loss=3.4711, avg_seen_mae=1.6741, avg_unseen_mae=1.7638]
    Epoch 207:  [avg_train_loss=3.4711, avg_seen_mae=1.6741, avg_unseen_mae=1.7638]
    Epoch 208:  [avg_train_loss=3.4711, avg_seen_mae=1.6741, avg_unseen_mae=1.7638]
    Epoch 209:  [avg_train_loss=3.4711, avg_seen_mae=1.6741, avg_unseen_mae=1.7638]
    Epoch 210:  [avg_train_loss=3.4711, avg_seen_mae=1.6741, avg_unseen_mae=1.7638]
    Epoch 211:  [avg_train_loss=3.4711, avg_seen_mae=1.6741, avg_unseen_mae=1.7638]
    Epoch 212:  [avg_train_loss=3.4711, avg_seen_mae=1.6741, avg_unseen_mae=1.7638]
    Epoch 213:  [avg_train_loss=3.4711, avg_seen_mae=1.6741, avg_unseen_mae=1.7638]
    Epoch 214:  [avg_train_loss=3.4711, avg_seen_mae=1.6741, avg_unseen_mae=1.7638]
    Epoch 215:  [avg_train_loss=3.4711, avg_seen_mae=1.6741, avg_unseen_mae=1.7638]
    Epoch 216:  [avg_train_loss=3.4711, avg_seen_mae=1.6741, avg_unseen_mae=1.7638]
    Epoch 217:  [avg_train_loss=3.4711, avg_seen_mae=1.6741, avg_unseen_mae=1.7638]
    Epoch 218:  [avg_train_loss=3.4711, avg_seen_mae=1.6741, avg_unseen_mae=1.7638]
    Epoch 219:  [avg_train_loss=3.4711, avg_seen_mae=1.6741, avg_unseen_mae=1.7638]
    Epoch 220:  [avg_train_loss=3.4711, avg_seen_mae=1.6741, avg_unseen_mae=1.7638]
    Epoch 221:  [avg_train_loss=3.4711, avg_seen_mae=1.6741, avg_unseen_mae=1.7638]
    Epoch 222:  [avg_train_loss=3.4711, avg_seen_mae=1.6741, avg_unseen_mae=1.7638]
    Epoch 223:  [avg_train_loss=3.4711, avg_seen_mae=1.6741, avg_unseen_mae=1.7638]
    Epoch 224:  [avg_train_loss=3.4711, avg_seen_mae=1.6741, avg_unseen_mae=1.7638]
    Epoch 225:  [avg_train_loss=3.4711, avg_seen_mae=1.6741, avg_unseen_mae=1.7638]
    Epoch 226:  [avg_train_loss=3.4711, avg_seen_mae=1.6741, avg_unseen_mae=1.7638]
    Epoch 227:  [avg_train_loss=3.4711, avg_seen_mae=1.6741, avg_unseen_mae=1.7638]
    Epoch 228:  [avg_train_loss=3.4711, avg_seen_mae=1.6741, avg_unseen_mae=1.7638]
    Epoch 229:  [avg_train_loss=3.4711, avg_seen_mae=1.6741, avg_unseen_mae=1.7638]
    Epoch 230:  [avg_train_loss=3.4711, avg_seen_mae=1.6741, avg_unseen_mae=1.7638]
    Epoch 231:  [avg_train_loss=3.4711, avg_seen_mae=1.6741, avg_unseen_mae=1.7638]
    Epoch 232:  [avg_train_loss=3.4711, avg_seen_mae=1.6741, avg_unseen_mae=1.7638]
    Epoch 233:  [avg_train_loss=3.4711, avg_seen_mae=1.6741, avg_unseen_mae=1.7638]
    Epoch 234:  [avg_train_loss=3.4711, avg_seen_mae=1.6741, avg_unseen_mae=1.7638]
    Epoch 235:  [avg_train_loss=3.4711, avg_seen_mae=1.6741, avg_unseen_mae=1.7638]
    Epoch 236:  [avg_train_loss=3.4711, avg_seen_mae=1.6741, avg_unseen_mae=1.7638]
    Epoch 237:  [avg_train_loss=3.4711, avg_seen_mae=1.6741, avg_unseen_mae=1.7638]
    Epoch 238:  [avg_train_loss=3.4711, avg_seen_mae=1.6741, avg_unseen_mae=1.7638]
    Epoch 239:  [avg_train_loss=3.4711, avg_seen_mae=1.6741, avg_unseen_mae=1.7638]
    Epoch 240:  [avg_train_loss=3.4711, avg_seen_mae=1.6741, avg_unseen_mae=1.7638]
    Epoch 241:  [avg_train_loss=3.4711, avg_seen_mae=1.6741, avg_unseen_mae=1.7638]
    Epoch 242:  [avg_train_loss=3.4711, avg_seen_mae=1.6741, avg_unseen_mae=1.7638]
    Epoch 243:  [avg_train_loss=3.4711, avg_seen_mae=1.6741, avg_unseen_mae=1.7638]
    Epoch 244:  [avg_train_loss=3.4711, avg_seen_mae=1.6741, avg_unseen_mae=1.7638]
    Epoch 245:  [avg_train_loss=3.4711, avg_seen_mae=1.6741, avg_unseen_mae=1.7638]
    Epoch 246:  [avg_train_loss=3.4711, avg_seen_mae=1.6741, avg_unseen_mae=1.7638]
    Epoch 247:  [avg_train_loss=3.4711, avg_seen_mae=1.6741, avg_unseen_mae=1.7638]
    Epoch 248:  [avg_train_loss=3.4711, avg_seen_mae=1.6741, avg_unseen_mae=1.7638]
    Epoch 249:  [avg_train_loss=3.4711, avg_seen_mae=1.6741, avg_unseen_mae=1.7638]
    Epoch 250:  [avg_train_loss=3.4711, avg_seen_mae=1.6741, avg_unseen_mae=1.7638]
    Epoch 251:  [avg_train_loss=3.4711, avg_seen_mae=1.6741, avg_unseen_mae=1.7638]
    Epoch 252:  [avg_train_loss=3.4711, avg_seen_mae=1.6741, avg_unseen_mae=1.7638]
    Epoch 253:  [avg_train_loss=3.4711, avg_seen_mae=1.6741, avg_unseen_mae=1.7638]
    Epoch 254:  [avg_train_loss=3.4711, avg_seen_mae=1.6741, avg_unseen_mae=1.7638]
    Epoch 255:  [avg_train_loss=3.4711, avg_seen_mae=1.6741, avg_unseen_mae=1.7638]
    Epoch 256:  [avg_train_loss=3.4711, avg_seen_mae=1.6741, avg_unseen_mae=1.7638]
    Epoch 257:  [avg_train_loss=3.4711, avg_seen_mae=1.6741, avg_unseen_mae=1.7638]
    Epoch 258:  [avg_train_loss=3.4711, avg_seen_mae=1.6741, avg_unseen_mae=1.7638]
    Epoch 259:  [avg_train_loss=3.4711, avg_seen_mae=1.6741, avg_unseen_mae=1.7638]
    Epoch 260:  [avg_train_loss=3.4711, avg_seen_mae=1.6741, avg_unseen_mae=1.7638]
    Epoch 261:  [avg_train_loss=3.4711, avg_seen_mae=1.6741, avg_unseen_mae=1.7638]
    Epoch 262:  [avg_train_loss=3.4711, avg_seen_mae=1.6741, avg_unseen_mae=1.7638]
    Epoch 263:  [avg_train_loss=3.4711, avg_seen_mae=1.6741, avg_unseen_mae=1.7638]
    Epoch 264:  [avg_train_loss=3.4711, avg_seen_mae=1.6741, avg_unseen_mae=1.7638]
    Epoch 265:  [avg_train_loss=3.4711, avg_seen_mae=1.6741, avg_unseen_mae=1.7638]
    Epoch 266:  [avg_train_loss=3.4711, avg_seen_mae=1.6741, avg_unseen_mae=1.7638]
    Epoch 267:  [avg_train_loss=3.4711, avg_seen_mae=1.6741, avg_unseen_mae=1.7638]
    Epoch 268:  [avg_train_loss=3.4711, avg_seen_mae=1.6741, avg_unseen_mae=1.7638]
    Epoch 269:  [avg_train_loss=3.4711, avg_seen_mae=1.6741, avg_unseen_mae=1.7638]
    Epoch 270:  [avg_train_loss=3.4711, avg_seen_mae=1.6741, avg_unseen_mae=1.7638]
    Epoch 271:  [avg_train_loss=3.4711, avg_seen_mae=1.6741, avg_unseen_mae=1.7638]
    Epoch 272:  [avg_train_loss=3.4711, avg_seen_mae=1.6741, avg_unseen_mae=1.7638]
    Epoch 273:  [avg_train_loss=3.4711, avg_seen_mae=1.6741, avg_unseen_mae=1.7638]
    Epoch 274:  [avg_train_loss=3.4711, avg_seen_mae=1.6741, avg_unseen_mae=1.7638]
    Epoch 275:  [avg_train_loss=3.4711, avg_seen_mae=1.6741, avg_unseen_mae=1.7638]
    Epoch 276:  [avg_train_loss=3.4711, avg_seen_mae=1.6741, avg_unseen_mae=1.7638]
    Epoch 277:  [avg_train_loss=3.4711, avg_seen_mae=1.6741, avg_unseen_mae=1.7638]
    Epoch 278:  [avg_train_loss=3.4711, avg_seen_mae=1.6741, avg_unseen_mae=1.7638]
    Epoch 279:  [avg_train_loss=3.4711, avg_seen_mae=1.6741, avg_unseen_mae=1.7638]
    Epoch 280:  [avg_train_loss=3.4711, avg_seen_mae=1.6741, avg_unseen_mae=1.7638]
    Epoch 281:  [avg_train_loss=3.4711, avg_seen_mae=1.6741, avg_unseen_mae=1.7638]
    Epoch 282:  [avg_train_loss=3.4711, avg_seen_mae=1.6741, avg_unseen_mae=1.7638]
    Epoch 283:  [avg_train_loss=3.4711, avg_seen_mae=1.6741, avg_unseen_mae=1.7638]
    Epoch 284:  [avg_train_loss=3.4711, avg_seen_mae=1.6741, avg_unseen_mae=1.7638]
    Epoch 285:  [avg_train_loss=3.4711, avg_seen_mae=1.6741, avg_unseen_mae=1.7638]
    Epoch 286:  [avg_train_loss=3.4711, avg_seen_mae=1.6741, avg_unseen_mae=1.7638]
    Epoch 287:  [avg_train_loss=3.4711, avg_seen_mae=1.6741, avg_unseen_mae=1.7638]
    Epoch 288:  [avg_train_loss=3.4711, avg_seen_mae=1.6741, avg_unseen_mae=1.7638]
    Epoch 289:  [avg_train_loss=3.4711, avg_seen_mae=1.6741, avg_unseen_mae=1.7638]
    Epoch 290:  [avg_train_loss=3.4711, avg_seen_mae=1.6741, avg_unseen_mae=1.7638]
    Epoch 291:  [avg_train_loss=3.4711, avg_seen_mae=1.6741, avg_unseen_mae=1.7638]
    Epoch 292:  [avg_train_loss=3.4711, avg_seen_mae=1.6741, avg_unseen_mae=1.7638]
    Epoch 293:  [avg_train_loss=3.4711, avg_seen_mae=1.6741, avg_unseen_mae=1.7638]
    Epoch 294:  [avg_train_loss=3.4711, avg_seen_mae=1.6741, avg_unseen_mae=1.7638]
    Epoch 295:  [avg_train_loss=3.4711, avg_seen_mae=1.6741, avg_unseen_mae=1.7638]
    Epoch 296:  [avg_train_loss=3.4711, avg_seen_mae=1.6741, avg_unseen_mae=1.7638]
    Epoch 297:  [avg_train_loss=3.4711, avg_seen_mae=1.6741, avg_unseen_mae=1.7638]
    Epoch 298:  [avg_train_loss=3.4711, avg_seen_mae=1.6741, avg_unseen_mae=1.7638]
    Epoch 299:  [avg_train_loss=3.4711, avg_seen_mae=1.6741, avg_unseen_mae=1.7638]
    Epoch 300:  [avg_train_loss=3.4711, avg_seen_mae=1.6741, avg_unseen_mae=1.7638]
    Epoch 301:  [avg_train_loss=3.4711, avg_seen_mae=1.6741, avg_unseen_mae=1.7638]
    Epoch 302:  [avg_train_loss=3.4711, avg_seen_mae=1.6741, avg_unseen_mae=1.7638]
    Epoch 303:  [avg_train_loss=3.4711, avg_seen_mae=1.6741, avg_unseen_mae=1.7638]
    Epoch 304:  [avg_train_loss=3.4711, avg_seen_mae=1.6741, avg_unseen_mae=1.7638]
    Epoch 305:  [avg_train_loss=3.4711, avg_seen_mae=1.6741, avg_unseen_mae=1.7638]
    Epoch 306:  [avg_train_loss=3.4711, avg_seen_mae=1.6741, avg_unseen_mae=1.7638]
    Epoch 307:  [avg_train_loss=3.4711, avg_seen_mae=1.6741, avg_unseen_mae=1.7638]
    Epoch 308:  [avg_train_loss=3.4711, avg_seen_mae=1.6741, avg_unseen_mae=1.7638]
    Epoch 309:  [avg_train_loss=3.4711, avg_seen_mae=1.6741, avg_unseen_mae=1.7638]
    Epoch 310:  [avg_train_loss=3.4711, avg_seen_mae=1.6741, avg_unseen_mae=1.7638]
    Epoch 311:  [avg_train_loss=3.4711, avg_seen_mae=1.6741, avg_unseen_mae=1.7638]
    Epoch 312:  [avg_train_loss=3.4711, avg_seen_mae=1.6741, avg_unseen_mae=1.7638]
    Epoch 313:  [avg_train_loss=3.4711, avg_seen_mae=1.6741, avg_unseen_mae=1.7638]
    Epoch 314:  [avg_train_loss=3.4711, avg_seen_mae=1.6741, avg_unseen_mae=1.7638]
    Epoch 315:  [avg_train_loss=3.4711, avg_seen_mae=1.6741, avg_unseen_mae=1.7638]
    Epoch 316:  [avg_train_loss=3.4711, avg_seen_mae=1.6741, avg_unseen_mae=1.7638]
    Epoch 317:  [avg_train_loss=3.4711, avg_seen_mae=1.6741, avg_unseen_mae=1.7638]
    Epoch 318:  [avg_train_loss=3.4711, avg_seen_mae=1.6741, avg_unseen_mae=1.7638]
    Epoch 319:  [avg_train_loss=3.4711, avg_seen_mae=1.6741, avg_unseen_mae=1.7638]
    Epoch 320:  [avg_train_loss=3.4711, avg_seen_mae=1.6741, avg_unseen_mae=1.7638]
    Epoch 321:  [avg_train_loss=3.4711, avg_seen_mae=1.6741, avg_unseen_mae=1.7638]
    Epoch 322:  [avg_train_loss=3.4711, avg_seen_mae=1.6741, avg_unseen_mae=1.7638]
    Epoch 323:  [avg_train_loss=3.4711, avg_seen_mae=1.6741, avg_unseen_mae=1.7638]
    Epoch 324:  [avg_train_loss=3.4711, avg_seen_mae=1.6741, avg_unseen_mae=1.7638]
    Epoch 325:  [avg_train_loss=3.4711, avg_seen_mae=1.6741, avg_unseen_mae=1.7638]
    Epoch 326:  [avg_train_loss=3.4711, avg_seen_mae=1.6741, avg_unseen_mae=1.7638]
    Epoch 327:  [avg_train_loss=3.4711, avg_seen_mae=1.6741, avg_unseen_mae=1.7638]
    Epoch 328:  [avg_train_loss=3.4711, avg_seen_mae=1.6741, avg_unseen_mae=1.7638]
    Epoch 329:  [avg_train_loss=3.4711, avg_seen_mae=1.6741, avg_unseen_mae=1.7638]
    Epoch 330:  [avg_train_loss=3.4711, avg_seen_mae=1.6741, avg_unseen_mae=1.7638]
    Epoch 331:  [avg_train_loss=3.4711, avg_seen_mae=1.6741, avg_unseen_mae=1.7638]
    Epoch 332:  [avg_train_loss=3.4711, avg_seen_mae=1.6741, avg_unseen_mae=1.7638]
    Epoch 333:  [avg_train_loss=3.4711, avg_seen_mae=1.6741, avg_unseen_mae=1.7638]
    Epoch 334:  [avg_train_loss=3.4711, avg_seen_mae=1.6741, avg_unseen_mae=1.7638]
    Epoch 335:  [avg_train_loss=3.4711, avg_seen_mae=1.6741, avg_unseen_mae=1.7638]
    Epoch 336:  [avg_train_loss=3.4711, avg_seen_mae=1.6741, avg_unseen_mae=1.7638]
    Epoch 337:  [avg_train_loss=3.4711, avg_seen_mae=1.6741, avg_unseen_mae=1.7638]
    Epoch 338:  [avg_train_loss=3.4711, avg_seen_mae=1.6741, avg_unseen_mae=1.7638]
    Epoch 339:  [avg_train_loss=3.4711, avg_seen_mae=1.6741, avg_unseen_mae=1.7638]
    Epoch 340:  [avg_train_loss=3.4711, avg_seen_mae=1.6741, avg_unseen_mae=1.7638]
    Epoch 341:  [avg_train_loss=3.4711, avg_seen_mae=1.6741, avg_unseen_mae=1.7638]
    Epoch 342:  [avg_train_loss=3.4711, avg_seen_mae=1.6741, avg_unseen_mae=1.7638]
    Epoch 343:  [avg_train_loss=3.4711, avg_seen_mae=1.6741, avg_unseen_mae=1.7638]
    Epoch 344:  [avg_train_loss=3.4711, avg_seen_mae=1.6741, avg_unseen_mae=1.7638]
    Epoch 345:  [avg_train_loss=3.4711, avg_seen_mae=1.6741, avg_unseen_mae=1.7638]
    Epoch 346:  [avg_train_loss=3.4711, avg_seen_mae=1.6741, avg_unseen_mae=1.7638]
    Epoch 347:  [avg_train_loss=3.4711, avg_seen_mae=1.6741, avg_unseen_mae=1.7638]
    Epoch 348:  [avg_train_loss=3.4711, avg_seen_mae=1.6741, avg_unseen_mae=1.7638]
    Epoch 349:  [avg_train_loss=3.4711, avg_seen_mae=1.6741, avg_unseen_mae=1.7638]
    Epoch 350:  [avg_train_loss=3.4711, avg_seen_mae=1.6741, avg_unseen_mae=1.7638]
    Epoch 351:  [avg_train_loss=3.4711, avg_seen_mae=1.6741, avg_unseen_mae=1.7638]
    Epoch 352:  [avg_train_loss=3.4711, avg_seen_mae=1.6741, avg_unseen_mae=1.7638]
    Epoch 353:  [avg_train_loss=3.4711, avg_seen_mae=1.6741, avg_unseen_mae=1.7638]
    Epoch 354:  [avg_train_loss=3.4711, avg_seen_mae=1.6741, avg_unseen_mae=1.7638]
    Epoch 355:  [avg_train_loss=3.4711, avg_seen_mae=1.6741, avg_unseen_mae=1.7638]
    Epoch 356:  [avg_train_loss=3.4711, avg_seen_mae=1.6741, avg_unseen_mae=1.7638]
    Epoch 357:  [avg_train_loss=3.4711, avg_seen_mae=1.6741, avg_unseen_mae=1.7638]
    Epoch 358:  [avg_train_loss=3.4711, avg_seen_mae=1.6741, avg_unseen_mae=1.7638]
    Epoch 359:  [avg_train_loss=3.4711, avg_seen_mae=1.6741, avg_unseen_mae=1.7638]
    Epoch 360:  [avg_train_loss=3.4711, avg_seen_mae=1.6741, avg_unseen_mae=1.7638]
    Epoch 361:  [avg_train_loss=3.4711, avg_seen_mae=1.6741, avg_unseen_mae=1.7638]
    Epoch 362:  [avg_train_loss=3.4711, avg_seen_mae=1.6741, avg_unseen_mae=1.7638]
    Epoch 363:  [avg_train_loss=3.4711, avg_seen_mae=1.6741, avg_unseen_mae=1.7638]
    Epoch 364:  [avg_train_loss=3.4711, avg_seen_mae=1.6741, avg_unseen_mae=1.7638]
    Epoch 365:  [avg_train_loss=3.4711, avg_seen_mae=1.6741, avg_unseen_mae=1.7638]
    Epoch 366:  [avg_train_loss=3.4711, avg_seen_mae=1.6741, avg_unseen_mae=1.7638]
    Epoch 367:  [avg_train_loss=3.4711, avg_seen_mae=1.6741, avg_unseen_mae=1.7638]
    Epoch 368:  [avg_train_loss=3.4711, avg_seen_mae=1.6741, avg_unseen_mae=1.7638]
    Epoch 369:  [avg_train_loss=3.4711, avg_seen_mae=1.6741, avg_unseen_mae=1.7638]
    Epoch 370:  [avg_train_loss=3.4711, avg_seen_mae=1.6741, avg_unseen_mae=1.7638]
    Epoch 371:  [avg_train_loss=3.4711, avg_seen_mae=1.6741, avg_unseen_mae=1.7638]
    Epoch 372:  [avg_train_loss=3.4711, avg_seen_mae=1.6741, avg_unseen_mae=1.7638]
    Epoch 373:  [avg_train_loss=3.4711, avg_seen_mae=1.6741, avg_unseen_mae=1.7638]
    Epoch 374:  [avg_train_loss=3.4711, avg_seen_mae=1.6741, avg_unseen_mae=1.7638]
    Epoch 375:  [avg_train_loss=3.4711, avg_seen_mae=1.6741, avg_unseen_mae=1.7638]
    Epoch 376:  [avg_train_loss=3.4711, avg_seen_mae=1.6741, avg_unseen_mae=1.7638]
    Epoch 377:  [avg_train_loss=3.4711, avg_seen_mae=1.6741, avg_unseen_mae=1.7638]
    Epoch 378:  [avg_train_loss=3.4711, avg_seen_mae=1.6741, avg_unseen_mae=1.7638]
    Epoch 379:  [avg_train_loss=3.4711, avg_seen_mae=1.6741, avg_unseen_mae=1.7638]
    Epoch 380:  [avg_train_loss=3.4711, avg_seen_mae=1.6741, avg_unseen_mae=1.7638]
    Epoch 381:  [avg_train_loss=3.4711, avg_seen_mae=1.6741, avg_unseen_mae=1.7638]
    Epoch 382:  [avg_train_loss=3.4711, avg_seen_mae=1.6741, avg_unseen_mae=1.7638]
    Epoch 383:  [avg_train_loss=3.4711, avg_seen_mae=1.6741, avg_unseen_mae=1.7638]
    Epoch 384:  [avg_train_loss=3.4711, avg_seen_mae=1.6741, avg_unseen_mae=1.7638]
    Epoch 385:  [avg_train_loss=3.4711, avg_seen_mae=1.6741, avg_unseen_mae=1.7638]
    Epoch 386:  [avg_train_loss=3.4711, avg_seen_mae=1.6741, avg_unseen_mae=1.7638]
    Epoch 387:  [avg_train_loss=3.4711, avg_seen_mae=1.6741, avg_unseen_mae=1.7638]
    Epoch 388:  [avg_train_loss=3.4711, avg_seen_mae=1.6741, avg_unseen_mae=1.7638]
    Epoch 389:  [avg_train_loss=3.4711, avg_seen_mae=1.6741, avg_unseen_mae=1.7638]
    Epoch 390:  [avg_train_loss=3.4711, avg_seen_mae=1.6741, avg_unseen_mae=1.7638]
    Epoch 391:  [avg_train_loss=3.4711, avg_seen_mae=1.6741, avg_unseen_mae=1.7638]
    Epoch 392:  [avg_train_loss=3.4711, avg_seen_mae=1.6741, avg_unseen_mae=1.7638]
    Epoch 393:  [avg_train_loss=3.4711, avg_seen_mae=1.6741, avg_unseen_mae=1.7638]
    Epoch 394:  [avg_train_loss=3.4711, avg_seen_mae=1.6741, avg_unseen_mae=1.7638]
    Epoch 395:  [avg_train_loss=3.4711, avg_seen_mae=1.6741, avg_unseen_mae=1.7638]
    Epoch 396:  [avg_train_loss=3.4711, avg_seen_mae=1.6741, avg_unseen_mae=1.7638]
    Epoch 397:  [avg_train_loss=3.4711, avg_seen_mae=1.6741, avg_unseen_mae=1.7638]
    Epoch 398:  [avg_train_loss=3.4711, avg_seen_mae=1.6741, avg_unseen_mae=1.7638]
    Epoch 399:  [avg_train_loss=3.4711, avg_seen_mae=1.6741, avg_unseen_mae=1.7638]
    Epoch 400:  [avg_train_loss=3.4711, avg_seen_mae=1.6741, avg_unseen_mae=1.7638]
    Epoch 401:  [avg_train_loss=3.4711, avg_seen_mae=1.6741, avg_unseen_mae=1.7638]
    Epoch 402:  [avg_train_loss=3.4711, avg_seen_mae=1.6741, avg_unseen_mae=1.7638]
    Epoch 403:  [avg_train_loss=3.4711, avg_seen_mae=1.6741, avg_unseen_mae=1.7638]
    Epoch 404:  [avg_train_loss=3.4711, avg_seen_mae=1.6741, avg_unseen_mae=1.7638]
    Epoch 405:  [avg_train_loss=3.4711, avg_seen_mae=1.6741, avg_unseen_mae=1.7638]
    Epoch 406:  [avg_train_loss=3.4711, avg_seen_mae=1.6741, avg_unseen_mae=1.7638]
    Epoch 407:  [avg_train_loss=3.4711, avg_seen_mae=1.6741, avg_unseen_mae=1.7638]
    Epoch 408:  [avg_train_loss=3.4711, avg_seen_mae=1.6741, avg_unseen_mae=1.7638]
    Epoch 409:  [avg_train_loss=3.4711, avg_seen_mae=1.6741, avg_unseen_mae=1.7638]
    Epoch 410:  [avg_train_loss=3.4711, avg_seen_mae=1.6741, avg_unseen_mae=1.7638]
    Epoch 411:  [avg_train_loss=3.4711, avg_seen_mae=1.6741, avg_unseen_mae=1.7638]
    Epoch 412:  [avg_train_loss=3.4711, avg_seen_mae=1.6741, avg_unseen_mae=1.7638]
    Epoch 413:  [avg_train_loss=3.4711, avg_seen_mae=1.6741, avg_unseen_mae=1.7638]
    Epoch 414:  [avg_train_loss=3.4711, avg_seen_mae=1.6741, avg_unseen_mae=1.7638]
    Epoch 415:  [avg_train_loss=3.4711, avg_seen_mae=1.6741, avg_unseen_mae=1.7638]
    Epoch 416:  [avg_train_loss=3.4711, avg_seen_mae=1.6741, avg_unseen_mae=1.7638]
    Epoch 417:  [avg_train_loss=3.4711, avg_seen_mae=1.6741, avg_unseen_mae=1.7638]
    Epoch 418:  [avg_train_loss=3.4711, avg_seen_mae=1.6741, avg_unseen_mae=1.7638]
    Epoch 419:  [avg_train_loss=3.4711, avg_seen_mae=1.6741, avg_unseen_mae=1.7638]
    Epoch 420:  [avg_train_loss=3.4711, avg_seen_mae=1.6741, avg_unseen_mae=1.7638]
    Epoch 421:  [avg_train_loss=3.4711, avg_seen_mae=1.6741, avg_unseen_mae=1.7638]
    Epoch 422:  [avg_train_loss=3.4711, avg_seen_mae=1.6741, avg_unseen_mae=1.7638]
    Epoch 423:  [avg_train_loss=3.4711, avg_seen_mae=1.6741, avg_unseen_mae=1.7638]
    Epoch 424:  [avg_train_loss=3.4711, avg_seen_mae=1.6741, avg_unseen_mae=1.7638]
    Epoch 425:  [avg_train_loss=3.4711, avg_seen_mae=1.6741, avg_unseen_mae=1.7638]
    Epoch 426:  [avg_train_loss=3.4711, avg_seen_mae=1.6741, avg_unseen_mae=1.7638]
    Epoch 427:  [avg_train_loss=3.4711, avg_seen_mae=1.6741, avg_unseen_mae=1.7638]
    Epoch 428:  [avg_train_loss=3.4711, avg_seen_mae=1.6741, avg_unseen_mae=1.7638]
    Epoch 429:  [avg_train_loss=3.4711, avg_seen_mae=1.6741, avg_unseen_mae=1.7638]
    Epoch 430:  [avg_train_loss=3.4711, avg_seen_mae=1.6741, avg_unseen_mae=1.7638]
    Epoch 431:  [avg_train_loss=3.4711, avg_seen_mae=1.6741, avg_unseen_mae=1.7638]
    Epoch 432:  [avg_train_loss=3.4711, avg_seen_mae=1.6741, avg_unseen_mae=1.7638]
    Epoch 433:  [avg_train_loss=3.4711, avg_seen_mae=1.6741, avg_unseen_mae=1.7638]
    Epoch 434:  [avg_train_loss=3.4711, avg_seen_mae=1.6741, avg_unseen_mae=1.7638]
    Epoch 435:  [avg_train_loss=3.4711, avg_seen_mae=1.6741, avg_unseen_mae=1.7638]
    Epoch 436:  [avg_train_loss=3.4711, avg_seen_mae=1.6741, avg_unseen_mae=1.7638]
    Epoch 437:  [avg_train_loss=3.4711, avg_seen_mae=1.6741, avg_unseen_mae=1.7638]
    Epoch 438:  [avg_train_loss=3.4711, avg_seen_mae=1.6741, avg_unseen_mae=1.7638]
    Epoch 439:  [avg_train_loss=3.4711, avg_seen_mae=1.6741, avg_unseen_mae=1.7638]
    Epoch 440:  [avg_train_loss=3.4711, avg_seen_mae=1.6741, avg_unseen_mae=1.7638]
    Epoch 441:  [avg_train_loss=3.4711, avg_seen_mae=1.6741, avg_unseen_mae=1.7638]
    Epoch 442:  [avg_train_loss=3.4711, avg_seen_mae=1.6741, avg_unseen_mae=1.7638]
    Epoch 443:  [avg_train_loss=3.4711, avg_seen_mae=1.6741, avg_unseen_mae=1.7638]
    Epoch 444:  [avg_train_loss=3.4711, avg_seen_mae=1.6741, avg_unseen_mae=1.7638]
    Epoch 445:  [avg_train_loss=3.4711, avg_seen_mae=1.6741, avg_unseen_mae=1.7638]
    Epoch 446:  [avg_train_loss=3.4711, avg_seen_mae=1.6741, avg_unseen_mae=1.7638]
    Epoch 447:  [avg_train_loss=3.4711, avg_seen_mae=1.6741, avg_unseen_mae=1.7638]
    Epoch 448:  [avg_train_loss=3.4711, avg_seen_mae=1.6741, avg_unseen_mae=1.7638]
    Epoch 449:  [avg_train_loss=3.4711, avg_seen_mae=1.6741, avg_unseen_mae=1.7638]
    Epoch 450:  [avg_train_loss=3.4711, avg_seen_mae=1.6741, avg_unseen_mae=1.7638]
    Epoch 451:  [avg_train_loss=3.4711, avg_seen_mae=1.6741, avg_unseen_mae=1.7638]
    Epoch 452:  [avg_train_loss=3.4711, avg_seen_mae=1.6741, avg_unseen_mae=1.7638]
    Epoch 453:  [avg_train_loss=3.4711, avg_seen_mae=1.6741, avg_unseen_mae=1.7638]
    Epoch 454:  [avg_train_loss=3.4711, avg_seen_mae=1.6741, avg_unseen_mae=1.7638]
    Epoch 455:  [avg_train_loss=3.4711, avg_seen_mae=1.6741, avg_unseen_mae=1.7638]
    Epoch 456:  [avg_train_loss=3.4711, avg_seen_mae=1.6741, avg_unseen_mae=1.7638]
    Epoch 457:  [avg_train_loss=3.4711, avg_seen_mae=1.6741, avg_unseen_mae=1.7638]
    Epoch 458:  [avg_train_loss=3.4711, avg_seen_mae=1.6741, avg_unseen_mae=1.7638]
    Epoch 459:  [avg_train_loss=3.4711, avg_seen_mae=1.6741, avg_unseen_mae=1.7638]
    Epoch 460:  [avg_train_loss=3.4711, avg_seen_mae=1.6741, avg_unseen_mae=1.7638]
    Epoch 461:  [avg_train_loss=3.4711, avg_seen_mae=1.6741, avg_unseen_mae=1.7638]
    Epoch 462:  [avg_train_loss=3.4711, avg_seen_mae=1.6741, avg_unseen_mae=1.7638]
    Epoch 463:  [avg_train_loss=3.4711, avg_seen_mae=1.6741, avg_unseen_mae=1.7638]
    Epoch 464:  [avg_train_loss=3.4711, avg_seen_mae=1.6741, avg_unseen_mae=1.7638]
    Epoch 465:  [avg_train_loss=3.4711, avg_seen_mae=1.6741, avg_unseen_mae=1.7638]
    Epoch 466:  [avg_train_loss=3.4711, avg_seen_mae=1.6741, avg_unseen_mae=1.7638]
    Epoch 467:  [avg_train_loss=3.4711, avg_seen_mae=1.6741, avg_unseen_mae=1.7638]
    Epoch 468:  [avg_train_loss=3.4711, avg_seen_mae=1.6741, avg_unseen_mae=1.7638]
    Epoch 469:  [avg_train_loss=3.4711, avg_seen_mae=1.6741, avg_unseen_mae=1.7638]
    Epoch 470:  [avg_train_loss=3.4711, avg_seen_mae=1.6741, avg_unseen_mae=1.7638]
    Epoch 471:  [avg_train_loss=3.4711, avg_seen_mae=1.6741, avg_unseen_mae=1.7638]
    Epoch 472:  [avg_train_loss=3.4711, avg_seen_mae=1.6741, avg_unseen_mae=1.7638]
    Epoch 473:  [avg_train_loss=3.4711, avg_seen_mae=1.6741, avg_unseen_mae=1.7638]
    Epoch 474:  [avg_train_loss=3.4711, avg_seen_mae=1.6741, avg_unseen_mae=1.7638]
    Epoch 475:  [avg_train_loss=3.4711, avg_seen_mae=1.6741, avg_unseen_mae=1.7638]
    Epoch 476:  [avg_train_loss=3.4711, avg_seen_mae=1.6741, avg_unseen_mae=1.7638]
    Epoch 477:  [avg_train_loss=3.4711, avg_seen_mae=1.6741, avg_unseen_mae=1.7638]
    Epoch 478:  [avg_train_loss=3.4711, avg_seen_mae=1.6741, avg_unseen_mae=1.7638]
    Epoch 479:  [avg_train_loss=3.4711, avg_seen_mae=1.6741, avg_unseen_mae=1.7638]
    Epoch 480:  [avg_train_loss=3.4711, avg_seen_mae=1.6741, avg_unseen_mae=1.7638]
    Epoch 481:  [avg_train_loss=3.4711, avg_seen_mae=1.6741, avg_unseen_mae=1.7638]
    Epoch 482:  [avg_train_loss=3.4711, avg_seen_mae=1.6741, avg_unseen_mae=1.7638]
    Epoch 483:  [avg_train_loss=3.4711, avg_seen_mae=1.6741, avg_unseen_mae=1.7638]
    Epoch 484:  [avg_train_loss=3.4711, avg_seen_mae=1.6741, avg_unseen_mae=1.7638]
    Epoch 485:  [avg_train_loss=3.4711, avg_seen_mae=1.6741, avg_unseen_mae=1.7638]
    Epoch 486:  [avg_train_loss=3.4711, avg_seen_mae=1.6741, avg_unseen_mae=1.7638]
    Epoch 487:  [avg_train_loss=3.4711, avg_seen_mae=1.6741, avg_unseen_mae=1.7638]
    Epoch 488:  [avg_train_loss=3.4711, avg_seen_mae=1.6741, avg_unseen_mae=1.7638]
    Epoch 489:  [avg_train_loss=3.4711, avg_seen_mae=1.6741, avg_unseen_mae=1.7638]
    Epoch 490:  [avg_train_loss=3.4711, avg_seen_mae=1.6741, avg_unseen_mae=1.7638]
    Epoch 491:  [avg_train_loss=3.4711, avg_seen_mae=1.6741, avg_unseen_mae=1.7638]
    Epoch 492:  [avg_train_loss=3.4711, avg_seen_mae=1.6741, avg_unseen_mae=1.7638]
    Epoch 493:  [avg_train_loss=3.4711, avg_seen_mae=1.6741, avg_unseen_mae=1.7638]
    Epoch 494:  [avg_train_loss=3.4711, avg_seen_mae=1.6741, avg_unseen_mae=1.7638]
    Epoch 495:  [avg_train_loss=3.4711, avg_seen_mae=1.6741, avg_unseen_mae=1.7638]
    Epoch 496:  [avg_train_loss=3.4711, avg_seen_mae=1.6741, avg_unseen_mae=1.7638]
    Epoch 497:  [avg_train_loss=3.4711, avg_seen_mae=1.6741, avg_unseen_mae=1.7638]
    Epoch 498:  [avg_train_loss=3.4711, avg_seen_mae=1.6741, avg_unseen_mae=1.7638]
    Epoch 499:  [avg_train_loss=3.4711, avg_seen_mae=1.6741, avg_unseen_mae=1.7638]
    Epoch 500:  [avg_train_loss=3.4711, avg_seen_mae=1.6741, avg_unseen_mae=1.7638]
    Epoch 501:  [avg_train_loss=3.4711, avg_seen_mae=1.6741, avg_unseen_mae=1.7638]
    Epoch 502:  [avg_train_loss=3.4711, avg_seen_mae=1.6741, avg_unseen_mae=1.7638]
    Epoch 503:  [avg_train_loss=3.4711, avg_seen_mae=1.6741, avg_unseen_mae=1.7638]
    Epoch 504:  [avg_train_loss=3.4711, avg_seen_mae=1.6741, avg_unseen_mae=1.7638]
    Epoch 505:  [avg_train_loss=3.4711, avg_seen_mae=1.6741, avg_unseen_mae=1.7638]
    Epoch 506:  [avg_train_loss=3.4711, avg_seen_mae=1.6741, avg_unseen_mae=1.7638]
    Epoch 507:  [avg_train_loss=3.4711, avg_seen_mae=1.6741, avg_unseen_mae=1.7638]
    Epoch 508:  [avg_train_loss=3.4711, avg_seen_mae=1.6741, avg_unseen_mae=1.7638]
    Epoch 509:  [avg_train_loss=3.4711, avg_seen_mae=1.6741, avg_unseen_mae=1.7638]
    Epoch 510:  [avg_train_loss=3.4711, avg_seen_mae=1.6741, avg_unseen_mae=1.7638]
    Epoch 511:  [avg_train_loss=3.4711, avg_seen_mae=1.6741, avg_unseen_mae=1.7638]
    Epoch 512:  [avg_train_loss=3.4711, avg_seen_mae=1.6741, avg_unseen_mae=1.7638]
    Epoch 513:  [avg_train_loss=3.4711, avg_seen_mae=1.6741, avg_unseen_mae=1.7638]
    Epoch 514:  [avg_train_loss=3.4711, avg_seen_mae=1.6741, avg_unseen_mae=1.7638]
    Epoch 515:  [avg_train_loss=3.4711, avg_seen_mae=1.6741, avg_unseen_mae=1.7638]
    Epoch 516:  [avg_train_loss=3.4711, avg_seen_mae=1.6741, avg_unseen_mae=1.7638]
    Epoch 517:  [avg_train_loss=3.4711, avg_seen_mae=1.6741, avg_unseen_mae=1.7638]
    Epoch 518:  [avg_train_loss=3.4711, avg_seen_mae=1.6741, avg_unseen_mae=1.7638]
    Epoch 519:  [avg_train_loss=3.4711, avg_seen_mae=1.6741, avg_unseen_mae=1.7638]
    Epoch 520:  [avg_train_loss=3.4711, avg_seen_mae=1.6741, avg_unseen_mae=1.7638]
    Epoch 521:  [avg_train_loss=3.4711, avg_seen_mae=1.6741, avg_unseen_mae=1.7638]
    Epoch 522:  [avg_train_loss=3.4711, avg_seen_mae=1.6741, avg_unseen_mae=1.7638]
    Epoch 523:  [avg_train_loss=3.4711, avg_seen_mae=1.6741, avg_unseen_mae=1.7638]
    Epoch 524:  [avg_train_loss=3.4711, avg_seen_mae=1.6741, avg_unseen_mae=1.7638]
    Epoch 525:  [avg_train_loss=3.4711, avg_seen_mae=1.6741, avg_unseen_mae=1.7638]
    Epoch 526:  [avg_train_loss=3.4711, avg_seen_mae=1.6741, avg_unseen_mae=1.7638]
    Epoch 527:  [avg_train_loss=3.4711, avg_seen_mae=1.6741, avg_unseen_mae=1.7638]
    Epoch 528:  [avg_train_loss=3.4711, avg_seen_mae=1.6741, avg_unseen_mae=1.7638]
    Epoch 529:  [avg_train_loss=3.4711, avg_seen_mae=1.6741, avg_unseen_mae=1.7638]
    Epoch 530:  [avg_train_loss=3.4711, avg_seen_mae=1.6741, avg_unseen_mae=1.7638]
    Epoch 531:  [avg_train_loss=3.4711, avg_seen_mae=1.6741, avg_unseen_mae=1.7638]
    Epoch 532:  [avg_train_loss=3.4711, avg_seen_mae=1.6741, avg_unseen_mae=1.7638]
    Epoch 533:  [avg_train_loss=3.4711, avg_seen_mae=1.6741, avg_unseen_mae=1.7638]
    Epoch 534:  [avg_train_loss=3.4711, avg_seen_mae=1.6741, avg_unseen_mae=1.7638]
    Epoch 535:  [avg_train_loss=3.4711, avg_seen_mae=1.6741, avg_unseen_mae=1.7638]
    Epoch 536:  [avg_train_loss=3.4711, avg_seen_mae=1.6741, avg_unseen_mae=1.7638]
    Epoch 537:  [avg_train_loss=3.4711, avg_seen_mae=1.6741, avg_unseen_mae=1.7638]
    Epoch 538:  [avg_train_loss=3.4711, avg_seen_mae=1.6741, avg_unseen_mae=1.7638]
    Epoch 539:  [avg_train_loss=3.4711, avg_seen_mae=1.6741, avg_unseen_mae=1.7638]
    Epoch 540:  [avg_train_loss=3.4711, avg_seen_mae=1.6741, avg_unseen_mae=1.7638]
    Epoch 541:  [avg_train_loss=3.4711, avg_seen_mae=1.6741, avg_unseen_mae=1.7638]
    Epoch 542:  [avg_train_loss=3.4711, avg_seen_mae=1.6741, avg_unseen_mae=1.7638]
    Epoch 543:  [avg_train_loss=3.4711, avg_seen_mae=1.6741, avg_unseen_mae=1.7638]
    Epoch 544:  [avg_train_loss=3.4711, avg_seen_mae=1.6741, avg_unseen_mae=1.7638]
    Epoch 545:  [avg_train_loss=3.4711, avg_seen_mae=1.6741, avg_unseen_mae=1.7638]
    Epoch 546:  [avg_train_loss=3.4711, avg_seen_mae=1.6741, avg_unseen_mae=1.7638]
    Epoch 547:  [avg_train_loss=3.4711, avg_seen_mae=1.6741, avg_unseen_mae=1.7638]
    Epoch 548:  [avg_train_loss=3.4711, avg_seen_mae=1.6741, avg_unseen_mae=1.7638]
    Epoch 549:  [avg_train_loss=3.4711, avg_seen_mae=1.6741, avg_unseen_mae=1.7638]
    Epoch 550:  [avg_train_loss=3.4711, avg_seen_mae=1.6741, avg_unseen_mae=1.7638]
    Epoch 551:  [avg_train_loss=3.4711, avg_seen_mae=1.6741, avg_unseen_mae=1.7638]
    Epoch 552:  [avg_train_loss=3.4711, avg_seen_mae=1.6741, avg_unseen_mae=1.7638]
    Epoch 553:  [avg_train_loss=3.4711, avg_seen_mae=1.6741, avg_unseen_mae=1.7638]
    Epoch 554:  [avg_train_loss=3.4711, avg_seen_mae=1.6741, avg_unseen_mae=1.7638]
    Epoch 555:  [avg_train_loss=3.4711, avg_seen_mae=1.6741, avg_unseen_mae=1.7638]
    Epoch 556:  [avg_train_loss=3.4711, avg_seen_mae=1.6741, avg_unseen_mae=1.7638]
    Epoch 557:  [avg_train_loss=3.4711, avg_seen_mae=1.6741, avg_unseen_mae=1.7638]
    Epoch 558:  [avg_train_loss=3.4711, avg_seen_mae=1.6741, avg_unseen_mae=1.7638]
    Epoch 559:  [avg_train_loss=3.4711, avg_seen_mae=1.6741, avg_unseen_mae=1.7638]
    Epoch 560:  [avg_train_loss=3.4711, avg_seen_mae=1.6741, avg_unseen_mae=1.7638]
    Epoch 561:  [avg_train_loss=3.4711, avg_seen_mae=1.6741, avg_unseen_mae=1.7638]
    Epoch 562:  [avg_train_loss=3.4711, avg_seen_mae=1.6741, avg_unseen_mae=1.7638]
    Epoch 563:  [avg_train_loss=3.4711, avg_seen_mae=1.6741, avg_unseen_mae=1.7638]
    Epoch 564:  [avg_train_loss=3.4711, avg_seen_mae=1.6741, avg_unseen_mae=1.7638]
    Epoch 565:  [avg_train_loss=3.4711, avg_seen_mae=1.6741, avg_unseen_mae=1.7638]
    Epoch 566:  [avg_train_loss=3.4711, avg_seen_mae=1.6741, avg_unseen_mae=1.7638]
    Epoch 567:  [avg_train_loss=3.4711, avg_seen_mae=1.6741, avg_unseen_mae=1.7638]
    Epoch 568:  [avg_train_loss=3.4711, avg_seen_mae=1.6741, avg_unseen_mae=1.7638]
    Epoch 569:  [avg_train_loss=3.4711, avg_seen_mae=1.6741, avg_unseen_mae=1.7638]
    Epoch 570:  [avg_train_loss=3.4711, avg_seen_mae=1.6741, avg_unseen_mae=1.7638]
    Epoch 571:  [avg_train_loss=3.4711, avg_seen_mae=1.6741, avg_unseen_mae=1.7638]
    Epoch 572:  [avg_train_loss=3.4711, avg_seen_mae=1.6741, avg_unseen_mae=1.7638]
    Epoch 573:  [avg_train_loss=3.4711, avg_seen_mae=1.6741, avg_unseen_mae=1.7638]
    Epoch 574:  [avg_train_loss=3.4711, avg_seen_mae=1.6741, avg_unseen_mae=1.7638]
    Epoch 575:  [avg_train_loss=3.4711, avg_seen_mae=1.6741, avg_unseen_mae=1.7638]
    Epoch 576:  [avg_train_loss=3.4711, avg_seen_mae=1.6741, avg_unseen_mae=1.7638]
    Epoch 577:  [avg_train_loss=3.4711, avg_seen_mae=1.6741, avg_unseen_mae=1.7638]
    Epoch 578:  [avg_train_loss=3.4711, avg_seen_mae=1.6741, avg_unseen_mae=1.7638]
    Epoch 579:  [avg_train_loss=3.4711, avg_seen_mae=1.6741, avg_unseen_mae=1.7638]
    Epoch 580:  [avg_train_loss=3.4711, avg_seen_mae=1.6741, avg_unseen_mae=1.7638]
    Epoch 581:  [avg_train_loss=3.4711, avg_seen_mae=1.6741, avg_unseen_mae=1.7638]
    Epoch 582:  [avg_train_loss=3.4711, avg_seen_mae=1.6741, avg_unseen_mae=1.7638]
    Epoch 583:  [avg_train_loss=3.4711, avg_seen_mae=1.6741, avg_unseen_mae=1.7638]
    Epoch 584:  [avg_train_loss=3.4711, avg_seen_mae=1.6741, avg_unseen_mae=1.7638]
    Epoch 585:  [avg_train_loss=3.4711, avg_seen_mae=1.6741, avg_unseen_mae=1.7638]
    Epoch 586:  [avg_train_loss=3.4711, avg_seen_mae=1.6741, avg_unseen_mae=1.7638]
    Epoch 587:  [avg_train_loss=3.4711, avg_seen_mae=1.6741, avg_unseen_mae=1.7638]
    Epoch 588:  [avg_train_loss=3.4711, avg_seen_mae=1.6741, avg_unseen_mae=1.7638]
    Epoch 589:  [avg_train_loss=3.4711, avg_seen_mae=1.6741, avg_unseen_mae=1.7638]
    Epoch 590:  [avg_train_loss=3.4711, avg_seen_mae=1.6741, avg_unseen_mae=1.7638]
    Epoch 591:  [avg_train_loss=3.4711, avg_seen_mae=1.6741, avg_unseen_mae=1.7638]
    Epoch 592:  [avg_train_loss=3.4711, avg_seen_mae=1.6741, avg_unseen_mae=1.7638]
    Epoch 593:  [avg_train_loss=3.4711, avg_seen_mae=1.6741, avg_unseen_mae=1.7638]
    Epoch 594:  [avg_train_loss=3.4711, avg_seen_mae=1.6741, avg_unseen_mae=1.7638]
    Epoch 595:  [avg_train_loss=3.4711, avg_seen_mae=1.6741, avg_unseen_mae=1.7638]
    Epoch 596:  [avg_train_loss=3.4711, avg_seen_mae=1.6741, avg_unseen_mae=1.7638]
    Epoch 597:  [avg_train_loss=3.4711, avg_seen_mae=1.6741, avg_unseen_mae=1.7638]
    Epoch 598:  [avg_train_loss=3.4711, avg_seen_mae=1.6741, avg_unseen_mae=1.7638]
    Epoch 599:  [avg_train_loss=3.4711, avg_seen_mae=1.6741, avg_unseen_mae=1.7638]
    Epoch 600:  [avg_train_loss=3.4711, avg_seen_mae=1.6741, avg_unseen_mae=1.7638]
    Epoch 601:  [avg_train_loss=3.4711, avg_seen_mae=1.6741, avg_unseen_mae=1.7638]
    Epoch 602:  [avg_train_loss=3.4711, avg_seen_mae=1.6741, avg_unseen_mae=1.7638]
    Epoch 603:  [avg_train_loss=3.4711, avg_seen_mae=1.6741, avg_unseen_mae=1.7638]
    Epoch 604:  [avg_train_loss=3.4711, avg_seen_mae=1.6741, avg_unseen_mae=1.7638]
    Epoch 605:  [avg_train_loss=3.4711, avg_seen_mae=1.6741, avg_unseen_mae=1.7638]
    Epoch 606:  [avg_train_loss=3.4711, avg_seen_mae=1.6741, avg_unseen_mae=1.7638]
    Epoch 607:  [avg_train_loss=3.4711, avg_seen_mae=1.6741, avg_unseen_mae=1.7638]
    Epoch 608:  [avg_train_loss=3.4711, avg_seen_mae=1.6741, avg_unseen_mae=1.7638]
    Epoch 609:  [avg_train_loss=3.4711, avg_seen_mae=1.6741, avg_unseen_mae=1.7638]
    Epoch 610:  [avg_train_loss=3.4711, avg_seen_mae=1.6741, avg_unseen_mae=1.7638]
    Epoch 611:  [avg_train_loss=3.4711, avg_seen_mae=1.6741, avg_unseen_mae=1.7638]
    Epoch 612:  [avg_train_loss=3.4711, avg_seen_mae=1.6741, avg_unseen_mae=1.7638]
    Epoch 613:  [avg_train_loss=3.4711, avg_seen_mae=1.6741, avg_unseen_mae=1.7638]
    Epoch 614:  [avg_train_loss=3.4711, avg_seen_mae=1.6741, avg_unseen_mae=1.7638]
    Epoch 615:  [avg_train_loss=3.4711, avg_seen_mae=1.6741, avg_unseen_mae=1.7638]
    Epoch 616:  [avg_train_loss=3.4711, avg_seen_mae=1.6741, avg_unseen_mae=1.7638]
    Epoch 617:  [avg_train_loss=3.4711, avg_seen_mae=1.6741, avg_unseen_mae=1.7638]
    Epoch 618:  [avg_train_loss=3.4711, avg_seen_mae=1.6741, avg_unseen_mae=1.7638]
    Epoch 619:  [avg_train_loss=3.4711, avg_seen_mae=1.6741, avg_unseen_mae=1.7638]
    Epoch 620:  [avg_train_loss=3.4711, avg_seen_mae=1.6741, avg_unseen_mae=1.7638]
    Epoch 621:  [avg_train_loss=3.4711, avg_seen_mae=1.6741, avg_unseen_mae=1.7638]
    Epoch 622:  [avg_train_loss=3.4711, avg_seen_mae=1.6741, avg_unseen_mae=1.7638]
    Epoch 623:  [avg_train_loss=3.4711, avg_seen_mae=1.6741, avg_unseen_mae=1.7638]
    Epoch 624:  [avg_train_loss=3.4711, avg_seen_mae=1.6741, avg_unseen_mae=1.7638]
    Epoch 625:  [avg_train_loss=3.4711, avg_seen_mae=1.6741, avg_unseen_mae=1.7638]
    Epoch 626:  [avg_train_loss=3.4711, avg_seen_mae=1.6741, avg_unseen_mae=1.7638]
    Epoch 627:  [avg_train_loss=3.4711, avg_seen_mae=1.6741, avg_unseen_mae=1.7638]
    Epoch 628:  [avg_train_loss=3.4711, avg_seen_mae=1.6741, avg_unseen_mae=1.7638]
    Epoch 629:  [avg_train_loss=3.4711, avg_seen_mae=1.6741, avg_unseen_mae=1.7638]
    Epoch 630:  [avg_train_loss=3.4711, avg_seen_mae=1.6741, avg_unseen_mae=1.7638]
    Epoch 631:  [avg_train_loss=3.4711, avg_seen_mae=1.6741, avg_unseen_mae=1.7638]
    Epoch 632:  [avg_train_loss=3.4711, avg_seen_mae=1.6741, avg_unseen_mae=1.7638]
    Epoch 633:  [avg_train_loss=3.4711, avg_seen_mae=1.6741, avg_unseen_mae=1.7638]
    Epoch 634:  [avg_train_loss=3.4711, avg_seen_mae=1.6741, avg_unseen_mae=1.7638]
    Epoch 635:  [avg_train_loss=3.4711, avg_seen_mae=1.6741, avg_unseen_mae=1.7638]
    Epoch 636:  [avg_train_loss=3.4711, avg_seen_mae=1.6741, avg_unseen_mae=1.7638]
    Epoch 637:  [avg_train_loss=3.4711, avg_seen_mae=1.6741, avg_unseen_mae=1.7638]
    Epoch 638:  [avg_train_loss=3.4711, avg_seen_mae=1.6741, avg_unseen_mae=1.7638]
    Epoch 639:  [avg_train_loss=3.4711, avg_seen_mae=1.6741, avg_unseen_mae=1.7638]
    Epoch 640:  [avg_train_loss=3.4711, avg_seen_mae=1.6741, avg_unseen_mae=1.7638]
    Epoch 641:  [avg_train_loss=3.4711, avg_seen_mae=1.6741, avg_unseen_mae=1.7638]
    Epoch 642:  [avg_train_loss=3.4711, avg_seen_mae=1.6741, avg_unseen_mae=1.7638]
    Epoch 643:  [avg_train_loss=3.4711, avg_seen_mae=1.6741, avg_unseen_mae=1.7638]
    Epoch 644:  [avg_train_loss=3.4711, avg_seen_mae=1.6741, avg_unseen_mae=1.7638]
    Epoch 645:  [avg_train_loss=3.4711, avg_seen_mae=1.6741, avg_unseen_mae=1.7638]
    Epoch 646:  [avg_train_loss=3.4711, avg_seen_mae=1.6741, avg_unseen_mae=1.7638]
    Epoch 647:  [avg_train_loss=3.4711, avg_seen_mae=1.6741, avg_unseen_mae=1.7638]
    Epoch 648:  [avg_train_loss=3.4711, avg_seen_mae=1.6741, avg_unseen_mae=1.7638]
    Epoch 649:  [avg_train_loss=3.4711, avg_seen_mae=1.6741, avg_unseen_mae=1.7638]
    Epoch 650:  [avg_train_loss=3.4711, avg_seen_mae=1.6741, avg_unseen_mae=1.7638]
    Epoch 651:  [avg_train_loss=3.4711, avg_seen_mae=1.6741, avg_unseen_mae=1.7638]
    Epoch 652:  [avg_train_loss=3.4711, avg_seen_mae=1.6741, avg_unseen_mae=1.7638]
    Epoch 653:  [avg_train_loss=3.4711, avg_seen_mae=1.6741, avg_unseen_mae=1.7638]
    Epoch 654:  [avg_train_loss=3.4711, avg_seen_mae=1.6741, avg_unseen_mae=1.7638]
    Epoch 655:  [avg_train_loss=3.4711, avg_seen_mae=1.6741, avg_unseen_mae=1.7638]
    Epoch 656:  [avg_train_loss=3.4711, avg_seen_mae=1.6741, avg_unseen_mae=1.7638]
    Epoch 657:  [avg_train_loss=3.4711, avg_seen_mae=1.6741, avg_unseen_mae=1.7638]
    Epoch 658:  [avg_train_loss=3.4711, avg_seen_mae=1.6741, avg_unseen_mae=1.7638]
    Epoch 659:  [avg_train_loss=3.4711, avg_seen_mae=1.6741, avg_unseen_mae=1.7638]
    Epoch 660:  [avg_train_loss=3.4711, avg_seen_mae=1.6741, avg_unseen_mae=1.7638]
    Epoch 661:  [avg_train_loss=3.4711, avg_seen_mae=1.6741, avg_unseen_mae=1.7638]
    Epoch 662:  [avg_train_loss=3.4711, avg_seen_mae=1.6741, avg_unseen_mae=1.7638]
    Epoch 663:  [avg_train_loss=3.4711, avg_seen_mae=1.6741, avg_unseen_mae=1.7638]
    Epoch 664:  [avg_train_loss=3.4711, avg_seen_mae=1.6741, avg_unseen_mae=1.7638]
    Epoch 665:  [avg_train_loss=3.4711, avg_seen_mae=1.6741, avg_unseen_mae=1.7638]
    Epoch 666:  [avg_train_loss=3.4711, avg_seen_mae=1.6741, avg_unseen_mae=1.7638]
    Epoch 667:  [avg_train_loss=3.4711, avg_seen_mae=1.6741, avg_unseen_mae=1.7638]
    Epoch 668:  [avg_train_loss=3.4711, avg_seen_mae=1.6741, avg_unseen_mae=1.7638]
    Epoch 669:  [avg_train_loss=3.4711, avg_seen_mae=1.6741, avg_unseen_mae=1.7638]
    Epoch 670:  [avg_train_loss=3.4711, avg_seen_mae=1.6741, avg_unseen_mae=1.7638]
    Epoch 671:  [avg_train_loss=3.4711, avg_seen_mae=1.6741, avg_unseen_mae=1.7638]
    Epoch 672:  [avg_train_loss=3.4711, avg_seen_mae=1.6741, avg_unseen_mae=1.7638]
    Epoch 673:  [avg_train_loss=3.4711, avg_seen_mae=1.6741, avg_unseen_mae=1.7638]
    Epoch 674:  [avg_train_loss=3.4711, avg_seen_mae=1.6741, avg_unseen_mae=1.7638]
    Epoch 675:  [avg_train_loss=3.4711, avg_seen_mae=1.6741, avg_unseen_mae=1.7638]
    Epoch 676:  [avg_train_loss=3.4711, avg_seen_mae=1.6741, avg_unseen_mae=1.7638]
    Epoch 677:  [avg_train_loss=3.4711, avg_seen_mae=1.6741, avg_unseen_mae=1.7638]
    Epoch 678:  [avg_train_loss=3.4711, avg_seen_mae=1.6741, avg_unseen_mae=1.7638]
    Epoch 679:  [avg_train_loss=3.4711, avg_seen_mae=1.6741, avg_unseen_mae=1.7638]
    Epoch 680:  [avg_train_loss=3.4711, avg_seen_mae=1.6741, avg_unseen_mae=1.7638]
    Epoch 681:  [avg_train_loss=3.4711, avg_seen_mae=1.6741, avg_unseen_mae=1.7638]
    Epoch 682:  [avg_train_loss=3.4711, avg_seen_mae=1.6741, avg_unseen_mae=1.7638]
    Epoch 683:  [avg_train_loss=3.4711, avg_seen_mae=1.6741, avg_unseen_mae=1.7638]
    Epoch 684:  [avg_train_loss=3.4711, avg_seen_mae=1.6741, avg_unseen_mae=1.7638]
    Epoch 685:  [avg_train_loss=3.4711, avg_seen_mae=1.6741, avg_unseen_mae=1.7638]
    Epoch 686:  [avg_train_loss=3.4711, avg_seen_mae=1.6741, avg_unseen_mae=1.7638]
    Epoch 687:  [avg_train_loss=3.4711, avg_seen_mae=1.6741, avg_unseen_mae=1.7638]
    Epoch 688:  [avg_train_loss=3.4711, avg_seen_mae=1.6741, avg_unseen_mae=1.7638]
    Epoch 689:  [avg_train_loss=3.4711, avg_seen_mae=1.6741, avg_unseen_mae=1.7638]
    Epoch 690:  [avg_train_loss=3.4711, avg_seen_mae=1.6741, avg_unseen_mae=1.7638]
    Epoch 691:  [avg_train_loss=3.4711, avg_seen_mae=1.6741, avg_unseen_mae=1.7638]
    Epoch 692:  [avg_train_loss=3.4711, avg_seen_mae=1.6741, avg_unseen_mae=1.7638]
    Epoch 693:  [avg_train_loss=3.4711, avg_seen_mae=1.6741, avg_unseen_mae=1.7638]
    Epoch 694:  [avg_train_loss=3.4711, avg_seen_mae=1.6741, avg_unseen_mae=1.7638]
    Epoch 695:  [avg_train_loss=3.4711, avg_seen_mae=1.6741, avg_unseen_mae=1.7638]
    Epoch 696:  [avg_train_loss=3.4711, avg_seen_mae=1.6741, avg_unseen_mae=1.7638]
    Epoch 697:  [avg_train_loss=3.4711, avg_seen_mae=1.6741, avg_unseen_mae=1.7638]
    Epoch 698:  [avg_train_loss=3.4711, avg_seen_mae=1.6741, avg_unseen_mae=1.7638]
    Epoch 699:  [avg_train_loss=3.4711, avg_seen_mae=1.6741, avg_unseen_mae=1.7638]
    Epoch 700:  [avg_train_loss=3.4711, avg_seen_mae=1.6741, avg_unseen_mae=1.7638]
    Epoch 701:  [avg_train_loss=3.4711, avg_seen_mae=1.6741, avg_unseen_mae=1.7638]
    Epoch 702:  [avg_train_loss=3.4711, avg_seen_mae=1.6741, avg_unseen_mae=1.7638]
    Epoch 703:  [avg_train_loss=3.4711, avg_seen_mae=1.6741, avg_unseen_mae=1.7638]
    Epoch 704:  [avg_train_loss=3.4711, avg_seen_mae=1.6741, avg_unseen_mae=1.7638]
    Epoch 705:  [avg_train_loss=3.4711, avg_seen_mae=1.6741, avg_unseen_mae=1.7638]
    Epoch 706:  [avg_train_loss=3.4711, avg_seen_mae=1.6741, avg_unseen_mae=1.7638]
    Epoch 707:  [avg_train_loss=3.4711, avg_seen_mae=1.6741, avg_unseen_mae=1.7638]
    Epoch 708:  [avg_train_loss=3.4711, avg_seen_mae=1.6741, avg_unseen_mae=1.7638]
    Epoch 709:  [avg_train_loss=3.4711, avg_seen_mae=1.6741, avg_unseen_mae=1.7638]
    Epoch 710:  [avg_train_loss=3.4711, avg_seen_mae=1.6741, avg_unseen_mae=1.7638]
    Epoch 711:  [avg_train_loss=3.4711, avg_seen_mae=1.6741, avg_unseen_mae=1.7638]
    Epoch 712:  [avg_train_loss=3.4711, avg_seen_mae=1.6741, avg_unseen_mae=1.7638]
    Epoch 713:  [avg_train_loss=3.4711, avg_seen_mae=1.6741, avg_unseen_mae=1.7638]
    Epoch 714:  [avg_train_loss=3.4711, avg_seen_mae=1.6741, avg_unseen_mae=1.7638]
    Epoch 715:  [avg_train_loss=3.4711, avg_seen_mae=1.6741, avg_unseen_mae=1.7638]
    Epoch 716:  [avg_train_loss=3.4711, avg_seen_mae=1.6741, avg_unseen_mae=1.7638]
    Epoch 717:  [avg_train_loss=3.4711, avg_seen_mae=1.6741, avg_unseen_mae=1.7638]
    Epoch 718:  [avg_train_loss=3.4711, avg_seen_mae=1.6741, avg_unseen_mae=1.7638]
    Epoch 719:  [avg_train_loss=3.4711, avg_seen_mae=1.6741, avg_unseen_mae=1.7638]
    Epoch 720:  [avg_train_loss=3.4711, avg_seen_mae=1.6741, avg_unseen_mae=1.7638]
    Epoch 721:  [avg_train_loss=3.4711, avg_seen_mae=1.6741, avg_unseen_mae=1.7638]
    Epoch 722:  [avg_train_loss=3.4711, avg_seen_mae=1.6741, avg_unseen_mae=1.7638]
    Epoch 723:  [avg_train_loss=3.4711, avg_seen_mae=1.6741, avg_unseen_mae=1.7638]
    Epoch 724:  [avg_train_loss=3.4711, avg_seen_mae=1.6741, avg_unseen_mae=1.7638]
    Epoch 725:  [avg_train_loss=3.4711, avg_seen_mae=1.6741, avg_unseen_mae=1.7638]
    Epoch 726:  [avg_train_loss=3.4711, avg_seen_mae=1.6741, avg_unseen_mae=1.7638]
    Epoch 727:  [avg_train_loss=3.4711, avg_seen_mae=1.6741, avg_unseen_mae=1.7638]
    Epoch 728:  [avg_train_loss=3.4711, avg_seen_mae=1.6741, avg_unseen_mae=1.7638]
    Epoch 729:  [avg_train_loss=3.4711, avg_seen_mae=1.6741, avg_unseen_mae=1.7638]
    Epoch 730:  [avg_train_loss=3.4711, avg_seen_mae=1.6741, avg_unseen_mae=1.7638]
    Epoch 731:  [avg_train_loss=3.4711, avg_seen_mae=1.6741, avg_unseen_mae=1.7638]
    Epoch 732:  [avg_train_loss=3.4711, avg_seen_mae=1.6741, avg_unseen_mae=1.7638]
    Epoch 733:  [avg_train_loss=3.4711, avg_seen_mae=1.6741, avg_unseen_mae=1.7638]
    Epoch 734:  [avg_train_loss=3.4711, avg_seen_mae=1.6741, avg_unseen_mae=1.7638]
    Epoch 735:  [avg_train_loss=3.4711, avg_seen_mae=1.6741, avg_unseen_mae=1.7638]
    Epoch 736:  [avg_train_loss=3.4711, avg_seen_mae=1.6741, avg_unseen_mae=1.7638]
    Epoch 737:  [avg_train_loss=3.4711, avg_seen_mae=1.6741, avg_unseen_mae=1.7638]
    Epoch 738:  [avg_train_loss=3.4711, avg_seen_mae=1.6741, avg_unseen_mae=1.7638]
    Epoch 739:  [avg_train_loss=3.4711, avg_seen_mae=1.6741, avg_unseen_mae=1.7638]
    Epoch 740:  [avg_train_loss=3.4711, avg_seen_mae=1.6741, avg_unseen_mae=1.7638]
    Epoch 741:  [avg_train_loss=3.4711, avg_seen_mae=1.6741, avg_unseen_mae=1.7638]
    Epoch 742:  [avg_train_loss=3.4711, avg_seen_mae=1.6741, avg_unseen_mae=1.7638]
    Epoch 743:  [avg_train_loss=3.4711, avg_seen_mae=1.6741, avg_unseen_mae=1.7638]
    Epoch 744:  [avg_train_loss=3.4711, avg_seen_mae=1.6741, avg_unseen_mae=1.7638]
    Epoch 745:  [avg_train_loss=3.4711, avg_seen_mae=1.6741, avg_unseen_mae=1.7638]
    Epoch 746:  [avg_train_loss=3.4711, avg_seen_mae=1.6741, avg_unseen_mae=1.7638]
    Epoch 747:  [avg_train_loss=3.4711, avg_seen_mae=1.6741, avg_unseen_mae=1.7638]
    Epoch 748:  [avg_train_loss=3.4711, avg_seen_mae=1.6741, avg_unseen_mae=1.7638]
    Epoch 749:  [avg_train_loss=3.4711, avg_seen_mae=1.6741, avg_unseen_mae=1.7638]
    Epoch 750:  [avg_train_loss=3.4711, avg_seen_mae=1.6741, avg_unseen_mae=1.7638]
    Epoch 751:  [avg_train_loss=3.4711, avg_seen_mae=1.6741, avg_unseen_mae=1.7638]
    Epoch 752:  [avg_train_loss=3.4711, avg_seen_mae=1.6741, avg_unseen_mae=1.7638]
    Epoch 753:  [avg_train_loss=3.4711, avg_seen_mae=1.6741, avg_unseen_mae=1.7638]
    Epoch 754:  [avg_train_loss=3.4711, avg_seen_mae=1.6741, avg_unseen_mae=1.7638]
    Epoch 755:  [avg_train_loss=3.4711, avg_seen_mae=1.6741, avg_unseen_mae=1.7638]
    Epoch 756:  [avg_train_loss=3.4711, avg_seen_mae=1.6741, avg_unseen_mae=1.7638]
    Epoch 757:  [avg_train_loss=3.4711, avg_seen_mae=1.6741, avg_unseen_mae=1.7638]
    Epoch 758:  [avg_train_loss=3.4711, avg_seen_mae=1.6741, avg_unseen_mae=1.7638]
    Epoch 759:  [avg_train_loss=3.4711, avg_seen_mae=1.6741, avg_unseen_mae=1.7638]
    Epoch 760:  [avg_train_loss=3.4711, avg_seen_mae=1.6741, avg_unseen_mae=1.7638]
    Epoch 761:  [avg_train_loss=3.4711, avg_seen_mae=1.6741, avg_unseen_mae=1.7638]
    Epoch 762:  [avg_train_loss=3.4711, avg_seen_mae=1.6741, avg_unseen_mae=1.7638]
    Epoch 763:  [avg_train_loss=3.4711, avg_seen_mae=1.6741, avg_unseen_mae=1.7638]
    Epoch 764:  [avg_train_loss=3.4711, avg_seen_mae=1.6741, avg_unseen_mae=1.7638]
    Epoch 765:  [avg_train_loss=3.4711, avg_seen_mae=1.6741, avg_unseen_mae=1.7638]
    Epoch 766:  [avg_train_loss=3.4711, avg_seen_mae=1.6741, avg_unseen_mae=1.7638]
    Epoch 767:  [avg_train_loss=3.4711, avg_seen_mae=1.6741, avg_unseen_mae=1.7638]
    Epoch 768:  [avg_train_loss=3.4711, avg_seen_mae=1.6741, avg_unseen_mae=1.7638]
    Epoch 769:  [avg_train_loss=3.4711, avg_seen_mae=1.6741, avg_unseen_mae=1.7638]
    Epoch 770:  [avg_train_loss=3.4711, avg_seen_mae=1.6741, avg_unseen_mae=1.7638]
    Epoch 771:  [avg_train_loss=3.4711, avg_seen_mae=1.6741, avg_unseen_mae=1.7638]
    Epoch 772:  [avg_train_loss=3.4711, avg_seen_mae=1.6741, avg_unseen_mae=1.7638]
    Epoch 773:  [avg_train_loss=3.4711, avg_seen_mae=1.6741, avg_unseen_mae=1.7638]
    Epoch 774:  [avg_train_loss=3.4711, avg_seen_mae=1.6741, avg_unseen_mae=1.7638]
    Epoch 775:  [avg_train_loss=3.4711, avg_seen_mae=1.6741, avg_unseen_mae=1.7638]
    Epoch 776:  [avg_train_loss=3.4711, avg_seen_mae=1.6741, avg_unseen_mae=1.7638]
    Epoch 777:  [avg_train_loss=3.4711, avg_seen_mae=1.6741, avg_unseen_mae=1.7638]
    Epoch 778:  [avg_train_loss=3.4711, avg_seen_mae=1.6741, avg_unseen_mae=1.7638]
    Epoch 779:  [avg_train_loss=3.4711, avg_seen_mae=1.6741, avg_unseen_mae=1.7638]
    Epoch 780:  [avg_train_loss=3.4711, avg_seen_mae=1.6741, avg_unseen_mae=1.7638]
    Epoch 781:  [avg_train_loss=3.4711, avg_seen_mae=1.6741, avg_unseen_mae=1.7638]
    Epoch 782:  [avg_train_loss=3.4711, avg_seen_mae=1.6741, avg_unseen_mae=1.7638]
    Epoch 783:  [avg_train_loss=3.4711, avg_seen_mae=1.6741, avg_unseen_mae=1.7638]
    Epoch 784:  [avg_train_loss=3.4711, avg_seen_mae=1.6741, avg_unseen_mae=1.7638]
    Epoch 785:  [avg_train_loss=3.4711, avg_seen_mae=1.6741, avg_unseen_mae=1.7638]
    Epoch 786:  [avg_train_loss=3.4711, avg_seen_mae=1.6741, avg_unseen_mae=1.7638]
    Epoch 787:  [avg_train_loss=3.4711, avg_seen_mae=1.6741, avg_unseen_mae=1.7638]
    Epoch 788:  [avg_train_loss=3.4711, avg_seen_mae=1.6741, avg_unseen_mae=1.7638]
    Epoch 789:  [avg_train_loss=3.4711, avg_seen_mae=1.6741, avg_unseen_mae=1.7638]
    Epoch 790:  [avg_train_loss=3.4711, avg_seen_mae=1.6741, avg_unseen_mae=1.7638]
    Epoch 791:  [avg_train_loss=3.4711, avg_seen_mae=1.6741, avg_unseen_mae=1.7638]
    Epoch 792:  [avg_train_loss=3.4711, avg_seen_mae=1.6741, avg_unseen_mae=1.7638]
    Epoch 793:  [avg_train_loss=3.4711, avg_seen_mae=1.6741, avg_unseen_mae=1.7638]
    Epoch 794:  [avg_train_loss=3.4711, avg_seen_mae=1.6741, avg_unseen_mae=1.7638]
    Epoch 795:  [avg_train_loss=3.4711, avg_seen_mae=1.6741, avg_unseen_mae=1.7638]
    Epoch 796:  [avg_train_loss=3.4711, avg_seen_mae=1.6741, avg_unseen_mae=1.7638]
    Epoch 797:  [avg_train_loss=3.4711, avg_seen_mae=1.6741, avg_unseen_mae=1.7638]
    Epoch 798:  [avg_train_loss=3.4711, avg_seen_mae=1.6741, avg_unseen_mae=1.7638]
    Epoch 799:  [avg_train_loss=3.4711, avg_seen_mae=1.6741, avg_unseen_mae=1.7638]
    Epoch 800:  [avg_train_loss=3.4711, avg_seen_mae=1.6741, avg_unseen_mae=1.7638]
    Epoch 801:  [avg_train_loss=3.4711, avg_seen_mae=1.6741, avg_unseen_mae=1.7638]
    Epoch 802:  [avg_train_loss=3.4711, avg_seen_mae=1.6741, avg_unseen_mae=1.7638]
    Epoch 803:  [avg_train_loss=3.4711, avg_seen_mae=1.6741, avg_unseen_mae=1.7638]
    Epoch 804:  [avg_train_loss=3.4711, avg_seen_mae=1.6741, avg_unseen_mae=1.7638]
    Epoch 805:  [avg_train_loss=3.4711, avg_seen_mae=1.6741, avg_unseen_mae=1.7638]
    Epoch 806:  [avg_train_loss=3.4711, avg_seen_mae=1.6741, avg_unseen_mae=1.7638]
    Epoch 807:  [avg_train_loss=3.4711, avg_seen_mae=1.6741, avg_unseen_mae=1.7638]
    Epoch 808:  [avg_train_loss=3.4711, avg_seen_mae=1.6741, avg_unseen_mae=1.7638]
    Epoch 809:  [avg_train_loss=3.4711, avg_seen_mae=1.6741, avg_unseen_mae=1.7638]
    Epoch 810:  [avg_train_loss=3.4711, avg_seen_mae=1.6741, avg_unseen_mae=1.7638]
    Epoch 811:  [avg_train_loss=3.4711, avg_seen_mae=1.6741, avg_unseen_mae=1.7638]
    Epoch 812:  [avg_train_loss=3.4711, avg_seen_mae=1.6741, avg_unseen_mae=1.7638]
    Epoch 813:  [avg_train_loss=3.4711, avg_seen_mae=1.6741, avg_unseen_mae=1.7638]
    Epoch 814:  [avg_train_loss=3.4711, avg_seen_mae=1.6741, avg_unseen_mae=1.7638]
    Epoch 815:  [avg_train_loss=3.4711, avg_seen_mae=1.6741, avg_unseen_mae=1.7638]
    Epoch 816:  [avg_train_loss=3.4711, avg_seen_mae=1.6741, avg_unseen_mae=1.7638]
    Epoch 817:  [avg_train_loss=3.4711, avg_seen_mae=1.6741, avg_unseen_mae=1.7638]
    Epoch 818:  [avg_train_loss=3.4711, avg_seen_mae=1.6741, avg_unseen_mae=1.7638]
    Epoch 819:  [avg_train_loss=3.4711, avg_seen_mae=1.6741, avg_unseen_mae=1.7638]
    Epoch 820:  [avg_train_loss=3.4711, avg_seen_mae=1.6741, avg_unseen_mae=1.7638]
    Epoch 821:  [avg_train_loss=3.4711, avg_seen_mae=1.6741, avg_unseen_mae=1.7638]
    Epoch 822:  [avg_train_loss=3.4711, avg_seen_mae=1.6741, avg_unseen_mae=1.7638]
    Epoch 823:  [avg_train_loss=3.4711, avg_seen_mae=1.6741, avg_unseen_mae=1.7638]
    Epoch 824:  [avg_train_loss=3.4711, avg_seen_mae=1.6741, avg_unseen_mae=1.7638]
    Epoch 825:  [avg_train_loss=3.4711, avg_seen_mae=1.6741, avg_unseen_mae=1.7638]
    Epoch 826:  [avg_train_loss=3.4711, avg_seen_mae=1.6741, avg_unseen_mae=1.7638]
    Epoch 827:  [avg_train_loss=3.4711, avg_seen_mae=1.6741, avg_unseen_mae=1.7638]
    Epoch 828:  [avg_train_loss=3.4711, avg_seen_mae=1.6741, avg_unseen_mae=1.7638]
    Epoch 829:  [avg_train_loss=3.4711, avg_seen_mae=1.6741, avg_unseen_mae=1.7638]
    Epoch 830:  [avg_train_loss=3.4711, avg_seen_mae=1.6741, avg_unseen_mae=1.7638]
    Epoch 831:  [avg_train_loss=3.4711, avg_seen_mae=1.6741, avg_unseen_mae=1.7638]
    Epoch 832:  [avg_train_loss=3.4711, avg_seen_mae=1.6741, avg_unseen_mae=1.7638]
    Epoch 833:  [avg_train_loss=3.4711, avg_seen_mae=1.6741, avg_unseen_mae=1.7638]
    Epoch 834:  [avg_train_loss=3.4711, avg_seen_mae=1.6741, avg_unseen_mae=1.7638]
    Epoch 835:  [avg_train_loss=3.4711, avg_seen_mae=1.6741, avg_unseen_mae=1.7638]
    Epoch 836:  [avg_train_loss=3.4711, avg_seen_mae=1.6741, avg_unseen_mae=1.7638]
    Epoch 837:  [avg_train_loss=3.4711, avg_seen_mae=1.6741, avg_unseen_mae=1.7638]
    Epoch 838:  [avg_train_loss=3.4711, avg_seen_mae=1.6741, avg_unseen_mae=1.7638]
    Epoch 839:  [avg_train_loss=3.4711, avg_seen_mae=1.6741, avg_unseen_mae=1.7638]
    Epoch 840:  [avg_train_loss=3.4711, avg_seen_mae=1.6741, avg_unseen_mae=1.7638]
    Epoch 841:  [avg_train_loss=3.4711, avg_seen_mae=1.6741, avg_unseen_mae=1.7638]
    Epoch 842:  [avg_train_loss=3.4711, avg_seen_mae=1.6741, avg_unseen_mae=1.7638]
    Epoch 843:  [avg_train_loss=3.4711, avg_seen_mae=1.6741, avg_unseen_mae=1.7638]
    Epoch 844:  [avg_train_loss=3.4711, avg_seen_mae=1.6741, avg_unseen_mae=1.7638]
    Epoch 845:  [avg_train_loss=3.4711, avg_seen_mae=1.6741, avg_unseen_mae=1.7638]
    Epoch 846:  [avg_train_loss=3.4711, avg_seen_mae=1.6741, avg_unseen_mae=1.7638]
    Epoch 847:  [avg_train_loss=3.4711, avg_seen_mae=1.6741, avg_unseen_mae=1.7638]
    Epoch 848:  [avg_train_loss=3.4711, avg_seen_mae=1.6741, avg_unseen_mae=1.7638]
    Epoch 849:  [avg_train_loss=3.4711, avg_seen_mae=1.6741, avg_unseen_mae=1.7638]
    Epoch 850:  [avg_train_loss=3.4711, avg_seen_mae=1.6741, avg_unseen_mae=1.7638]
    Epoch 851:  [avg_train_loss=3.4711, avg_seen_mae=1.6741, avg_unseen_mae=1.7638]
    Epoch 852:  [avg_train_loss=3.4711, avg_seen_mae=1.6741, avg_unseen_mae=1.7638]
    Epoch 853:  [avg_train_loss=3.4711, avg_seen_mae=1.6741, avg_unseen_mae=1.7638]
    Epoch 854:  [avg_train_loss=3.4711, avg_seen_mae=1.6741, avg_unseen_mae=1.7638]
    Epoch 855:  [avg_train_loss=3.4711, avg_seen_mae=1.6741, avg_unseen_mae=1.7638]
    Epoch 856:  [avg_train_loss=3.4711, avg_seen_mae=1.6741, avg_unseen_mae=1.7638]
    Epoch 857:  [avg_train_loss=3.4711, avg_seen_mae=1.6741, avg_unseen_mae=1.7638]
    Epoch 858:  [avg_train_loss=3.4711, avg_seen_mae=1.6741, avg_unseen_mae=1.7638]
    Epoch 859:  [avg_train_loss=3.4711, avg_seen_mae=1.6741, avg_unseen_mae=1.7638]
    Epoch 860:  [avg_train_loss=3.4711, avg_seen_mae=1.6741, avg_unseen_mae=1.7638]
    Epoch 861:  [avg_train_loss=3.4711, avg_seen_mae=1.6741, avg_unseen_mae=1.7638]
    Epoch 862:  [avg_train_loss=3.4711, avg_seen_mae=1.6741, avg_unseen_mae=1.7638]
    Epoch 863:  [avg_train_loss=3.4711, avg_seen_mae=1.6741, avg_unseen_mae=1.7638]
    Epoch 864:  [avg_train_loss=3.4711, avg_seen_mae=1.6741, avg_unseen_mae=1.7638]
    Epoch 865:  [avg_train_loss=3.4711, avg_seen_mae=1.6741, avg_unseen_mae=1.7638]
    Epoch 866:  [avg_train_loss=3.4711, avg_seen_mae=1.6741, avg_unseen_mae=1.7638]
    Epoch 867:  [avg_train_loss=3.4711, avg_seen_mae=1.6741, avg_unseen_mae=1.7638]
    Epoch 868:  [avg_train_loss=3.4711, avg_seen_mae=1.6741, avg_unseen_mae=1.7638]
    Epoch 869:  [avg_train_loss=3.4711, avg_seen_mae=1.6741, avg_unseen_mae=1.7638]
    Epoch 870:  [avg_train_loss=3.4711, avg_seen_mae=1.6741, avg_unseen_mae=1.7638]
    Epoch 871:  [avg_train_loss=3.4711, avg_seen_mae=1.6741, avg_unseen_mae=1.7638]
    Epoch 872:  [avg_train_loss=3.4711, avg_seen_mae=1.6741, avg_unseen_mae=1.7638]
    Epoch 873:  [avg_train_loss=3.4711, avg_seen_mae=1.6741, avg_unseen_mae=1.7638]
    Epoch 874:  [avg_train_loss=3.4711, avg_seen_mae=1.6741, avg_unseen_mae=1.7638]
    Epoch 875:  [avg_train_loss=3.4711, avg_seen_mae=1.6741, avg_unseen_mae=1.7638]
    Epoch 876:  [avg_train_loss=3.4711, avg_seen_mae=1.6741, avg_unseen_mae=1.7638]
    Epoch 877:  [avg_train_loss=3.4711, avg_seen_mae=1.6741, avg_unseen_mae=1.7638]
    Epoch 878:  [avg_train_loss=3.4711, avg_seen_mae=1.6741, avg_unseen_mae=1.7638]
    Epoch 879:  [avg_train_loss=3.4711, avg_seen_mae=1.6741, avg_unseen_mae=1.7638]
    Epoch 880:  [avg_train_loss=3.4711, avg_seen_mae=1.6741, avg_unseen_mae=1.7638]
    Epoch 881:  [avg_train_loss=3.4711, avg_seen_mae=1.6741, avg_unseen_mae=1.7638]
    Epoch 882:  [avg_train_loss=3.4711, avg_seen_mae=1.6741, avg_unseen_mae=1.7638]
    Epoch 883:  [avg_train_loss=3.4711, avg_seen_mae=1.6741, avg_unseen_mae=1.7638]
    Epoch 884:  [avg_train_loss=3.4711, avg_seen_mae=1.6741, avg_unseen_mae=1.7638]
    Epoch 885:  [avg_train_loss=3.4711, avg_seen_mae=1.6741, avg_unseen_mae=1.7638]
    Epoch 886:  [avg_train_loss=3.4711, avg_seen_mae=1.6741, avg_unseen_mae=1.7638]
    Epoch 887:  [avg_train_loss=3.4711, avg_seen_mae=1.6741, avg_unseen_mae=1.7638]
    Epoch 888:  [avg_train_loss=3.4711, avg_seen_mae=1.6741, avg_unseen_mae=1.7638]
    Epoch 889:  [avg_train_loss=3.4711, avg_seen_mae=1.6741, avg_unseen_mae=1.7638]
    Epoch 890:  [avg_train_loss=3.4711, avg_seen_mae=1.6741, avg_unseen_mae=1.7638]
    Epoch 891:  [avg_train_loss=3.4711, avg_seen_mae=1.6741, avg_unseen_mae=1.7638]
    Epoch 892:  [avg_train_loss=3.4711, avg_seen_mae=1.6741, avg_unseen_mae=1.7638]
    Epoch 893:  [avg_train_loss=3.4711, avg_seen_mae=1.6741, avg_unseen_mae=1.7638]
    Epoch 894:  [avg_train_loss=3.4711, avg_seen_mae=1.6741, avg_unseen_mae=1.7638]
    Epoch 895:  [avg_train_loss=3.4711, avg_seen_mae=1.6741, avg_unseen_mae=1.7638]
    Epoch 896:  [avg_train_loss=3.4711, avg_seen_mae=1.6741, avg_unseen_mae=1.7638]
    Epoch 897:  [avg_train_loss=3.4711, avg_seen_mae=1.6741, avg_unseen_mae=1.7638]
    Epoch 898:  [avg_train_loss=3.4711, avg_seen_mae=1.6741, avg_unseen_mae=1.7638]
    Epoch 899:  [avg_train_loss=3.4711, avg_seen_mae=1.6741, avg_unseen_mae=1.7638]
    Epoch 900:  [avg_train_loss=3.4711, avg_seen_mae=1.6741, avg_unseen_mae=1.7638]
    Epoch 901:  [avg_train_loss=3.4711, avg_seen_mae=1.6741, avg_unseen_mae=1.7638]
    Epoch 902:  [avg_train_loss=3.4711, avg_seen_mae=1.6741, avg_unseen_mae=1.7638]
    Epoch 903:  [avg_train_loss=3.4711, avg_seen_mae=1.6741, avg_unseen_mae=1.7638]
    Epoch 904:  [avg_train_loss=3.4711, avg_seen_mae=1.6741, avg_unseen_mae=1.7638]
    Epoch 905:  [avg_train_loss=3.4711, avg_seen_mae=1.6741, avg_unseen_mae=1.7638]
    Epoch 906:  [avg_train_loss=3.4711, avg_seen_mae=1.6741, avg_unseen_mae=1.7638]
    Epoch 907:  [avg_train_loss=3.4711, avg_seen_mae=1.6741, avg_unseen_mae=1.7638]
    Epoch 908:  [avg_train_loss=3.4711, avg_seen_mae=1.6741, avg_unseen_mae=1.7638]
    Epoch 909:  [avg_train_loss=3.4711, avg_seen_mae=1.6741, avg_unseen_mae=1.7638]
    Epoch 910:  [avg_train_loss=3.4711, avg_seen_mae=1.6741, avg_unseen_mae=1.7638]
    Epoch 911:  [avg_train_loss=3.4711, avg_seen_mae=1.6741, avg_unseen_mae=1.7638]
    Epoch 912:  [avg_train_loss=3.4711, avg_seen_mae=1.6741, avg_unseen_mae=1.7638]
    Epoch 913:  [avg_train_loss=3.4711, avg_seen_mae=1.6741, avg_unseen_mae=1.7638]
    Epoch 914:  [avg_train_loss=3.4711, avg_seen_mae=1.6741, avg_unseen_mae=1.7638]
    Epoch 915:  [avg_train_loss=3.4711, avg_seen_mae=1.6741, avg_unseen_mae=1.7638]
    Epoch 916:  [avg_train_loss=3.4711, avg_seen_mae=1.6741, avg_unseen_mae=1.7638]
    Epoch 917:  [avg_train_loss=3.4711, avg_seen_mae=1.6741, avg_unseen_mae=1.7638]
    Epoch 918:  [avg_train_loss=3.4711, avg_seen_mae=1.6741, avg_unseen_mae=1.7638]
    Epoch 919:  [avg_train_loss=3.4711, avg_seen_mae=1.6741, avg_unseen_mae=1.7638]
    Epoch 920:  [avg_train_loss=3.4711, avg_seen_mae=1.6741, avg_unseen_mae=1.7638]
    Epoch 921:  [avg_train_loss=3.4711, avg_seen_mae=1.6741, avg_unseen_mae=1.7638]
    Epoch 922:  [avg_train_loss=3.4711, avg_seen_mae=1.6741, avg_unseen_mae=1.7638]
    Epoch 923:  [avg_train_loss=3.4711, avg_seen_mae=1.6741, avg_unseen_mae=1.7638]
    Epoch 924:  [avg_train_loss=3.4711, avg_seen_mae=1.6741, avg_unseen_mae=1.7638]
    Epoch 925:  [avg_train_loss=3.4711, avg_seen_mae=1.6741, avg_unseen_mae=1.7638]
    Epoch 926:  [avg_train_loss=3.4711, avg_seen_mae=1.6741, avg_unseen_mae=1.7638]
    Epoch 927:  [avg_train_loss=3.4711, avg_seen_mae=1.6741, avg_unseen_mae=1.7638]
    Epoch 928:  [avg_train_loss=3.4711, avg_seen_mae=1.6741, avg_unseen_mae=1.7638]
    Epoch 929:  [avg_train_loss=3.4711, avg_seen_mae=1.6741, avg_unseen_mae=1.7638]
    Epoch 930:  [avg_train_loss=3.4711, avg_seen_mae=1.6741, avg_unseen_mae=1.7638]
    Epoch 931:  [avg_train_loss=3.4711, avg_seen_mae=1.6741, avg_unseen_mae=1.7638]
    Epoch 932:  [avg_train_loss=3.4711, avg_seen_mae=1.6741, avg_unseen_mae=1.7638]
    Epoch 933:  [avg_train_loss=3.4711, avg_seen_mae=1.6741, avg_unseen_mae=1.7638]
    Epoch 934:  [avg_train_loss=3.4711, avg_seen_mae=1.6741, avg_unseen_mae=1.7638]
    Epoch 935:  [avg_train_loss=3.4711, avg_seen_mae=1.6741, avg_unseen_mae=1.7638]
    Epoch 936:  [avg_train_loss=3.4711, avg_seen_mae=1.6741, avg_unseen_mae=1.7638]
    Epoch 937:  [avg_train_loss=3.4711, avg_seen_mae=1.6741, avg_unseen_mae=1.7638]
    Epoch 938:  [avg_train_loss=3.4711, avg_seen_mae=1.6741, avg_unseen_mae=1.7638]
    Epoch 939:  [avg_train_loss=3.4711, avg_seen_mae=1.6741, avg_unseen_mae=1.7638]
    Epoch 940:  [avg_train_loss=3.4711, avg_seen_mae=1.6741, avg_unseen_mae=1.7638]
    Epoch 941:  [avg_train_loss=3.4711, avg_seen_mae=1.6741, avg_unseen_mae=1.7638]
    Epoch 942:  [avg_train_loss=3.4711, avg_seen_mae=1.6741, avg_unseen_mae=1.7638]
    Epoch 943:  [avg_train_loss=3.4711, avg_seen_mae=1.6741, avg_unseen_mae=1.7638]
    Epoch 944:  [avg_train_loss=3.4711, avg_seen_mae=1.6741, avg_unseen_mae=1.7638]
    Epoch 945:  [avg_train_loss=3.4711, avg_seen_mae=1.6741, avg_unseen_mae=1.7638]
    Epoch 946:  [avg_train_loss=3.4711, avg_seen_mae=1.6741, avg_unseen_mae=1.7638]
    Epoch 947:  [avg_train_loss=3.4711, avg_seen_mae=1.6741, avg_unseen_mae=1.7638]
    Epoch 948:  [avg_train_loss=3.4711, avg_seen_mae=1.6741, avg_unseen_mae=1.7638]
    Epoch 949:  [avg_train_loss=3.4711, avg_seen_mae=1.6741, avg_unseen_mae=1.7638]
    Epoch 950:  [avg_train_loss=3.4711, avg_seen_mae=1.6741, avg_unseen_mae=1.7638]
    Epoch 951:  [avg_train_loss=3.4711, avg_seen_mae=1.6741, avg_unseen_mae=1.7638]
    Epoch 952:  [avg_train_loss=3.4711, avg_seen_mae=1.6741, avg_unseen_mae=1.7638]
    Epoch 953:  [avg_train_loss=3.4711, avg_seen_mae=1.6741, avg_unseen_mae=1.7638]
    Epoch 954:  [avg_train_loss=3.4711, avg_seen_mae=1.6741, avg_unseen_mae=1.7638]
    Epoch 955:  [avg_train_loss=3.4711, avg_seen_mae=1.6741, avg_unseen_mae=1.7638]
    Epoch 956:  [avg_train_loss=3.4711, avg_seen_mae=1.6741, avg_unseen_mae=1.7638]
    Epoch 957:  [avg_train_loss=3.4711, avg_seen_mae=1.6741, avg_unseen_mae=1.7638]
    Epoch 958:  [avg_train_loss=3.4711, avg_seen_mae=1.6741, avg_unseen_mae=1.7638]
    Epoch 959:  [avg_train_loss=3.4711, avg_seen_mae=1.6741, avg_unseen_mae=1.7638]
    Epoch 960:  [avg_train_loss=3.4711, avg_seen_mae=1.6741, avg_unseen_mae=1.7638]
    Epoch 961:  [avg_train_loss=3.4711, avg_seen_mae=1.6741, avg_unseen_mae=1.7638]
    Epoch 962:  [avg_train_loss=3.4711, avg_seen_mae=1.6741, avg_unseen_mae=1.7638]
    Epoch 963:  [avg_train_loss=3.4711, avg_seen_mae=1.6741, avg_unseen_mae=1.7638]
    Epoch 964:  [avg_train_loss=3.4711, avg_seen_mae=1.6741, avg_unseen_mae=1.7638]
    Epoch 965:  [avg_train_loss=3.4711, avg_seen_mae=1.6741, avg_unseen_mae=1.7638]
    Epoch 966:  [avg_train_loss=3.4711, avg_seen_mae=1.6741, avg_unseen_mae=1.7638]
    Epoch 967:  [avg_train_loss=3.4711, avg_seen_mae=1.6741, avg_unseen_mae=1.7638]
    Epoch 968:  [avg_train_loss=3.4711, avg_seen_mae=1.6741, avg_unseen_mae=1.7638]
    Epoch 969:  [avg_train_loss=3.4711, avg_seen_mae=1.6741, avg_unseen_mae=1.7638]
    Epoch 970:  [avg_train_loss=3.4711, avg_seen_mae=1.6741, avg_unseen_mae=1.7638]
    Epoch 971:  [avg_train_loss=3.4711, avg_seen_mae=1.6741, avg_unseen_mae=1.7638]
    Epoch 972:  [avg_train_loss=3.4711, avg_seen_mae=1.6741, avg_unseen_mae=1.7638]
    Epoch 973:  [avg_train_loss=3.4711, avg_seen_mae=1.6741, avg_unseen_mae=1.7638]
    Epoch 974:  [avg_train_loss=3.4711, avg_seen_mae=1.6741, avg_unseen_mae=1.7638]
    Epoch 975:  [avg_train_loss=3.4711, avg_seen_mae=1.6741, avg_unseen_mae=1.7638]
    Epoch 976:  [avg_train_loss=3.4711, avg_seen_mae=1.6741, avg_unseen_mae=1.7638]
    Epoch 977:  [avg_train_loss=3.4711, avg_seen_mae=1.6741, avg_unseen_mae=1.7638]
    Epoch 978:  [avg_train_loss=3.4711, avg_seen_mae=1.6741, avg_unseen_mae=1.7638]
    Epoch 979:  [avg_train_loss=3.4711, avg_seen_mae=1.6741, avg_unseen_mae=1.7638]
    Epoch 980:  [avg_train_loss=3.4711, avg_seen_mae=1.6741, avg_unseen_mae=1.7638]
    Epoch 981:  [avg_train_loss=3.4711, avg_seen_mae=1.6741, avg_unseen_mae=1.7638]
    Epoch 982:  [avg_train_loss=3.4711, avg_seen_mae=1.6741, avg_unseen_mae=1.7638]
    Epoch 983:  [avg_train_loss=3.4711, avg_seen_mae=1.6741, avg_unseen_mae=1.7638]
    Epoch 984:  [avg_train_loss=3.4711, avg_seen_mae=1.6741, avg_unseen_mae=1.7638]
    Epoch 985:  [avg_train_loss=3.4711, avg_seen_mae=1.6741, avg_unseen_mae=1.7638]
    Epoch 986:  [avg_train_loss=3.4711, avg_seen_mae=1.6741, avg_unseen_mae=1.7638]
    Epoch 987:  [avg_train_loss=3.4711, avg_seen_mae=1.6741, avg_unseen_mae=1.7638]
    Epoch 988:  [avg_train_loss=3.4711, avg_seen_mae=1.6741, avg_unseen_mae=1.7638]
    Epoch 989:  [avg_train_loss=3.4711, avg_seen_mae=1.6741, avg_unseen_mae=1.7638]
    Epoch 990:  [avg_train_loss=3.4711, avg_seen_mae=1.6741, avg_unseen_mae=1.7638]
    Epoch 991:  [avg_train_loss=3.4711, avg_seen_mae=1.6741, avg_unseen_mae=1.7638]
    Epoch 992:  [avg_train_loss=3.4711, avg_seen_mae=1.6741, avg_unseen_mae=1.7638]
    Epoch 993:  [avg_train_loss=3.4711, avg_seen_mae=1.6741, avg_unseen_mae=1.7638]
    Epoch 994:  [avg_train_loss=3.4711, avg_seen_mae=1.6741, avg_unseen_mae=1.7638]
    Epoch 995:  [avg_train_loss=3.4711, avg_seen_mae=1.6741, avg_unseen_mae=1.7638]
    Epoch 996:  [avg_train_loss=3.4711, avg_seen_mae=1.6741, avg_unseen_mae=1.7638]
    Epoch 997:  [avg_train_loss=3.4711, avg_seen_mae=1.6741, avg_unseen_mae=1.7638]
    Epoch 998:  [avg_train_loss=3.4711, avg_seen_mae=1.6741, avg_unseen_mae=1.7638]
    Epoch 999:  [avg_train_loss=3.4711, avg_seen_mae=1.6741, avg_unseen_mae=1.7638]
    Epoch 1000:  [avg_train_loss=3.4711, avg_seen_mae=1.6741, avg_unseen_mae=1.7638]
  [AGGREGATED_CURVES_END]


==================================================
  Experiment: Withholding m=15 stations
==================================================
  Running 10 iterations for m=15...

  --- Iteration 1/10 ---
  Unseen stations (15): ['0-20000-0-06240', '0-20000-0-06260', '0-20000-0-06270', '0-20000-0-06273', '0-20000-0-06278', '0-20000-0-06279', '0-20000-0-06283', '0-20000-0-06290', '0-20000-0-06320', '0-20000-0-06330', '0-20000-0-06344', '0-20000-0-06348', '0-20000-0-06356', '0-20000-0-06370', '0-20000-0-06380']
  [Time Est] ~15.9s/epoch. ETA for m=15: ~53.0 mins.
    Epoch   10/1000 | Loss: 3.5930 | Monitor MAE: 1.8267 | Patience: 1/10
    Epoch   20/1000 | Loss: 3.5500 | Monitor MAE: 1.8177 | Patience: 2/10
    Early stopping triggered after 27 epochs.
    Iter 1 Results -> Seen MAE: 1.7129 | Unseen MAE: 1.7879

  --- Iteration 2/10 ---
  Unseen stations (15): ['0-20000-0-06235', '0-20000-0-06240', '0-20000-0-06260', '0-20000-0-06270', '0-20000-0-06273', '0-20000-0-06280', '0-20000-0-06286', '0-20000-0-06290', '0-20000-0-06320', '0-20000-0-06330', '0-20000-0-06344', '0-20000-0-06356', '0-20000-0-06370', '0-20000-0-06375', '0-20000-0-06380']
    Epoch   10/1000 | Loss: 3.6417 | Monitor MAE: 1.7853 | Patience: 3/10
    Epoch   20/1000 | Loss: 3.6085 | Monitor MAE: 1.8160 | Patience: 4/10
    Early stopping triggered after 25 epochs.
    Iter 2 Results -> Seen MAE: 1.7638 | Unseen MAE: 1.7602

  --- Iteration 3/10 ---
  Unseen stations (15): ['0-20000-0-06235', '0-20000-0-06240', '0-20000-0-06275', '0-20000-0-06278', '0-20000-0-06279', '0-20000-0-06280', '0-20000-0-06283', '0-20000-0-06310', '0-20000-0-06330', '0-20000-0-06344', '0-20000-0-06348', '0-20000-0-06350', '0-20000-0-06370', '0-20000-0-06375', '0-20000-0-06380']
    Epoch   10/1000 | Loss: 3.4598 | Monitor MAE: 1.7921 | Patience: 0/10
    Epoch   20/1000 | Loss: 3.4179 | Monitor MAE: 1.7991 | Patience: 6/10
    Early stopping triggered after 23 epochs.
    Iter 3 Results -> Seen MAE: 1.6732 | Unseen MAE: 1.7846

  --- Iteration 4/10 ---
  Unseen stations (15): ['0-20000-0-06240', '0-20000-0-06270', '0-20000-0-06273', '0-20000-0-06275', '0-20000-0-06279', '0-20000-0-06280', '0-20000-0-06283', '0-20000-0-06286', '0-20000-0-06320', '0-20000-0-06330', '0-20000-0-06344', '0-20000-0-06350', '0-20000-0-06356', '0-20000-0-06370', '0-20000-0-06375']
    Epoch   10/1000 | Loss: 3.5341 | Monitor MAE: 1.8059 | Patience: 0/10
    Epoch   20/1000 | Loss: 3.4889 | Monitor MAE: 1.8006 | Patience: 8/10
    Early stopping triggered after 21 epochs.
    Iter 4 Results -> Seen MAE: 1.7103 | Unseen MAE: 1.7883

  --- Iteration 5/10 ---
  Unseen stations (15): ['0-20000-0-06240', '0-20000-0-06260', '0-20000-0-06269', '0-20000-0-06273', '0-20000-0-06278', '0-20000-0-06279', '0-20000-0-06280', '0-20000-0-06283', '0-20000-0-06290', '0-20000-0-06310', '0-20000-0-06320', '0-20000-0-06330', '0-20000-0-06348', '0-20000-0-06350', '0-20000-0-06370']
    Epoch   10/1000 | Loss: 3.5866 | Monitor MAE: 1.8125 | Patience: 0/10
    Epoch   20/1000 | Loss: 3.5529 | Monitor MAE: 1.7720 | Patience: 3/10
    Epoch   30/1000 | Loss: 3.5247 | Monitor MAE: 1.8316 | Patience: 2/10
    Early stopping triggered after 37 epochs.
    Iter 5 Results -> Seen MAE: 1.7100 | Unseen MAE: 1.7538

  --- Iteration 6/10 ---
  Unseen stations (15): ['0-20000-0-06269', '0-20000-0-06270', '0-20000-0-06273', '0-20000-0-06275', '0-20000-0-06278', '0-20000-0-06279', '0-20000-0-06280', '0-20000-0-06283', '0-20000-0-06286', '0-20000-0-06330', '0-20000-0-06344', '0-20000-0-06348', '0-20000-0-06356', '0-20000-0-06375', '0-20000-0-06380']
    Epoch   10/1000 | Loss: 3.3972 | Monitor MAE: 1.7860 | Patience: 1/10
    Epoch   20/1000 | Loss: 3.3604 | Monitor MAE: 1.7814 | Patience: 0/10
    Epoch   30/1000 | Loss: 3.3316 | Monitor MAE: 1.7913 | Patience: 3/10
    Epoch   40/1000 | Loss: 3.3078 | Monitor MAE: 1.7504 | Patience: 6/10
    Early stopping triggered after 43 epochs.
    Iter 6 Results -> Seen MAE: 1.5874 | Unseen MAE: 1.7452

  --- Iteration 7/10 ---
  Unseen stations (15): ['0-20000-0-06235', '0-20000-0-06240', '0-20000-0-06269', '0-20000-0-06279', '0-20000-0-06280', '0-20000-0-06283', '0-20000-0-06286', '0-20000-0-06290', '0-20000-0-06310', '0-20000-0-06344', '0-20000-0-06348', '0-20000-0-06350', '0-20000-0-06370', '0-20000-0-06375', '0-20000-0-06380']
    Epoch   10/1000 | Loss: 3.4384 | Monitor MAE: 1.8039 | Patience: 0/10
    Epoch   20/1000 | Loss: 3.3889 | Monitor MAE: 1.7600 | Patience: 0/10
    Early stopping triggered after 29 epochs.
    Iter 7 Results -> Seen MAE: 1.6348 | Unseen MAE: 1.7549

  --- Iteration 8/10 ---
  Unseen stations (15): ['0-20000-0-06240', '0-20000-0-06260', '0-20000-0-06270', '0-20000-0-06278', '0-20000-0-06279', '0-20000-0-06280', '0-20000-0-06283', '0-20000-0-06290', '0-20000-0-06310', '0-20000-0-06320', '0-20000-0-06330', '0-20000-0-06344', '0-20000-0-06348', '0-20000-0-06370', '0-20000-0-06375']
    Epoch   10/1000 | Loss: 3.6337 | Monitor MAE: 1.7791 | Patience: 0/10
    Epoch   20/1000 | Loss: 3.5943 | Monitor MAE: 1.7926 | Patience: 2/10
    Epoch   30/1000 | Loss: 3.5739 | Monitor MAE: 1.7689 | Patience: 3/10
    Epoch   40/1000 | Loss: 3.5599 | Monitor MAE: 1.7486 | Patience: 5/10
    Early stopping triggered after 44 epochs.
    Iter 8 Results -> Seen MAE: 1.7054 | Unseen MAE: 1.7312

  --- Iteration 9/10 ---
  Unseen stations (15): ['0-20000-0-06235', '0-20000-0-06240', '0-20000-0-06269', '0-20000-0-06270', '0-20000-0-06273', '0-20000-0-06275', '0-20000-0-06278', '0-20000-0-06280', '0-20000-0-06320', '0-20000-0-06344', '0-20000-0-06348', '0-20000-0-06350', '0-20000-0-06356', '0-20000-0-06370', '0-20000-0-06375']
    Epoch   10/1000 | Loss: 3.5851 | Monitor MAE: 1.7741 | Patience: 1/10
    Epoch   20/1000 | Loss: 3.5440 | Monitor MAE: 1.7194 | Patience: 2/10
    Epoch   30/1000 | Loss: 3.5309 | Monitor MAE: 1.7315 | Patience: 9/10
    Early stopping triggered after 30 epochs.
    Iter 9 Results -> Seen MAE: 1.7392 | Unseen MAE: 1.7194

  --- Iteration 10/10 ---
  Unseen stations (15): ['0-20000-0-06235', '0-20000-0-06240', '0-20000-0-06260', '0-20000-0-06273', '0-20000-0-06278', '0-20000-0-06279', '0-20000-0-06280', '0-20000-0-06283', '0-20000-0-06310', '0-20000-0-06344', '0-20000-0-06350', '0-20000-0-06356', '0-20000-0-06370', '0-20000-0-06375', '0-20000-0-06380']
    Epoch   10/1000 | Loss: 3.4374 | Monitor MAE: 1.7979 | Patience: 3/10
    Epoch   20/1000 | Loss: 3.4005 | Monitor MAE: 1.7785 | Patience: 2/10
    Epoch   30/1000 | Loss: 3.3717 | Monitor MAE: 1.7613 | Patience: 3/10
    Epoch   40/1000 | Loss: 3.3525 | Monitor MAE: 1.7538 | Patience: 6/10
    Early stopping triggered after 43 epochs.
    Iter 10 Results -> Seen MAE: 1.6275 | Unseen MAE: 1.7498

  ========================================
  AGGREGATED RESULTS (Across all iterations)
  SEEN   mean MAE Tmax: 1.6864
  UNSEEN mean MAE Tmax: 1.7575 ± 0.0223
  Degradation: 0.0711 °C
  ========================================

  [AGGREGATED_CURVES_START]
    Epoch 1:  [avg_train_loss=3.7183, avg_seen_mae=1.8120, avg_unseen_mae=1.8531]
    Epoch 2:  [avg_train_loss=3.6235, avg_seen_mae=1.7821, avg_unseen_mae=1.8313]
    Epoch 3:  [avg_train_loss=3.5949, avg_seen_mae=1.7663, avg_unseen_mae=1.8181]
    Epoch 4:  [avg_train_loss=3.5777, avg_seen_mae=1.7612, avg_unseen_mae=1.8138]
    Epoch 5:  [avg_train_loss=3.5661, avg_seen_mae=1.7544, avg_unseen_mae=1.8126]
    Epoch 6:  [avg_train_loss=3.5548, avg_seen_mae=1.7492, avg_unseen_mae=1.8123]
    Epoch 7:  [avg_train_loss=3.5453, avg_seen_mae=1.7482, avg_unseen_mae=1.8149]
    Epoch 8:  [avg_train_loss=3.5424, avg_seen_mae=1.7406, avg_unseen_mae=1.8026]
    Epoch 9:  [avg_train_loss=3.5355, avg_seen_mae=1.7302, avg_unseen_mae=1.7975]
    Epoch 10:  [avg_train_loss=3.5307, avg_seen_mae=1.7302, avg_unseen_mae=1.7963]
    Epoch 11:  [avg_train_loss=3.5264, avg_seen_mae=1.7176, avg_unseen_mae=1.7887]
    Epoch 12:  [avg_train_loss=3.5205, avg_seen_mae=1.7257, avg_unseen_mae=1.7953]
    Epoch 13:  [avg_train_loss=3.5152, avg_seen_mae=1.7222, avg_unseen_mae=1.7934]
    Epoch 14:  [avg_train_loss=3.5107, avg_seen_mae=1.7216, avg_unseen_mae=1.7935]
    Epoch 15:  [avg_train_loss=3.5062, avg_seen_mae=1.7115, avg_unseen_mae=1.7886]
    Epoch 16:  [avg_train_loss=3.5028, avg_seen_mae=1.7088, avg_unseen_mae=1.7856]
    Epoch 17:  [avg_train_loss=3.5007, avg_seen_mae=1.7103, avg_unseen_mae=1.7845]
    Epoch 18:  [avg_train_loss=3.4972, avg_seen_mae=1.6995, avg_unseen_mae=1.7807]
    Epoch 19:  [avg_train_loss=3.4954, avg_seen_mae=1.7006, avg_unseen_mae=1.7827]
    Epoch 20:  [avg_train_loss=3.4906, avg_seen_mae=1.6981, avg_unseen_mae=1.7837]
    Epoch 21:  [avg_train_loss=3.4927, avg_seen_mae=1.7037, avg_unseen_mae=1.7904]
    Epoch 22:  [avg_train_loss=3.4900, avg_seen_mae=1.7000, avg_unseen_mae=1.7888]
    Epoch 23:  [avg_train_loss=3.4872, avg_seen_mae=1.6974, avg_unseen_mae=1.7887]
    Epoch 24:  [avg_train_loss=3.4846, avg_seen_mae=1.6974, avg_unseen_mae=1.7887]
    Epoch 25:  [avg_train_loss=3.4808, avg_seen_mae=1.6954, avg_unseen_mae=1.7910]
    Epoch 26:  [avg_train_loss=3.4798, avg_seen_mae=1.6959, avg_unseen_mae=1.7885]
    Epoch 27:  [avg_train_loss=3.4765, avg_seen_mae=1.6921, avg_unseen_mae=1.7876]
    Epoch 28:  [avg_train_loss=3.4772, avg_seen_mae=1.6897, avg_unseen_mae=1.7850]
    Epoch 29:  [avg_train_loss=3.4770, avg_seen_mae=1.6900, avg_unseen_mae=1.7880]
    Epoch 30:  [avg_train_loss=3.4752, avg_seen_mae=1.6874, avg_unseen_mae=1.7918]
    Epoch 31:  [avg_train_loss=3.4741, avg_seen_mae=1.6841, avg_unseen_mae=1.7820]
    Epoch 32:  [avg_train_loss=3.4744, avg_seen_mae=1.6860, avg_unseen_mae=1.7868]
    Epoch 33:  [avg_train_loss=3.4736, avg_seen_mae=1.6817, avg_unseen_mae=1.7814]
    Epoch 34:  [avg_train_loss=3.4716, avg_seen_mae=1.6807, avg_unseen_mae=1.7780]
    Epoch 35:  [avg_train_loss=3.4697, avg_seen_mae=1.6860, avg_unseen_mae=1.7898]
    Epoch 36:  [avg_train_loss=3.4699, avg_seen_mae=1.6804, avg_unseen_mae=1.7835]
    Epoch 37:  [avg_train_loss=3.4691, avg_seen_mae=1.6828, avg_unseen_mae=1.7844]
    Epoch 38:  [avg_train_loss=3.4698, avg_seen_mae=1.6823, avg_unseen_mae=1.7837]
    Epoch 39:  [avg_train_loss=3.4700, avg_seen_mae=1.6813, avg_unseen_mae=1.7843]
    Epoch 40:  [avg_train_loss=3.4684, avg_seen_mae=1.6803, avg_unseen_mae=1.7802]
    Epoch 41:  [avg_train_loss=3.4689, avg_seen_mae=1.6775, avg_unseen_mae=1.7815]
    Epoch 42:  [avg_train_loss=3.4669, avg_seen_mae=1.6787, avg_unseen_mae=1.7837]
    Epoch 43:  [avg_train_loss=3.4658, avg_seen_mae=1.6784, avg_unseen_mae=1.7811]
    Epoch 44:  [avg_train_loss=3.4649, avg_seen_mae=1.6777, avg_unseen_mae=1.7808]
    Epoch 45:  [avg_train_loss=3.4649, avg_seen_mae=1.6777, avg_unseen_mae=1.7808]
    Epoch 46:  [avg_train_loss=3.4649, avg_seen_mae=1.6777, avg_unseen_mae=1.7808]
    Epoch 47:  [avg_train_loss=3.4649, avg_seen_mae=1.6777, avg_unseen_mae=1.7808]
    Epoch 48:  [avg_train_loss=3.4649, avg_seen_mae=1.6777, avg_unseen_mae=1.7808]
    Epoch 49:  [avg_train_loss=3.4649, avg_seen_mae=1.6777, avg_unseen_mae=1.7808]
    Epoch 50:  [avg_train_loss=3.4649, avg_seen_mae=1.6777, avg_unseen_mae=1.7808]
    Epoch 51:  [avg_train_loss=3.4649, avg_seen_mae=1.6777, avg_unseen_mae=1.7808]
    Epoch 52:  [avg_train_loss=3.4649, avg_seen_mae=1.6777, avg_unseen_mae=1.7808]
    Epoch 53:  [avg_train_loss=3.4649, avg_seen_mae=1.6777, avg_unseen_mae=1.7808]
    Epoch 54:  [avg_train_loss=3.4649, avg_seen_mae=1.6777, avg_unseen_mae=1.7808]
    Epoch 55:  [avg_train_loss=3.4649, avg_seen_mae=1.6777, avg_unseen_mae=1.7808]
    Epoch 56:  [avg_train_loss=3.4649, avg_seen_mae=1.6777, avg_unseen_mae=1.7808]
    Epoch 57:  [avg_train_loss=3.4649, avg_seen_mae=1.6777, avg_unseen_mae=1.7808]
    Epoch 58:  [avg_train_loss=3.4649, avg_seen_mae=1.6777, avg_unseen_mae=1.7808]
    Epoch 59:  [avg_train_loss=3.4649, avg_seen_mae=1.6777, avg_unseen_mae=1.7808]
    Epoch 60:  [avg_train_loss=3.4649, avg_seen_mae=1.6777, avg_unseen_mae=1.7808]
    Epoch 61:  [avg_train_loss=3.4649, avg_seen_mae=1.6777, avg_unseen_mae=1.7808]
    Epoch 62:  [avg_train_loss=3.4649, avg_seen_mae=1.6777, avg_unseen_mae=1.7808]
    Epoch 63:  [avg_train_loss=3.4649, avg_seen_mae=1.6777, avg_unseen_mae=1.7808]
    Epoch 64:  [avg_train_loss=3.4649, avg_seen_mae=1.6777, avg_unseen_mae=1.7808]
    Epoch 65:  [avg_train_loss=3.4649, avg_seen_mae=1.6777, avg_unseen_mae=1.7808]
    Epoch 66:  [avg_train_loss=3.4649, avg_seen_mae=1.6777, avg_unseen_mae=1.7808]
    Epoch 67:  [avg_train_loss=3.4649, avg_seen_mae=1.6777, avg_unseen_mae=1.7808]
    Epoch 68:  [avg_train_loss=3.4649, avg_seen_mae=1.6777, avg_unseen_mae=1.7808]
    Epoch 69:  [avg_train_loss=3.4649, avg_seen_mae=1.6777, avg_unseen_mae=1.7808]
    Epoch 70:  [avg_train_loss=3.4649, avg_seen_mae=1.6777, avg_unseen_mae=1.7808]
    Epoch 71:  [avg_train_loss=3.4649, avg_seen_mae=1.6777, avg_unseen_mae=1.7808]
    Epoch 72:  [avg_train_loss=3.4649, avg_seen_mae=1.6777, avg_unseen_mae=1.7808]
    Epoch 73:  [avg_train_loss=3.4649, avg_seen_mae=1.6777, avg_unseen_mae=1.7808]
    Epoch 74:  [avg_train_loss=3.4649, avg_seen_mae=1.6777, avg_unseen_mae=1.7808]
    Epoch 75:  [avg_train_loss=3.4649, avg_seen_mae=1.6777, avg_unseen_mae=1.7808]
    Epoch 76:  [avg_train_loss=3.4649, avg_seen_mae=1.6777, avg_unseen_mae=1.7808]
    Epoch 77:  [avg_train_loss=3.4649, avg_seen_mae=1.6777, avg_unseen_mae=1.7808]
    Epoch 78:  [avg_train_loss=3.4649, avg_seen_mae=1.6777, avg_unseen_mae=1.7808]
    Epoch 79:  [avg_train_loss=3.4649, avg_seen_mae=1.6777, avg_unseen_mae=1.7808]
    Epoch 80:  [avg_train_loss=3.4649, avg_seen_mae=1.6777, avg_unseen_mae=1.7808]
    Epoch 81:  [avg_train_loss=3.4649, avg_seen_mae=1.6777, avg_unseen_mae=1.7808]
    Epoch 82:  [avg_train_loss=3.4649, avg_seen_mae=1.6777, avg_unseen_mae=1.7808]
    Epoch 83:  [avg_train_loss=3.4649, avg_seen_mae=1.6777, avg_unseen_mae=1.7808]
    Epoch 84:  [avg_train_loss=3.4649, avg_seen_mae=1.6777, avg_unseen_mae=1.7808]
    Epoch 85:  [avg_train_loss=3.4649, avg_seen_mae=1.6777, avg_unseen_mae=1.7808]
    Epoch 86:  [avg_train_loss=3.4649, avg_seen_mae=1.6777, avg_unseen_mae=1.7808]
    Epoch 87:  [avg_train_loss=3.4649, avg_seen_mae=1.6777, avg_unseen_mae=1.7808]
    Epoch 88:  [avg_train_loss=3.4649, avg_seen_mae=1.6777, avg_unseen_mae=1.7808]
    Epoch 89:  [avg_train_loss=3.4649, avg_seen_mae=1.6777, avg_unseen_mae=1.7808]
    Epoch 90:  [avg_train_loss=3.4649, avg_seen_mae=1.6777, avg_unseen_mae=1.7808]
    Epoch 91:  [avg_train_loss=3.4649, avg_seen_mae=1.6777, avg_unseen_mae=1.7808]
    Epoch 92:  [avg_train_loss=3.4649, avg_seen_mae=1.6777, avg_unseen_mae=1.7808]
    Epoch 93:  [avg_train_loss=3.4649, avg_seen_mae=1.6777, avg_unseen_mae=1.7808]
    Epoch 94:  [avg_train_loss=3.4649, avg_seen_mae=1.6777, avg_unseen_mae=1.7808]
    Epoch 95:  [avg_train_loss=3.4649, avg_seen_mae=1.6777, avg_unseen_mae=1.7808]
    Epoch 96:  [avg_train_loss=3.4649, avg_seen_mae=1.6777, avg_unseen_mae=1.7808]
    Epoch 97:  [avg_train_loss=3.4649, avg_seen_mae=1.6777, avg_unseen_mae=1.7808]
    Epoch 98:  [avg_train_loss=3.4649, avg_seen_mae=1.6777, avg_unseen_mae=1.7808]
    Epoch 99:  [avg_train_loss=3.4649, avg_seen_mae=1.6777, avg_unseen_mae=1.7808]
    Epoch 100:  [avg_train_loss=3.4649, avg_seen_mae=1.6777, avg_unseen_mae=1.7808]
    Epoch 101:  [avg_train_loss=3.4649, avg_seen_mae=1.6777, avg_unseen_mae=1.7808]
    Epoch 102:  [avg_train_loss=3.4649, avg_seen_mae=1.6777, avg_unseen_mae=1.7808]
    Epoch 103:  [avg_train_loss=3.4649, avg_seen_mae=1.6777, avg_unseen_mae=1.7808]
    Epoch 104:  [avg_train_loss=3.4649, avg_seen_mae=1.6777, avg_unseen_mae=1.7808]
    Epoch 105:  [avg_train_loss=3.4649, avg_seen_mae=1.6777, avg_unseen_mae=1.7808]
    Epoch 106:  [avg_train_loss=3.4649, avg_seen_mae=1.6777, avg_unseen_mae=1.7808]
    Epoch 107:  [avg_train_loss=3.4649, avg_seen_mae=1.6777, avg_unseen_mae=1.7808]
    Epoch 108:  [avg_train_loss=3.4649, avg_seen_mae=1.6777, avg_unseen_mae=1.7808]
    Epoch 109:  [avg_train_loss=3.4649, avg_seen_mae=1.6777, avg_unseen_mae=1.7808]
    Epoch 110:  [avg_train_loss=3.4649, avg_seen_mae=1.6777, avg_unseen_mae=1.7808]
    Epoch 111:  [avg_train_loss=3.4649, avg_seen_mae=1.6777, avg_unseen_mae=1.7808]
    Epoch 112:  [avg_train_loss=3.4649, avg_seen_mae=1.6777, avg_unseen_mae=1.7808]
    Epoch 113:  [avg_train_loss=3.4649, avg_seen_mae=1.6777, avg_unseen_mae=1.7808]
    Epoch 114:  [avg_train_loss=3.4649, avg_seen_mae=1.6777, avg_unseen_mae=1.7808]
    Epoch 115:  [avg_train_loss=3.4649, avg_seen_mae=1.6777, avg_unseen_mae=1.7808]
    Epoch 116:  [avg_train_loss=3.4649, avg_seen_mae=1.6777, avg_unseen_mae=1.7808]
    Epoch 117:  [avg_train_loss=3.4649, avg_seen_mae=1.6777, avg_unseen_mae=1.7808]
    Epoch 118:  [avg_train_loss=3.4649, avg_seen_mae=1.6777, avg_unseen_mae=1.7808]
    Epoch 119:  [avg_train_loss=3.4649, avg_seen_mae=1.6777, avg_unseen_mae=1.7808]
    Epoch 120:  [avg_train_loss=3.4649, avg_seen_mae=1.6777, avg_unseen_mae=1.7808]
    Epoch 121:  [avg_train_loss=3.4649, avg_seen_mae=1.6777, avg_unseen_mae=1.7808]
    Epoch 122:  [avg_train_loss=3.4649, avg_seen_mae=1.6777, avg_unseen_mae=1.7808]
    Epoch 123:  [avg_train_loss=3.4649, avg_seen_mae=1.6777, avg_unseen_mae=1.7808]
    Epoch 124:  [avg_train_loss=3.4649, avg_seen_mae=1.6777, avg_unseen_mae=1.7808]
    Epoch 125:  [avg_train_loss=3.4649, avg_seen_mae=1.6777, avg_unseen_mae=1.7808]
    Epoch 126:  [avg_train_loss=3.4649, avg_seen_mae=1.6777, avg_unseen_mae=1.7808]
    Epoch 127:  [avg_train_loss=3.4649, avg_seen_mae=1.6777, avg_unseen_mae=1.7808]
    Epoch 128:  [avg_train_loss=3.4649, avg_seen_mae=1.6777, avg_unseen_mae=1.7808]
    Epoch 129:  [avg_train_loss=3.4649, avg_seen_mae=1.6777, avg_unseen_mae=1.7808]
    Epoch 130:  [avg_train_loss=3.4649, avg_seen_mae=1.6777, avg_unseen_mae=1.7808]
    Epoch 131:  [avg_train_loss=3.4649, avg_seen_mae=1.6777, avg_unseen_mae=1.7808]
    Epoch 132:  [avg_train_loss=3.4649, avg_seen_mae=1.6777, avg_unseen_mae=1.7808]
    Epoch 133:  [avg_train_loss=3.4649, avg_seen_mae=1.6777, avg_unseen_mae=1.7808]
    Epoch 134:  [avg_train_loss=3.4649, avg_seen_mae=1.6777, avg_unseen_mae=1.7808]
    Epoch 135:  [avg_train_loss=3.4649, avg_seen_mae=1.6777, avg_unseen_mae=1.7808]
    Epoch 136:  [avg_train_loss=3.4649, avg_seen_mae=1.6777, avg_unseen_mae=1.7808]
    Epoch 137:  [avg_train_loss=3.4649, avg_seen_mae=1.6777, avg_unseen_mae=1.7808]
    Epoch 138:  [avg_train_loss=3.4649, avg_seen_mae=1.6777, avg_unseen_mae=1.7808]
    Epoch 139:  [avg_train_loss=3.4649, avg_seen_mae=1.6777, avg_unseen_mae=1.7808]
    Epoch 140:  [avg_train_loss=3.4649, avg_seen_mae=1.6777, avg_unseen_mae=1.7808]
    Epoch 141:  [avg_train_loss=3.4649, avg_seen_mae=1.6777, avg_unseen_mae=1.7808]
    Epoch 142:  [avg_train_loss=3.4649, avg_seen_mae=1.6777, avg_unseen_mae=1.7808]
    Epoch 143:  [avg_train_loss=3.4649, avg_seen_mae=1.6777, avg_unseen_mae=1.7808]
    Epoch 144:  [avg_train_loss=3.4649, avg_seen_mae=1.6777, avg_unseen_mae=1.7808]
    Epoch 145:  [avg_train_loss=3.4649, avg_seen_mae=1.6777, avg_unseen_mae=1.7808]
    Epoch 146:  [avg_train_loss=3.4649, avg_seen_mae=1.6777, avg_unseen_mae=1.7808]
    Epoch 147:  [avg_train_loss=3.4649, avg_seen_mae=1.6777, avg_unseen_mae=1.7808]
    Epoch 148:  [avg_train_loss=3.4649, avg_seen_mae=1.6777, avg_unseen_mae=1.7808]
    Epoch 149:  [avg_train_loss=3.4649, avg_seen_mae=1.6777, avg_unseen_mae=1.7808]
    Epoch 150:  [avg_train_loss=3.4649, avg_seen_mae=1.6777, avg_unseen_mae=1.7808]
    Epoch 151:  [avg_train_loss=3.4649, avg_seen_mae=1.6777, avg_unseen_mae=1.7808]
    Epoch 152:  [avg_train_loss=3.4649, avg_seen_mae=1.6777, avg_unseen_mae=1.7808]
    Epoch 153:  [avg_train_loss=3.4649, avg_seen_mae=1.6777, avg_unseen_mae=1.7808]
    Epoch 154:  [avg_train_loss=3.4649, avg_seen_mae=1.6777, avg_unseen_mae=1.7808]
    Epoch 155:  [avg_train_loss=3.4649, avg_seen_mae=1.6777, avg_unseen_mae=1.7808]
    Epoch 156:  [avg_train_loss=3.4649, avg_seen_mae=1.6777, avg_unseen_mae=1.7808]
    Epoch 157:  [avg_train_loss=3.4649, avg_seen_mae=1.6777, avg_unseen_mae=1.7808]
    Epoch 158:  [avg_train_loss=3.4649, avg_seen_mae=1.6777, avg_unseen_mae=1.7808]
    Epoch 159:  [avg_train_loss=3.4649, avg_seen_mae=1.6777, avg_unseen_mae=1.7808]
    Epoch 160:  [avg_train_loss=3.4649, avg_seen_mae=1.6777, avg_unseen_mae=1.7808]
    Epoch 161:  [avg_train_loss=3.4649, avg_seen_mae=1.6777, avg_unseen_mae=1.7808]
    Epoch 162:  [avg_train_loss=3.4649, avg_seen_mae=1.6777, avg_unseen_mae=1.7808]
    Epoch 163:  [avg_train_loss=3.4649, avg_seen_mae=1.6777, avg_unseen_mae=1.7808]
    Epoch 164:  [avg_train_loss=3.4649, avg_seen_mae=1.6777, avg_unseen_mae=1.7808]
    Epoch 165:  [avg_train_loss=3.4649, avg_seen_mae=1.6777, avg_unseen_mae=1.7808]
    Epoch 166:  [avg_train_loss=3.4649, avg_seen_mae=1.6777, avg_unseen_mae=1.7808]
    Epoch 167:  [avg_train_loss=3.4649, avg_seen_mae=1.6777, avg_unseen_mae=1.7808]
    Epoch 168:  [avg_train_loss=3.4649, avg_seen_mae=1.6777, avg_unseen_mae=1.7808]
    Epoch 169:  [avg_train_loss=3.4649, avg_seen_mae=1.6777, avg_unseen_mae=1.7808]
    Epoch 170:  [avg_train_loss=3.4649, avg_seen_mae=1.6777, avg_unseen_mae=1.7808]
    Epoch 171:  [avg_train_loss=3.4649, avg_seen_mae=1.6777, avg_unseen_mae=1.7808]
    Epoch 172:  [avg_train_loss=3.4649, avg_seen_mae=1.6777, avg_unseen_mae=1.7808]
    Epoch 173:  [avg_train_loss=3.4649, avg_seen_mae=1.6777, avg_unseen_mae=1.7808]
    Epoch 174:  [avg_train_loss=3.4649, avg_seen_mae=1.6777, avg_unseen_mae=1.7808]
    Epoch 175:  [avg_train_loss=3.4649, avg_seen_mae=1.6777, avg_unseen_mae=1.7808]
    Epoch 176:  [avg_train_loss=3.4649, avg_seen_mae=1.6777, avg_unseen_mae=1.7808]
    Epoch 177:  [avg_train_loss=3.4649, avg_seen_mae=1.6777, avg_unseen_mae=1.7808]
    Epoch 178:  [avg_train_loss=3.4649, avg_seen_mae=1.6777, avg_unseen_mae=1.7808]
    Epoch 179:  [avg_train_loss=3.4649, avg_seen_mae=1.6777, avg_unseen_mae=1.7808]
    Epoch 180:  [avg_train_loss=3.4649, avg_seen_mae=1.6777, avg_unseen_mae=1.7808]
    Epoch 181:  [avg_train_loss=3.4649, avg_seen_mae=1.6777, avg_unseen_mae=1.7808]
    Epoch 182:  [avg_train_loss=3.4649, avg_seen_mae=1.6777, avg_unseen_mae=1.7808]
    Epoch 183:  [avg_train_loss=3.4649, avg_seen_mae=1.6777, avg_unseen_mae=1.7808]
    Epoch 184:  [avg_train_loss=3.4649, avg_seen_mae=1.6777, avg_unseen_mae=1.7808]
    Epoch 185:  [avg_train_loss=3.4649, avg_seen_mae=1.6777, avg_unseen_mae=1.7808]
    Epoch 186:  [avg_train_loss=3.4649, avg_seen_mae=1.6777, avg_unseen_mae=1.7808]
    Epoch 187:  [avg_train_loss=3.4649, avg_seen_mae=1.6777, avg_unseen_mae=1.7808]
    Epoch 188:  [avg_train_loss=3.4649, avg_seen_mae=1.6777, avg_unseen_mae=1.7808]
    Epoch 189:  [avg_train_loss=3.4649, avg_seen_mae=1.6777, avg_unseen_mae=1.7808]
    Epoch 190:  [avg_train_loss=3.4649, avg_seen_mae=1.6777, avg_unseen_mae=1.7808]
    Epoch 191:  [avg_train_loss=3.4649, avg_seen_mae=1.6777, avg_unseen_mae=1.7808]
    Epoch 192:  [avg_train_loss=3.4649, avg_seen_mae=1.6777, avg_unseen_mae=1.7808]
    Epoch 193:  [avg_train_loss=3.4649, avg_seen_mae=1.6777, avg_unseen_mae=1.7808]
    Epoch 194:  [avg_train_loss=3.4649, avg_seen_mae=1.6777, avg_unseen_mae=1.7808]
    Epoch 195:  [avg_train_loss=3.4649, avg_seen_mae=1.6777, avg_unseen_mae=1.7808]
    Epoch 196:  [avg_train_loss=3.4649, avg_seen_mae=1.6777, avg_unseen_mae=1.7808]
    Epoch 197:  [avg_train_loss=3.4649, avg_seen_mae=1.6777, avg_unseen_mae=1.7808]
    Epoch 198:  [avg_train_loss=3.4649, avg_seen_mae=1.6777, avg_unseen_mae=1.7808]
    Epoch 199:  [avg_train_loss=3.4649, avg_seen_mae=1.6777, avg_unseen_mae=1.7808]
    Epoch 200:  [avg_train_loss=3.4649, avg_seen_mae=1.6777, avg_unseen_mae=1.7808]
    Epoch 201:  [avg_train_loss=3.4649, avg_seen_mae=1.6777, avg_unseen_mae=1.7808]
    Epoch 202:  [avg_train_loss=3.4649, avg_seen_mae=1.6777, avg_unseen_mae=1.7808]
    Epoch 203:  [avg_train_loss=3.4649, avg_seen_mae=1.6777, avg_unseen_mae=1.7808]
    Epoch 204:  [avg_train_loss=3.4649, avg_seen_mae=1.6777, avg_unseen_mae=1.7808]
    Epoch 205:  [avg_train_loss=3.4649, avg_seen_mae=1.6777, avg_unseen_mae=1.7808]
    Epoch 206:  [avg_train_loss=3.4649, avg_seen_mae=1.6777, avg_unseen_mae=1.7808]
    Epoch 207:  [avg_train_loss=3.4649, avg_seen_mae=1.6777, avg_unseen_mae=1.7808]
    Epoch 208:  [avg_train_loss=3.4649, avg_seen_mae=1.6777, avg_unseen_mae=1.7808]
    Epoch 209:  [avg_train_loss=3.4649, avg_seen_mae=1.6777, avg_unseen_mae=1.7808]
    Epoch 210:  [avg_train_loss=3.4649, avg_seen_mae=1.6777, avg_unseen_mae=1.7808]
    Epoch 211:  [avg_train_loss=3.4649, avg_seen_mae=1.6777, avg_unseen_mae=1.7808]
    Epoch 212:  [avg_train_loss=3.4649, avg_seen_mae=1.6777, avg_unseen_mae=1.7808]
    Epoch 213:  [avg_train_loss=3.4649, avg_seen_mae=1.6777, avg_unseen_mae=1.7808]
    Epoch 214:  [avg_train_loss=3.4649, avg_seen_mae=1.6777, avg_unseen_mae=1.7808]
    Epoch 215:  [avg_train_loss=3.4649, avg_seen_mae=1.6777, avg_unseen_mae=1.7808]
    Epoch 216:  [avg_train_loss=3.4649, avg_seen_mae=1.6777, avg_unseen_mae=1.7808]
    Epoch 217:  [avg_train_loss=3.4649, avg_seen_mae=1.6777, avg_unseen_mae=1.7808]
    Epoch 218:  [avg_train_loss=3.4649, avg_seen_mae=1.6777, avg_unseen_mae=1.7808]
    Epoch 219:  [avg_train_loss=3.4649, avg_seen_mae=1.6777, avg_unseen_mae=1.7808]
    Epoch 220:  [avg_train_loss=3.4649, avg_seen_mae=1.6777, avg_unseen_mae=1.7808]
    Epoch 221:  [avg_train_loss=3.4649, avg_seen_mae=1.6777, avg_unseen_mae=1.7808]
    Epoch 222:  [avg_train_loss=3.4649, avg_seen_mae=1.6777, avg_unseen_mae=1.7808]
    Epoch 223:  [avg_train_loss=3.4649, avg_seen_mae=1.6777, avg_unseen_mae=1.7808]
    Epoch 224:  [avg_train_loss=3.4649, avg_seen_mae=1.6777, avg_unseen_mae=1.7808]
    Epoch 225:  [avg_train_loss=3.4649, avg_seen_mae=1.6777, avg_unseen_mae=1.7808]
    Epoch 226:  [avg_train_loss=3.4649, avg_seen_mae=1.6777, avg_unseen_mae=1.7808]
    Epoch 227:  [avg_train_loss=3.4649, avg_seen_mae=1.6777, avg_unseen_mae=1.7808]
    Epoch 228:  [avg_train_loss=3.4649, avg_seen_mae=1.6777, avg_unseen_mae=1.7808]
    Epoch 229:  [avg_train_loss=3.4649, avg_seen_mae=1.6777, avg_unseen_mae=1.7808]
    Epoch 230:  [avg_train_loss=3.4649, avg_seen_mae=1.6777, avg_unseen_mae=1.7808]
    Epoch 231:  [avg_train_loss=3.4649, avg_seen_mae=1.6777, avg_unseen_mae=1.7808]
    Epoch 232:  [avg_train_loss=3.4649, avg_seen_mae=1.6777, avg_unseen_mae=1.7808]
    Epoch 233:  [avg_train_loss=3.4649, avg_seen_mae=1.6777, avg_unseen_mae=1.7808]
    Epoch 234:  [avg_train_loss=3.4649, avg_seen_mae=1.6777, avg_unseen_mae=1.7808]
    Epoch 235:  [avg_train_loss=3.4649, avg_seen_mae=1.6777, avg_unseen_mae=1.7808]
    Epoch 236:  [avg_train_loss=3.4649, avg_seen_mae=1.6777, avg_unseen_mae=1.7808]
    Epoch 237:  [avg_train_loss=3.4649, avg_seen_mae=1.6777, avg_unseen_mae=1.7808]
    Epoch 238:  [avg_train_loss=3.4649, avg_seen_mae=1.6777, avg_unseen_mae=1.7808]
    Epoch 239:  [avg_train_loss=3.4649, avg_seen_mae=1.6777, avg_unseen_mae=1.7808]
    Epoch 240:  [avg_train_loss=3.4649, avg_seen_mae=1.6777, avg_unseen_mae=1.7808]
    Epoch 241:  [avg_train_loss=3.4649, avg_seen_mae=1.6777, avg_unseen_mae=1.7808]
    Epoch 242:  [avg_train_loss=3.4649, avg_seen_mae=1.6777, avg_unseen_mae=1.7808]
    Epoch 243:  [avg_train_loss=3.4649, avg_seen_mae=1.6777, avg_unseen_mae=1.7808]
    Epoch 244:  [avg_train_loss=3.4649, avg_seen_mae=1.6777, avg_unseen_mae=1.7808]
    Epoch 245:  [avg_train_loss=3.4649, avg_seen_mae=1.6777, avg_unseen_mae=1.7808]
    Epoch 246:  [avg_train_loss=3.4649, avg_seen_mae=1.6777, avg_unseen_mae=1.7808]
    Epoch 247:  [avg_train_loss=3.4649, avg_seen_mae=1.6777, avg_unseen_mae=1.7808]
    Epoch 248:  [avg_train_loss=3.4649, avg_seen_mae=1.6777, avg_unseen_mae=1.7808]
    Epoch 249:  [avg_train_loss=3.4649, avg_seen_mae=1.6777, avg_unseen_mae=1.7808]
    Epoch 250:  [avg_train_loss=3.4649, avg_seen_mae=1.6777, avg_unseen_mae=1.7808]
    Epoch 251:  [avg_train_loss=3.4649, avg_seen_mae=1.6777, avg_unseen_mae=1.7808]
    Epoch 252:  [avg_train_loss=3.4649, avg_seen_mae=1.6777, avg_unseen_mae=1.7808]
    Epoch 253:  [avg_train_loss=3.4649, avg_seen_mae=1.6777, avg_unseen_mae=1.7808]
    Epoch 254:  [avg_train_loss=3.4649, avg_seen_mae=1.6777, avg_unseen_mae=1.7808]
    Epoch 255:  [avg_train_loss=3.4649, avg_seen_mae=1.6777, avg_unseen_mae=1.7808]
    Epoch 256:  [avg_train_loss=3.4649, avg_seen_mae=1.6777, avg_unseen_mae=1.7808]
    Epoch 257:  [avg_train_loss=3.4649, avg_seen_mae=1.6777, avg_unseen_mae=1.7808]
    Epoch 258:  [avg_train_loss=3.4649, avg_seen_mae=1.6777, avg_unseen_mae=1.7808]
    Epoch 259:  [avg_train_loss=3.4649, avg_seen_mae=1.6777, avg_unseen_mae=1.7808]
    Epoch 260:  [avg_train_loss=3.4649, avg_seen_mae=1.6777, avg_unseen_mae=1.7808]
    Epoch 261:  [avg_train_loss=3.4649, avg_seen_mae=1.6777, avg_unseen_mae=1.7808]
    Epoch 262:  [avg_train_loss=3.4649, avg_seen_mae=1.6777, avg_unseen_mae=1.7808]
    Epoch 263:  [avg_train_loss=3.4649, avg_seen_mae=1.6777, avg_unseen_mae=1.7808]
    Epoch 264:  [avg_train_loss=3.4649, avg_seen_mae=1.6777, avg_unseen_mae=1.7808]
    Epoch 265:  [avg_train_loss=3.4649, avg_seen_mae=1.6777, avg_unseen_mae=1.7808]
    Epoch 266:  [avg_train_loss=3.4649, avg_seen_mae=1.6777, avg_unseen_mae=1.7808]
    Epoch 267:  [avg_train_loss=3.4649, avg_seen_mae=1.6777, avg_unseen_mae=1.7808]
    Epoch 268:  [avg_train_loss=3.4649, avg_seen_mae=1.6777, avg_unseen_mae=1.7808]
    Epoch 269:  [avg_train_loss=3.4649, avg_seen_mae=1.6777, avg_unseen_mae=1.7808]
    Epoch 270:  [avg_train_loss=3.4649, avg_seen_mae=1.6777, avg_unseen_mae=1.7808]
    Epoch 271:  [avg_train_loss=3.4649, avg_seen_mae=1.6777, avg_unseen_mae=1.7808]
    Epoch 272:  [avg_train_loss=3.4649, avg_seen_mae=1.6777, avg_unseen_mae=1.7808]
    Epoch 273:  [avg_train_loss=3.4649, avg_seen_mae=1.6777, avg_unseen_mae=1.7808]
    Epoch 274:  [avg_train_loss=3.4649, avg_seen_mae=1.6777, avg_unseen_mae=1.7808]
    Epoch 275:  [avg_train_loss=3.4649, avg_seen_mae=1.6777, avg_unseen_mae=1.7808]
    Epoch 276:  [avg_train_loss=3.4649, avg_seen_mae=1.6777, avg_unseen_mae=1.7808]
    Epoch 277:  [avg_train_loss=3.4649, avg_seen_mae=1.6777, avg_unseen_mae=1.7808]
    Epoch 278:  [avg_train_loss=3.4649, avg_seen_mae=1.6777, avg_unseen_mae=1.7808]
    Epoch 279:  [avg_train_loss=3.4649, avg_seen_mae=1.6777, avg_unseen_mae=1.7808]
    Epoch 280:  [avg_train_loss=3.4649, avg_seen_mae=1.6777, avg_unseen_mae=1.7808]
    Epoch 281:  [avg_train_loss=3.4649, avg_seen_mae=1.6777, avg_unseen_mae=1.7808]
    Epoch 282:  [avg_train_loss=3.4649, avg_seen_mae=1.6777, avg_unseen_mae=1.7808]
    Epoch 283:  [avg_train_loss=3.4649, avg_seen_mae=1.6777, avg_unseen_mae=1.7808]
    Epoch 284:  [avg_train_loss=3.4649, avg_seen_mae=1.6777, avg_unseen_mae=1.7808]
    Epoch 285:  [avg_train_loss=3.4649, avg_seen_mae=1.6777, avg_unseen_mae=1.7808]
    Epoch 286:  [avg_train_loss=3.4649, avg_seen_mae=1.6777, avg_unseen_mae=1.7808]
    Epoch 287:  [avg_train_loss=3.4649, avg_seen_mae=1.6777, avg_unseen_mae=1.7808]
    Epoch 288:  [avg_train_loss=3.4649, avg_seen_mae=1.6777, avg_unseen_mae=1.7808]
    Epoch 289:  [avg_train_loss=3.4649, avg_seen_mae=1.6777, avg_unseen_mae=1.7808]
    Epoch 290:  [avg_train_loss=3.4649, avg_seen_mae=1.6777, avg_unseen_mae=1.7808]
    Epoch 291:  [avg_train_loss=3.4649, avg_seen_mae=1.6777, avg_unseen_mae=1.7808]
    Epoch 292:  [avg_train_loss=3.4649, avg_seen_mae=1.6777, avg_unseen_mae=1.7808]
    Epoch 293:  [avg_train_loss=3.4649, avg_seen_mae=1.6777, avg_unseen_mae=1.7808]
    Epoch 294:  [avg_train_loss=3.4649, avg_seen_mae=1.6777, avg_unseen_mae=1.7808]
    Epoch 295:  [avg_train_loss=3.4649, avg_seen_mae=1.6777, avg_unseen_mae=1.7808]
    Epoch 296:  [avg_train_loss=3.4649, avg_seen_mae=1.6777, avg_unseen_mae=1.7808]
    Epoch 297:  [avg_train_loss=3.4649, avg_seen_mae=1.6777, avg_unseen_mae=1.7808]
    Epoch 298:  [avg_train_loss=3.4649, avg_seen_mae=1.6777, avg_unseen_mae=1.7808]
    Epoch 299:  [avg_train_loss=3.4649, avg_seen_mae=1.6777, avg_unseen_mae=1.7808]
    Epoch 300:  [avg_train_loss=3.4649, avg_seen_mae=1.6777, avg_unseen_mae=1.7808]
    Epoch 301:  [avg_train_loss=3.4649, avg_seen_mae=1.6777, avg_unseen_mae=1.7808]
    Epoch 302:  [avg_train_loss=3.4649, avg_seen_mae=1.6777, avg_unseen_mae=1.7808]
    Epoch 303:  [avg_train_loss=3.4649, avg_seen_mae=1.6777, avg_unseen_mae=1.7808]
    Epoch 304:  [avg_train_loss=3.4649, avg_seen_mae=1.6777, avg_unseen_mae=1.7808]
    Epoch 305:  [avg_train_loss=3.4649, avg_seen_mae=1.6777, avg_unseen_mae=1.7808]
    Epoch 306:  [avg_train_loss=3.4649, avg_seen_mae=1.6777, avg_unseen_mae=1.7808]
    Epoch 307:  [avg_train_loss=3.4649, avg_seen_mae=1.6777, avg_unseen_mae=1.7808]
    Epoch 308:  [avg_train_loss=3.4649, avg_seen_mae=1.6777, avg_unseen_mae=1.7808]
    Epoch 309:  [avg_train_loss=3.4649, avg_seen_mae=1.6777, avg_unseen_mae=1.7808]
    Epoch 310:  [avg_train_loss=3.4649, avg_seen_mae=1.6777, avg_unseen_mae=1.7808]
    Epoch 311:  [avg_train_loss=3.4649, avg_seen_mae=1.6777, avg_unseen_mae=1.7808]
    Epoch 312:  [avg_train_loss=3.4649, avg_seen_mae=1.6777, avg_unseen_mae=1.7808]
    Epoch 313:  [avg_train_loss=3.4649, avg_seen_mae=1.6777, avg_unseen_mae=1.7808]
    Epoch 314:  [avg_train_loss=3.4649, avg_seen_mae=1.6777, avg_unseen_mae=1.7808]
    Epoch 315:  [avg_train_loss=3.4649, avg_seen_mae=1.6777, avg_unseen_mae=1.7808]
    Epoch 316:  [avg_train_loss=3.4649, avg_seen_mae=1.6777, avg_unseen_mae=1.7808]
    Epoch 317:  [avg_train_loss=3.4649, avg_seen_mae=1.6777, avg_unseen_mae=1.7808]
    Epoch 318:  [avg_train_loss=3.4649, avg_seen_mae=1.6777, avg_unseen_mae=1.7808]
    Epoch 319:  [avg_train_loss=3.4649, avg_seen_mae=1.6777, avg_unseen_mae=1.7808]
    Epoch 320:  [avg_train_loss=3.4649, avg_seen_mae=1.6777, avg_unseen_mae=1.7808]
    Epoch 321:  [avg_train_loss=3.4649, avg_seen_mae=1.6777, avg_unseen_mae=1.7808]
    Epoch 322:  [avg_train_loss=3.4649, avg_seen_mae=1.6777, avg_unseen_mae=1.7808]
    Epoch 323:  [avg_train_loss=3.4649, avg_seen_mae=1.6777, avg_unseen_mae=1.7808]
    Epoch 324:  [avg_train_loss=3.4649, avg_seen_mae=1.6777, avg_unseen_mae=1.7808]
    Epoch 325:  [avg_train_loss=3.4649, avg_seen_mae=1.6777, avg_unseen_mae=1.7808]
    Epoch 326:  [avg_train_loss=3.4649, avg_seen_mae=1.6777, avg_unseen_mae=1.7808]
    Epoch 327:  [avg_train_loss=3.4649, avg_seen_mae=1.6777, avg_unseen_mae=1.7808]
    Epoch 328:  [avg_train_loss=3.4649, avg_seen_mae=1.6777, avg_unseen_mae=1.7808]
    Epoch 329:  [avg_train_loss=3.4649, avg_seen_mae=1.6777, avg_unseen_mae=1.7808]
    Epoch 330:  [avg_train_loss=3.4649, avg_seen_mae=1.6777, avg_unseen_mae=1.7808]
    Epoch 331:  [avg_train_loss=3.4649, avg_seen_mae=1.6777, avg_unseen_mae=1.7808]
    Epoch 332:  [avg_train_loss=3.4649, avg_seen_mae=1.6777, avg_unseen_mae=1.7808]
    Epoch 333:  [avg_train_loss=3.4649, avg_seen_mae=1.6777, avg_unseen_mae=1.7808]
    Epoch 334:  [avg_train_loss=3.4649, avg_seen_mae=1.6777, avg_unseen_mae=1.7808]
    Epoch 335:  [avg_train_loss=3.4649, avg_seen_mae=1.6777, avg_unseen_mae=1.7808]
    Epoch 336:  [avg_train_loss=3.4649, avg_seen_mae=1.6777, avg_unseen_mae=1.7808]
    Epoch 337:  [avg_train_loss=3.4649, avg_seen_mae=1.6777, avg_unseen_mae=1.7808]
    Epoch 338:  [avg_train_loss=3.4649, avg_seen_mae=1.6777, avg_unseen_mae=1.7808]
    Epoch 339:  [avg_train_loss=3.4649, avg_seen_mae=1.6777, avg_unseen_mae=1.7808]
    Epoch 340:  [avg_train_loss=3.4649, avg_seen_mae=1.6777, avg_unseen_mae=1.7808]
    Epoch 341:  [avg_train_loss=3.4649, avg_seen_mae=1.6777, avg_unseen_mae=1.7808]
    Epoch 342:  [avg_train_loss=3.4649, avg_seen_mae=1.6777, avg_unseen_mae=1.7808]
    Epoch 343:  [avg_train_loss=3.4649, avg_seen_mae=1.6777, avg_unseen_mae=1.7808]
    Epoch 344:  [avg_train_loss=3.4649, avg_seen_mae=1.6777, avg_unseen_mae=1.7808]
    Epoch 345:  [avg_train_loss=3.4649, avg_seen_mae=1.6777, avg_unseen_mae=1.7808]
    Epoch 346:  [avg_train_loss=3.4649, avg_seen_mae=1.6777, avg_unseen_mae=1.7808]
    Epoch 347:  [avg_train_loss=3.4649, avg_seen_mae=1.6777, avg_unseen_mae=1.7808]
    Epoch 348:  [avg_train_loss=3.4649, avg_seen_mae=1.6777, avg_unseen_mae=1.7808]
    Epoch 349:  [avg_train_loss=3.4649, avg_seen_mae=1.6777, avg_unseen_mae=1.7808]
    Epoch 350:  [avg_train_loss=3.4649, avg_seen_mae=1.6777, avg_unseen_mae=1.7808]
    Epoch 351:  [avg_train_loss=3.4649, avg_seen_mae=1.6777, avg_unseen_mae=1.7808]
    Epoch 352:  [avg_train_loss=3.4649, avg_seen_mae=1.6777, avg_unseen_mae=1.7808]
    Epoch 353:  [avg_train_loss=3.4649, avg_seen_mae=1.6777, avg_unseen_mae=1.7808]
    Epoch 354:  [avg_train_loss=3.4649, avg_seen_mae=1.6777, avg_unseen_mae=1.7808]
    Epoch 355:  [avg_train_loss=3.4649, avg_seen_mae=1.6777, avg_unseen_mae=1.7808]
    Epoch 356:  [avg_train_loss=3.4649, avg_seen_mae=1.6777, avg_unseen_mae=1.7808]
    Epoch 357:  [avg_train_loss=3.4649, avg_seen_mae=1.6777, avg_unseen_mae=1.7808]
    Epoch 358:  [avg_train_loss=3.4649, avg_seen_mae=1.6777, avg_unseen_mae=1.7808]
    Epoch 359:  [avg_train_loss=3.4649, avg_seen_mae=1.6777, avg_unseen_mae=1.7808]
    Epoch 360:  [avg_train_loss=3.4649, avg_seen_mae=1.6777, avg_unseen_mae=1.7808]
    Epoch 361:  [avg_train_loss=3.4649, avg_seen_mae=1.6777, avg_unseen_mae=1.7808]
    Epoch 362:  [avg_train_loss=3.4649, avg_seen_mae=1.6777, avg_unseen_mae=1.7808]
    Epoch 363:  [avg_train_loss=3.4649, avg_seen_mae=1.6777, avg_unseen_mae=1.7808]
    Epoch 364:  [avg_train_loss=3.4649, avg_seen_mae=1.6777, avg_unseen_mae=1.7808]
    Epoch 365:  [avg_train_loss=3.4649, avg_seen_mae=1.6777, avg_unseen_mae=1.7808]
    Epoch 366:  [avg_train_loss=3.4649, avg_seen_mae=1.6777, avg_unseen_mae=1.7808]
    Epoch 367:  [avg_train_loss=3.4649, avg_seen_mae=1.6777, avg_unseen_mae=1.7808]
    Epoch 368:  [avg_train_loss=3.4649, avg_seen_mae=1.6777, avg_unseen_mae=1.7808]
    Epoch 369:  [avg_train_loss=3.4649, avg_seen_mae=1.6777, avg_unseen_mae=1.7808]
    Epoch 370:  [avg_train_loss=3.4649, avg_seen_mae=1.6777, avg_unseen_mae=1.7808]
    Epoch 371:  [avg_train_loss=3.4649, avg_seen_mae=1.6777, avg_unseen_mae=1.7808]
    Epoch 372:  [avg_train_loss=3.4649, avg_seen_mae=1.6777, avg_unseen_mae=1.7808]
    Epoch 373:  [avg_train_loss=3.4649, avg_seen_mae=1.6777, avg_unseen_mae=1.7808]
    Epoch 374:  [avg_train_loss=3.4649, avg_seen_mae=1.6777, avg_unseen_mae=1.7808]
    Epoch 375:  [avg_train_loss=3.4649, avg_seen_mae=1.6777, avg_unseen_mae=1.7808]
    Epoch 376:  [avg_train_loss=3.4649, avg_seen_mae=1.6777, avg_unseen_mae=1.7808]
    Epoch 377:  [avg_train_loss=3.4649, avg_seen_mae=1.6777, avg_unseen_mae=1.7808]
    Epoch 378:  [avg_train_loss=3.4649, avg_seen_mae=1.6777, avg_unseen_mae=1.7808]
    Epoch 379:  [avg_train_loss=3.4649, avg_seen_mae=1.6777, avg_unseen_mae=1.7808]
    Epoch 380:  [avg_train_loss=3.4649, avg_seen_mae=1.6777, avg_unseen_mae=1.7808]
    Epoch 381:  [avg_train_loss=3.4649, avg_seen_mae=1.6777, avg_unseen_mae=1.7808]
    Epoch 382:  [avg_train_loss=3.4649, avg_seen_mae=1.6777, avg_unseen_mae=1.7808]
    Epoch 383:  [avg_train_loss=3.4649, avg_seen_mae=1.6777, avg_unseen_mae=1.7808]
    Epoch 384:  [avg_train_loss=3.4649, avg_seen_mae=1.6777, avg_unseen_mae=1.7808]
    Epoch 385:  [avg_train_loss=3.4649, avg_seen_mae=1.6777, avg_unseen_mae=1.7808]
    Epoch 386:  [avg_train_loss=3.4649, avg_seen_mae=1.6777, avg_unseen_mae=1.7808]
    Epoch 387:  [avg_train_loss=3.4649, avg_seen_mae=1.6777, avg_unseen_mae=1.7808]
    Epoch 388:  [avg_train_loss=3.4649, avg_seen_mae=1.6777, avg_unseen_mae=1.7808]
    Epoch 389:  [avg_train_loss=3.4649, avg_seen_mae=1.6777, avg_unseen_mae=1.7808]
    Epoch 390:  [avg_train_loss=3.4649, avg_seen_mae=1.6777, avg_unseen_mae=1.7808]
    Epoch 391:  [avg_train_loss=3.4649, avg_seen_mae=1.6777, avg_unseen_mae=1.7808]
    Epoch 392:  [avg_train_loss=3.4649, avg_seen_mae=1.6777, avg_unseen_mae=1.7808]
    Epoch 393:  [avg_train_loss=3.4649, avg_seen_mae=1.6777, avg_unseen_mae=1.7808]
    Epoch 394:  [avg_train_loss=3.4649, avg_seen_mae=1.6777, avg_unseen_mae=1.7808]
    Epoch 395:  [avg_train_loss=3.4649, avg_seen_mae=1.6777, avg_unseen_mae=1.7808]
    Epoch 396:  [avg_train_loss=3.4649, avg_seen_mae=1.6777, avg_unseen_mae=1.7808]
    Epoch 397:  [avg_train_loss=3.4649, avg_seen_mae=1.6777, avg_unseen_mae=1.7808]
    Epoch 398:  [avg_train_loss=3.4649, avg_seen_mae=1.6777, avg_unseen_mae=1.7808]
    Epoch 399:  [avg_train_loss=3.4649, avg_seen_mae=1.6777, avg_unseen_mae=1.7808]
    Epoch 400:  [avg_train_loss=3.4649, avg_seen_mae=1.6777, avg_unseen_mae=1.7808]
    Epoch 401:  [avg_train_loss=3.4649, avg_seen_mae=1.6777, avg_unseen_mae=1.7808]
    Epoch 402:  [avg_train_loss=3.4649, avg_seen_mae=1.6777, avg_unseen_mae=1.7808]
    Epoch 403:  [avg_train_loss=3.4649, avg_seen_mae=1.6777, avg_unseen_mae=1.7808]
    Epoch 404:  [avg_train_loss=3.4649, avg_seen_mae=1.6777, avg_unseen_mae=1.7808]
    Epoch 405:  [avg_train_loss=3.4649, avg_seen_mae=1.6777, avg_unseen_mae=1.7808]
    Epoch 406:  [avg_train_loss=3.4649, avg_seen_mae=1.6777, avg_unseen_mae=1.7808]
    Epoch 407:  [avg_train_loss=3.4649, avg_seen_mae=1.6777, avg_unseen_mae=1.7808]
    Epoch 408:  [avg_train_loss=3.4649, avg_seen_mae=1.6777, avg_unseen_mae=1.7808]
    Epoch 409:  [avg_train_loss=3.4649, avg_seen_mae=1.6777, avg_unseen_mae=1.7808]
    Epoch 410:  [avg_train_loss=3.4649, avg_seen_mae=1.6777, avg_unseen_mae=1.7808]
    Epoch 411:  [avg_train_loss=3.4649, avg_seen_mae=1.6777, avg_unseen_mae=1.7808]
    Epoch 412:  [avg_train_loss=3.4649, avg_seen_mae=1.6777, avg_unseen_mae=1.7808]
    Epoch 413:  [avg_train_loss=3.4649, avg_seen_mae=1.6777, avg_unseen_mae=1.7808]
    Epoch 414:  [avg_train_loss=3.4649, avg_seen_mae=1.6777, avg_unseen_mae=1.7808]
    Epoch 415:  [avg_train_loss=3.4649, avg_seen_mae=1.6777, avg_unseen_mae=1.7808]
    Epoch 416:  [avg_train_loss=3.4649, avg_seen_mae=1.6777, avg_unseen_mae=1.7808]
    Epoch 417:  [avg_train_loss=3.4649, avg_seen_mae=1.6777, avg_unseen_mae=1.7808]
    Epoch 418:  [avg_train_loss=3.4649, avg_seen_mae=1.6777, avg_unseen_mae=1.7808]
    Epoch 419:  [avg_train_loss=3.4649, avg_seen_mae=1.6777, avg_unseen_mae=1.7808]
    Epoch 420:  [avg_train_loss=3.4649, avg_seen_mae=1.6777, avg_unseen_mae=1.7808]
    Epoch 421:  [avg_train_loss=3.4649, avg_seen_mae=1.6777, avg_unseen_mae=1.7808]
    Epoch 422:  [avg_train_loss=3.4649, avg_seen_mae=1.6777, avg_unseen_mae=1.7808]
    Epoch 423:  [avg_train_loss=3.4649, avg_seen_mae=1.6777, avg_unseen_mae=1.7808]
    Epoch 424:  [avg_train_loss=3.4649, avg_seen_mae=1.6777, avg_unseen_mae=1.7808]
    Epoch 425:  [avg_train_loss=3.4649, avg_seen_mae=1.6777, avg_unseen_mae=1.7808]
    Epoch 426:  [avg_train_loss=3.4649, avg_seen_mae=1.6777, avg_unseen_mae=1.7808]
    Epoch 427:  [avg_train_loss=3.4649, avg_seen_mae=1.6777, avg_unseen_mae=1.7808]
    Epoch 428:  [avg_train_loss=3.4649, avg_seen_mae=1.6777, avg_unseen_mae=1.7808]
    Epoch 429:  [avg_train_loss=3.4649, avg_seen_mae=1.6777, avg_unseen_mae=1.7808]
    Epoch 430:  [avg_train_loss=3.4649, avg_seen_mae=1.6777, avg_unseen_mae=1.7808]
    Epoch 431:  [avg_train_loss=3.4649, avg_seen_mae=1.6777, avg_unseen_mae=1.7808]
    Epoch 432:  [avg_train_loss=3.4649, avg_seen_mae=1.6777, avg_unseen_mae=1.7808]
    Epoch 433:  [avg_train_loss=3.4649, avg_seen_mae=1.6777, avg_unseen_mae=1.7808]
    Epoch 434:  [avg_train_loss=3.4649, avg_seen_mae=1.6777, avg_unseen_mae=1.7808]
    Epoch 435:  [avg_train_loss=3.4649, avg_seen_mae=1.6777, avg_unseen_mae=1.7808]
    Epoch 436:  [avg_train_loss=3.4649, avg_seen_mae=1.6777, avg_unseen_mae=1.7808]
    Epoch 437:  [avg_train_loss=3.4649, avg_seen_mae=1.6777, avg_unseen_mae=1.7808]
    Epoch 438:  [avg_train_loss=3.4649, avg_seen_mae=1.6777, avg_unseen_mae=1.7808]
    Epoch 439:  [avg_train_loss=3.4649, avg_seen_mae=1.6777, avg_unseen_mae=1.7808]
    Epoch 440:  [avg_train_loss=3.4649, avg_seen_mae=1.6777, avg_unseen_mae=1.7808]
    Epoch 441:  [avg_train_loss=3.4649, avg_seen_mae=1.6777, avg_unseen_mae=1.7808]
    Epoch 442:  [avg_train_loss=3.4649, avg_seen_mae=1.6777, avg_unseen_mae=1.7808]
    Epoch 443:  [avg_train_loss=3.4649, avg_seen_mae=1.6777, avg_unseen_mae=1.7808]
    Epoch 444:  [avg_train_loss=3.4649, avg_seen_mae=1.6777, avg_unseen_mae=1.7808]
    Epoch 445:  [avg_train_loss=3.4649, avg_seen_mae=1.6777, avg_unseen_mae=1.7808]
    Epoch 446:  [avg_train_loss=3.4649, avg_seen_mae=1.6777, avg_unseen_mae=1.7808]
    Epoch 447:  [avg_train_loss=3.4649, avg_seen_mae=1.6777, avg_unseen_mae=1.7808]
    Epoch 448:  [avg_train_loss=3.4649, avg_seen_mae=1.6777, avg_unseen_mae=1.7808]
    Epoch 449:  [avg_train_loss=3.4649, avg_seen_mae=1.6777, avg_unseen_mae=1.7808]
    Epoch 450:  [avg_train_loss=3.4649, avg_seen_mae=1.6777, avg_unseen_mae=1.7808]
    Epoch 451:  [avg_train_loss=3.4649, avg_seen_mae=1.6777, avg_unseen_mae=1.7808]
    Epoch 452:  [avg_train_loss=3.4649, avg_seen_mae=1.6777, avg_unseen_mae=1.7808]
    Epoch 453:  [avg_train_loss=3.4649, avg_seen_mae=1.6777, avg_unseen_mae=1.7808]
    Epoch 454:  [avg_train_loss=3.4649, avg_seen_mae=1.6777, avg_unseen_mae=1.7808]
    Epoch 455:  [avg_train_loss=3.4649, avg_seen_mae=1.6777, avg_unseen_mae=1.7808]
    Epoch 456:  [avg_train_loss=3.4649, avg_seen_mae=1.6777, avg_unseen_mae=1.7808]
    Epoch 457:  [avg_train_loss=3.4649, avg_seen_mae=1.6777, avg_unseen_mae=1.7808]
    Epoch 458:  [avg_train_loss=3.4649, avg_seen_mae=1.6777, avg_unseen_mae=1.7808]
    Epoch 459:  [avg_train_loss=3.4649, avg_seen_mae=1.6777, avg_unseen_mae=1.7808]
    Epoch 460:  [avg_train_loss=3.4649, avg_seen_mae=1.6777, avg_unseen_mae=1.7808]
    Epoch 461:  [avg_train_loss=3.4649, avg_seen_mae=1.6777, avg_unseen_mae=1.7808]
    Epoch 462:  [avg_train_loss=3.4649, avg_seen_mae=1.6777, avg_unseen_mae=1.7808]
    Epoch 463:  [avg_train_loss=3.4649, avg_seen_mae=1.6777, avg_unseen_mae=1.7808]
    Epoch 464:  [avg_train_loss=3.4649, avg_seen_mae=1.6777, avg_unseen_mae=1.7808]
    Epoch 465:  [avg_train_loss=3.4649, avg_seen_mae=1.6777, avg_unseen_mae=1.7808]
    Epoch 466:  [avg_train_loss=3.4649, avg_seen_mae=1.6777, avg_unseen_mae=1.7808]
    Epoch 467:  [avg_train_loss=3.4649, avg_seen_mae=1.6777, avg_unseen_mae=1.7808]
    Epoch 468:  [avg_train_loss=3.4649, avg_seen_mae=1.6777, avg_unseen_mae=1.7808]
    Epoch 469:  [avg_train_loss=3.4649, avg_seen_mae=1.6777, avg_unseen_mae=1.7808]
    Epoch 470:  [avg_train_loss=3.4649, avg_seen_mae=1.6777, avg_unseen_mae=1.7808]
    Epoch 471:  [avg_train_loss=3.4649, avg_seen_mae=1.6777, avg_unseen_mae=1.7808]
    Epoch 472:  [avg_train_loss=3.4649, avg_seen_mae=1.6777, avg_unseen_mae=1.7808]
    Epoch 473:  [avg_train_loss=3.4649, avg_seen_mae=1.6777, avg_unseen_mae=1.7808]
    Epoch 474:  [avg_train_loss=3.4649, avg_seen_mae=1.6777, avg_unseen_mae=1.7808]
    Epoch 475:  [avg_train_loss=3.4649, avg_seen_mae=1.6777, avg_unseen_mae=1.7808]
    Epoch 476:  [avg_train_loss=3.4649, avg_seen_mae=1.6777, avg_unseen_mae=1.7808]
    Epoch 477:  [avg_train_loss=3.4649, avg_seen_mae=1.6777, avg_unseen_mae=1.7808]
    Epoch 478:  [avg_train_loss=3.4649, avg_seen_mae=1.6777, avg_unseen_mae=1.7808]
    Epoch 479:  [avg_train_loss=3.4649, avg_seen_mae=1.6777, avg_unseen_mae=1.7808]
    Epoch 480:  [avg_train_loss=3.4649, avg_seen_mae=1.6777, avg_unseen_mae=1.7808]
    Epoch 481:  [avg_train_loss=3.4649, avg_seen_mae=1.6777, avg_unseen_mae=1.7808]
    Epoch 482:  [avg_train_loss=3.4649, avg_seen_mae=1.6777, avg_unseen_mae=1.7808]
    Epoch 483:  [avg_train_loss=3.4649, avg_seen_mae=1.6777, avg_unseen_mae=1.7808]
    Epoch 484:  [avg_train_loss=3.4649, avg_seen_mae=1.6777, avg_unseen_mae=1.7808]
    Epoch 485:  [avg_train_loss=3.4649, avg_seen_mae=1.6777, avg_unseen_mae=1.7808]
    Epoch 486:  [avg_train_loss=3.4649, avg_seen_mae=1.6777, avg_unseen_mae=1.7808]
    Epoch 487:  [avg_train_loss=3.4649, avg_seen_mae=1.6777, avg_unseen_mae=1.7808]
    Epoch 488:  [avg_train_loss=3.4649, avg_seen_mae=1.6777, avg_unseen_mae=1.7808]
    Epoch 489:  [avg_train_loss=3.4649, avg_seen_mae=1.6777, avg_unseen_mae=1.7808]
    Epoch 490:  [avg_train_loss=3.4649, avg_seen_mae=1.6777, avg_unseen_mae=1.7808]
    Epoch 491:  [avg_train_loss=3.4649, avg_seen_mae=1.6777, avg_unseen_mae=1.7808]
    Epoch 492:  [avg_train_loss=3.4649, avg_seen_mae=1.6777, avg_unseen_mae=1.7808]
    Epoch 493:  [avg_train_loss=3.4649, avg_seen_mae=1.6777, avg_unseen_mae=1.7808]
    Epoch 494:  [avg_train_loss=3.4649, avg_seen_mae=1.6777, avg_unseen_mae=1.7808]
    Epoch 495:  [avg_train_loss=3.4649, avg_seen_mae=1.6777, avg_unseen_mae=1.7808]
    Epoch 496:  [avg_train_loss=3.4649, avg_seen_mae=1.6777, avg_unseen_mae=1.7808]
    Epoch 497:  [avg_train_loss=3.4649, avg_seen_mae=1.6777, avg_unseen_mae=1.7808]
    Epoch 498:  [avg_train_loss=3.4649, avg_seen_mae=1.6777, avg_unseen_mae=1.7808]
    Epoch 499:  [avg_train_loss=3.4649, avg_seen_mae=1.6777, avg_unseen_mae=1.7808]
    Epoch 500:  [avg_train_loss=3.4649, avg_seen_mae=1.6777, avg_unseen_mae=1.7808]
    Epoch 501:  [avg_train_loss=3.4649, avg_seen_mae=1.6777, avg_unseen_mae=1.7808]
    Epoch 502:  [avg_train_loss=3.4649, avg_seen_mae=1.6777, avg_unseen_mae=1.7808]
    Epoch 503:  [avg_train_loss=3.4649, avg_seen_mae=1.6777, avg_unseen_mae=1.7808]
    Epoch 504:  [avg_train_loss=3.4649, avg_seen_mae=1.6777, avg_unseen_mae=1.7808]
    Epoch 505:  [avg_train_loss=3.4649, avg_seen_mae=1.6777, avg_unseen_mae=1.7808]
    Epoch 506:  [avg_train_loss=3.4649, avg_seen_mae=1.6777, avg_unseen_mae=1.7808]
    Epoch 507:  [avg_train_loss=3.4649, avg_seen_mae=1.6777, avg_unseen_mae=1.7808]
    Epoch 508:  [avg_train_loss=3.4649, avg_seen_mae=1.6777, avg_unseen_mae=1.7808]
    Epoch 509:  [avg_train_loss=3.4649, avg_seen_mae=1.6777, avg_unseen_mae=1.7808]
    Epoch 510:  [avg_train_loss=3.4649, avg_seen_mae=1.6777, avg_unseen_mae=1.7808]
    Epoch 511:  [avg_train_loss=3.4649, avg_seen_mae=1.6777, avg_unseen_mae=1.7808]
    Epoch 512:  [avg_train_loss=3.4649, avg_seen_mae=1.6777, avg_unseen_mae=1.7808]
    Epoch 513:  [avg_train_loss=3.4649, avg_seen_mae=1.6777, avg_unseen_mae=1.7808]
    Epoch 514:  [avg_train_loss=3.4649, avg_seen_mae=1.6777, avg_unseen_mae=1.7808]
    Epoch 515:  [avg_train_loss=3.4649, avg_seen_mae=1.6777, avg_unseen_mae=1.7808]
    Epoch 516:  [avg_train_loss=3.4649, avg_seen_mae=1.6777, avg_unseen_mae=1.7808]
    Epoch 517:  [avg_train_loss=3.4649, avg_seen_mae=1.6777, avg_unseen_mae=1.7808]
    Epoch 518:  [avg_train_loss=3.4649, avg_seen_mae=1.6777, avg_unseen_mae=1.7808]
    Epoch 519:  [avg_train_loss=3.4649, avg_seen_mae=1.6777, avg_unseen_mae=1.7808]
    Epoch 520:  [avg_train_loss=3.4649, avg_seen_mae=1.6777, avg_unseen_mae=1.7808]
    Epoch 521:  [avg_train_loss=3.4649, avg_seen_mae=1.6777, avg_unseen_mae=1.7808]
    Epoch 522:  [avg_train_loss=3.4649, avg_seen_mae=1.6777, avg_unseen_mae=1.7808]
    Epoch 523:  [avg_train_loss=3.4649, avg_seen_mae=1.6777, avg_unseen_mae=1.7808]
    Epoch 524:  [avg_train_loss=3.4649, avg_seen_mae=1.6777, avg_unseen_mae=1.7808]
    Epoch 525:  [avg_train_loss=3.4649, avg_seen_mae=1.6777, avg_unseen_mae=1.7808]
    Epoch 526:  [avg_train_loss=3.4649, avg_seen_mae=1.6777, avg_unseen_mae=1.7808]
    Epoch 527:  [avg_train_loss=3.4649, avg_seen_mae=1.6777, avg_unseen_mae=1.7808]
    Epoch 528:  [avg_train_loss=3.4649, avg_seen_mae=1.6777, avg_unseen_mae=1.7808]
    Epoch 529:  [avg_train_loss=3.4649, avg_seen_mae=1.6777, avg_unseen_mae=1.7808]
    Epoch 530:  [avg_train_loss=3.4649, avg_seen_mae=1.6777, avg_unseen_mae=1.7808]
    Epoch 531:  [avg_train_loss=3.4649, avg_seen_mae=1.6777, avg_unseen_mae=1.7808]
    Epoch 532:  [avg_train_loss=3.4649, avg_seen_mae=1.6777, avg_unseen_mae=1.7808]
    Epoch 533:  [avg_train_loss=3.4649, avg_seen_mae=1.6777, avg_unseen_mae=1.7808]
    Epoch 534:  [avg_train_loss=3.4649, avg_seen_mae=1.6777, avg_unseen_mae=1.7808]
    Epoch 535:  [avg_train_loss=3.4649, avg_seen_mae=1.6777, avg_unseen_mae=1.7808]
    Epoch 536:  [avg_train_loss=3.4649, avg_seen_mae=1.6777, avg_unseen_mae=1.7808]
    Epoch 537:  [avg_train_loss=3.4649, avg_seen_mae=1.6777, avg_unseen_mae=1.7808]
    Epoch 538:  [avg_train_loss=3.4649, avg_seen_mae=1.6777, avg_unseen_mae=1.7808]
    Epoch 539:  [avg_train_loss=3.4649, avg_seen_mae=1.6777, avg_unseen_mae=1.7808]
    Epoch 540:  [avg_train_loss=3.4649, avg_seen_mae=1.6777, avg_unseen_mae=1.7808]
    Epoch 541:  [avg_train_loss=3.4649, avg_seen_mae=1.6777, avg_unseen_mae=1.7808]
    Epoch 542:  [avg_train_loss=3.4649, avg_seen_mae=1.6777, avg_unseen_mae=1.7808]
    Epoch 543:  [avg_train_loss=3.4649, avg_seen_mae=1.6777, avg_unseen_mae=1.7808]
    Epoch 544:  [avg_train_loss=3.4649, avg_seen_mae=1.6777, avg_unseen_mae=1.7808]
    Epoch 545:  [avg_train_loss=3.4649, avg_seen_mae=1.6777, avg_unseen_mae=1.7808]
    Epoch 546:  [avg_train_loss=3.4649, avg_seen_mae=1.6777, avg_unseen_mae=1.7808]
    Epoch 547:  [avg_train_loss=3.4649, avg_seen_mae=1.6777, avg_unseen_mae=1.7808]
    Epoch 548:  [avg_train_loss=3.4649, avg_seen_mae=1.6777, avg_unseen_mae=1.7808]
    Epoch 549:  [avg_train_loss=3.4649, avg_seen_mae=1.6777, avg_unseen_mae=1.7808]
    Epoch 550:  [avg_train_loss=3.4649, avg_seen_mae=1.6777, avg_unseen_mae=1.7808]
    Epoch 551:  [avg_train_loss=3.4649, avg_seen_mae=1.6777, avg_unseen_mae=1.7808]
    Epoch 552:  [avg_train_loss=3.4649, avg_seen_mae=1.6777, avg_unseen_mae=1.7808]
    Epoch 553:  [avg_train_loss=3.4649, avg_seen_mae=1.6777, avg_unseen_mae=1.7808]
    Epoch 554:  [avg_train_loss=3.4649, avg_seen_mae=1.6777, avg_unseen_mae=1.7808]
    Epoch 555:  [avg_train_loss=3.4649, avg_seen_mae=1.6777, avg_unseen_mae=1.7808]
    Epoch 556:  [avg_train_loss=3.4649, avg_seen_mae=1.6777, avg_unseen_mae=1.7808]
    Epoch 557:  [avg_train_loss=3.4649, avg_seen_mae=1.6777, avg_unseen_mae=1.7808]
    Epoch 558:  [avg_train_loss=3.4649, avg_seen_mae=1.6777, avg_unseen_mae=1.7808]
    Epoch 559:  [avg_train_loss=3.4649, avg_seen_mae=1.6777, avg_unseen_mae=1.7808]
    Epoch 560:  [avg_train_loss=3.4649, avg_seen_mae=1.6777, avg_unseen_mae=1.7808]
    Epoch 561:  [avg_train_loss=3.4649, avg_seen_mae=1.6777, avg_unseen_mae=1.7808]
    Epoch 562:  [avg_train_loss=3.4649, avg_seen_mae=1.6777, avg_unseen_mae=1.7808]
    Epoch 563:  [avg_train_loss=3.4649, avg_seen_mae=1.6777, avg_unseen_mae=1.7808]
    Epoch 564:  [avg_train_loss=3.4649, avg_seen_mae=1.6777, avg_unseen_mae=1.7808]
    Epoch 565:  [avg_train_loss=3.4649, avg_seen_mae=1.6777, avg_unseen_mae=1.7808]
    Epoch 566:  [avg_train_loss=3.4649, avg_seen_mae=1.6777, avg_unseen_mae=1.7808]
    Epoch 567:  [avg_train_loss=3.4649, avg_seen_mae=1.6777, avg_unseen_mae=1.7808]
    Epoch 568:  [avg_train_loss=3.4649, avg_seen_mae=1.6777, avg_unseen_mae=1.7808]
    Epoch 569:  [avg_train_loss=3.4649, avg_seen_mae=1.6777, avg_unseen_mae=1.7808]
    Epoch 570:  [avg_train_loss=3.4649, avg_seen_mae=1.6777, avg_unseen_mae=1.7808]
    Epoch 571:  [avg_train_loss=3.4649, avg_seen_mae=1.6777, avg_unseen_mae=1.7808]
    Epoch 572:  [avg_train_loss=3.4649, avg_seen_mae=1.6777, avg_unseen_mae=1.7808]
    Epoch 573:  [avg_train_loss=3.4649, avg_seen_mae=1.6777, avg_unseen_mae=1.7808]
    Epoch 574:  [avg_train_loss=3.4649, avg_seen_mae=1.6777, avg_unseen_mae=1.7808]
    Epoch 575:  [avg_train_loss=3.4649, avg_seen_mae=1.6777, avg_unseen_mae=1.7808]
    Epoch 576:  [avg_train_loss=3.4649, avg_seen_mae=1.6777, avg_unseen_mae=1.7808]
    Epoch 577:  [avg_train_loss=3.4649, avg_seen_mae=1.6777, avg_unseen_mae=1.7808]
    Epoch 578:  [avg_train_loss=3.4649, avg_seen_mae=1.6777, avg_unseen_mae=1.7808]
    Epoch 579:  [avg_train_loss=3.4649, avg_seen_mae=1.6777, avg_unseen_mae=1.7808]
    Epoch 580:  [avg_train_loss=3.4649, avg_seen_mae=1.6777, avg_unseen_mae=1.7808]
    Epoch 581:  [avg_train_loss=3.4649, avg_seen_mae=1.6777, avg_unseen_mae=1.7808]
    Epoch 582:  [avg_train_loss=3.4649, avg_seen_mae=1.6777, avg_unseen_mae=1.7808]
    Epoch 583:  [avg_train_loss=3.4649, avg_seen_mae=1.6777, avg_unseen_mae=1.7808]
    Epoch 584:  [avg_train_loss=3.4649, avg_seen_mae=1.6777, avg_unseen_mae=1.7808]
    Epoch 585:  [avg_train_loss=3.4649, avg_seen_mae=1.6777, avg_unseen_mae=1.7808]
    Epoch 586:  [avg_train_loss=3.4649, avg_seen_mae=1.6777, avg_unseen_mae=1.7808]
    Epoch 587:  [avg_train_loss=3.4649, avg_seen_mae=1.6777, avg_unseen_mae=1.7808]
    Epoch 588:  [avg_train_loss=3.4649, avg_seen_mae=1.6777, avg_unseen_mae=1.7808]
    Epoch 589:  [avg_train_loss=3.4649, avg_seen_mae=1.6777, avg_unseen_mae=1.7808]
    Epoch 590:  [avg_train_loss=3.4649, avg_seen_mae=1.6777, avg_unseen_mae=1.7808]
    Epoch 591:  [avg_train_loss=3.4649, avg_seen_mae=1.6777, avg_unseen_mae=1.7808]
    Epoch 592:  [avg_train_loss=3.4649, avg_seen_mae=1.6777, avg_unseen_mae=1.7808]
    Epoch 593:  [avg_train_loss=3.4649, avg_seen_mae=1.6777, avg_unseen_mae=1.7808]
    Epoch 594:  [avg_train_loss=3.4649, avg_seen_mae=1.6777, avg_unseen_mae=1.7808]
    Epoch 595:  [avg_train_loss=3.4649, avg_seen_mae=1.6777, avg_unseen_mae=1.7808]
    Epoch 596:  [avg_train_loss=3.4649, avg_seen_mae=1.6777, avg_unseen_mae=1.7808]
    Epoch 597:  [avg_train_loss=3.4649, avg_seen_mae=1.6777, avg_unseen_mae=1.7808]
    Epoch 598:  [avg_train_loss=3.4649, avg_seen_mae=1.6777, avg_unseen_mae=1.7808]
    Epoch 599:  [avg_train_loss=3.4649, avg_seen_mae=1.6777, avg_unseen_mae=1.7808]
    Epoch 600:  [avg_train_loss=3.4649, avg_seen_mae=1.6777, avg_unseen_mae=1.7808]
    Epoch 601:  [avg_train_loss=3.4649, avg_seen_mae=1.6777, avg_unseen_mae=1.7808]
    Epoch 602:  [avg_train_loss=3.4649, avg_seen_mae=1.6777, avg_unseen_mae=1.7808]
    Epoch 603:  [avg_train_loss=3.4649, avg_seen_mae=1.6777, avg_unseen_mae=1.7808]
    Epoch 604:  [avg_train_loss=3.4649, avg_seen_mae=1.6777, avg_unseen_mae=1.7808]
    Epoch 605:  [avg_train_loss=3.4649, avg_seen_mae=1.6777, avg_unseen_mae=1.7808]
    Epoch 606:  [avg_train_loss=3.4649, avg_seen_mae=1.6777, avg_unseen_mae=1.7808]
    Epoch 607:  [avg_train_loss=3.4649, avg_seen_mae=1.6777, avg_unseen_mae=1.7808]
    Epoch 608:  [avg_train_loss=3.4649, avg_seen_mae=1.6777, avg_unseen_mae=1.7808]
    Epoch 609:  [avg_train_loss=3.4649, avg_seen_mae=1.6777, avg_unseen_mae=1.7808]
    Epoch 610:  [avg_train_loss=3.4649, avg_seen_mae=1.6777, avg_unseen_mae=1.7808]
    Epoch 611:  [avg_train_loss=3.4649, avg_seen_mae=1.6777, avg_unseen_mae=1.7808]
    Epoch 612:  [avg_train_loss=3.4649, avg_seen_mae=1.6777, avg_unseen_mae=1.7808]
    Epoch 613:  [avg_train_loss=3.4649, avg_seen_mae=1.6777, avg_unseen_mae=1.7808]
    Epoch 614:  [avg_train_loss=3.4649, avg_seen_mae=1.6777, avg_unseen_mae=1.7808]
    Epoch 615:  [avg_train_loss=3.4649, avg_seen_mae=1.6777, avg_unseen_mae=1.7808]
    Epoch 616:  [avg_train_loss=3.4649, avg_seen_mae=1.6777, avg_unseen_mae=1.7808]
    Epoch 617:  [avg_train_loss=3.4649, avg_seen_mae=1.6777, avg_unseen_mae=1.7808]
    Epoch 618:  [avg_train_loss=3.4649, avg_seen_mae=1.6777, avg_unseen_mae=1.7808]
    Epoch 619:  [avg_train_loss=3.4649, avg_seen_mae=1.6777, avg_unseen_mae=1.7808]
    Epoch 620:  [avg_train_loss=3.4649, avg_seen_mae=1.6777, avg_unseen_mae=1.7808]
    Epoch 621:  [avg_train_loss=3.4649, avg_seen_mae=1.6777, avg_unseen_mae=1.7808]
    Epoch 622:  [avg_train_loss=3.4649, avg_seen_mae=1.6777, avg_unseen_mae=1.7808]
    Epoch 623:  [avg_train_loss=3.4649, avg_seen_mae=1.6777, avg_unseen_mae=1.7808]
    Epoch 624:  [avg_train_loss=3.4649, avg_seen_mae=1.6777, avg_unseen_mae=1.7808]
    Epoch 625:  [avg_train_loss=3.4649, avg_seen_mae=1.6777, avg_unseen_mae=1.7808]
    Epoch 626:  [avg_train_loss=3.4649, avg_seen_mae=1.6777, avg_unseen_mae=1.7808]
    Epoch 627:  [avg_train_loss=3.4649, avg_seen_mae=1.6777, avg_unseen_mae=1.7808]
    Epoch 628:  [avg_train_loss=3.4649, avg_seen_mae=1.6777, avg_unseen_mae=1.7808]
    Epoch 629:  [avg_train_loss=3.4649, avg_seen_mae=1.6777, avg_unseen_mae=1.7808]
    Epoch 630:  [avg_train_loss=3.4649, avg_seen_mae=1.6777, avg_unseen_mae=1.7808]
    Epoch 631:  [avg_train_loss=3.4649, avg_seen_mae=1.6777, avg_unseen_mae=1.7808]
    Epoch 632:  [avg_train_loss=3.4649, avg_seen_mae=1.6777, avg_unseen_mae=1.7808]
    Epoch 633:  [avg_train_loss=3.4649, avg_seen_mae=1.6777, avg_unseen_mae=1.7808]
    Epoch 634:  [avg_train_loss=3.4649, avg_seen_mae=1.6777, avg_unseen_mae=1.7808]
    Epoch 635:  [avg_train_loss=3.4649, avg_seen_mae=1.6777, avg_unseen_mae=1.7808]
    Epoch 636:  [avg_train_loss=3.4649, avg_seen_mae=1.6777, avg_unseen_mae=1.7808]
    Epoch 637:  [avg_train_loss=3.4649, avg_seen_mae=1.6777, avg_unseen_mae=1.7808]
    Epoch 638:  [avg_train_loss=3.4649, avg_seen_mae=1.6777, avg_unseen_mae=1.7808]
    Epoch 639:  [avg_train_loss=3.4649, avg_seen_mae=1.6777, avg_unseen_mae=1.7808]
    Epoch 640:  [avg_train_loss=3.4649, avg_seen_mae=1.6777, avg_unseen_mae=1.7808]
    Epoch 641:  [avg_train_loss=3.4649, avg_seen_mae=1.6777, avg_unseen_mae=1.7808]
    Epoch 642:  [avg_train_loss=3.4649, avg_seen_mae=1.6777, avg_unseen_mae=1.7808]
    Epoch 643:  [avg_train_loss=3.4649, avg_seen_mae=1.6777, avg_unseen_mae=1.7808]
    Epoch 644:  [avg_train_loss=3.4649, avg_seen_mae=1.6777, avg_unseen_mae=1.7808]
    Epoch 645:  [avg_train_loss=3.4649, avg_seen_mae=1.6777, avg_unseen_mae=1.7808]
    Epoch 646:  [avg_train_loss=3.4649, avg_seen_mae=1.6777, avg_unseen_mae=1.7808]
    Epoch 647:  [avg_train_loss=3.4649, avg_seen_mae=1.6777, avg_unseen_mae=1.7808]
    Epoch 648:  [avg_train_loss=3.4649, avg_seen_mae=1.6777, avg_unseen_mae=1.7808]
    Epoch 649:  [avg_train_loss=3.4649, avg_seen_mae=1.6777, avg_unseen_mae=1.7808]
    Epoch 650:  [avg_train_loss=3.4649, avg_seen_mae=1.6777, avg_unseen_mae=1.7808]
    Epoch 651:  [avg_train_loss=3.4649, avg_seen_mae=1.6777, avg_unseen_mae=1.7808]
    Epoch 652:  [avg_train_loss=3.4649, avg_seen_mae=1.6777, avg_unseen_mae=1.7808]
    Epoch 653:  [avg_train_loss=3.4649, avg_seen_mae=1.6777, avg_unseen_mae=1.7808]
    Epoch 654:  [avg_train_loss=3.4649, avg_seen_mae=1.6777, avg_unseen_mae=1.7808]
    Epoch 655:  [avg_train_loss=3.4649, avg_seen_mae=1.6777, avg_unseen_mae=1.7808]
    Epoch 656:  [avg_train_loss=3.4649, avg_seen_mae=1.6777, avg_unseen_mae=1.7808]
    Epoch 657:  [avg_train_loss=3.4649, avg_seen_mae=1.6777, avg_unseen_mae=1.7808]
    Epoch 658:  [avg_train_loss=3.4649, avg_seen_mae=1.6777, avg_unseen_mae=1.7808]
    Epoch 659:  [avg_train_loss=3.4649, avg_seen_mae=1.6777, avg_unseen_mae=1.7808]
    Epoch 660:  [avg_train_loss=3.4649, avg_seen_mae=1.6777, avg_unseen_mae=1.7808]
    Epoch 661:  [avg_train_loss=3.4649, avg_seen_mae=1.6777, avg_unseen_mae=1.7808]
    Epoch 662:  [avg_train_loss=3.4649, avg_seen_mae=1.6777, avg_unseen_mae=1.7808]
    Epoch 663:  [avg_train_loss=3.4649, avg_seen_mae=1.6777, avg_unseen_mae=1.7808]
    Epoch 664:  [avg_train_loss=3.4649, avg_seen_mae=1.6777, avg_unseen_mae=1.7808]
    Epoch 665:  [avg_train_loss=3.4649, avg_seen_mae=1.6777, avg_unseen_mae=1.7808]
    Epoch 666:  [avg_train_loss=3.4649, avg_seen_mae=1.6777, avg_unseen_mae=1.7808]
    Epoch 667:  [avg_train_loss=3.4649, avg_seen_mae=1.6777, avg_unseen_mae=1.7808]
    Epoch 668:  [avg_train_loss=3.4649, avg_seen_mae=1.6777, avg_unseen_mae=1.7808]
    Epoch 669:  [avg_train_loss=3.4649, avg_seen_mae=1.6777, avg_unseen_mae=1.7808]
    Epoch 670:  [avg_train_loss=3.4649, avg_seen_mae=1.6777, avg_unseen_mae=1.7808]
    Epoch 671:  [avg_train_loss=3.4649, avg_seen_mae=1.6777, avg_unseen_mae=1.7808]
    Epoch 672:  [avg_train_loss=3.4649, avg_seen_mae=1.6777, avg_unseen_mae=1.7808]
    Epoch 673:  [avg_train_loss=3.4649, avg_seen_mae=1.6777, avg_unseen_mae=1.7808]
    Epoch 674:  [avg_train_loss=3.4649, avg_seen_mae=1.6777, avg_unseen_mae=1.7808]
    Epoch 675:  [avg_train_loss=3.4649, avg_seen_mae=1.6777, avg_unseen_mae=1.7808]
    Epoch 676:  [avg_train_loss=3.4649, avg_seen_mae=1.6777, avg_unseen_mae=1.7808]
    Epoch 677:  [avg_train_loss=3.4649, avg_seen_mae=1.6777, avg_unseen_mae=1.7808]
    Epoch 678:  [avg_train_loss=3.4649, avg_seen_mae=1.6777, avg_unseen_mae=1.7808]
    Epoch 679:  [avg_train_loss=3.4649, avg_seen_mae=1.6777, avg_unseen_mae=1.7808]
    Epoch 680:  [avg_train_loss=3.4649, avg_seen_mae=1.6777, avg_unseen_mae=1.7808]
    Epoch 681:  [avg_train_loss=3.4649, avg_seen_mae=1.6777, avg_unseen_mae=1.7808]
    Epoch 682:  [avg_train_loss=3.4649, avg_seen_mae=1.6777, avg_unseen_mae=1.7808]
    Epoch 683:  [avg_train_loss=3.4649, avg_seen_mae=1.6777, avg_unseen_mae=1.7808]
    Epoch 684:  [avg_train_loss=3.4649, avg_seen_mae=1.6777, avg_unseen_mae=1.7808]
    Epoch 685:  [avg_train_loss=3.4649, avg_seen_mae=1.6777, avg_unseen_mae=1.7808]
    Epoch 686:  [avg_train_loss=3.4649, avg_seen_mae=1.6777, avg_unseen_mae=1.7808]
    Epoch 687:  [avg_train_loss=3.4649, avg_seen_mae=1.6777, avg_unseen_mae=1.7808]
    Epoch 688:  [avg_train_loss=3.4649, avg_seen_mae=1.6777, avg_unseen_mae=1.7808]
    Epoch 689:  [avg_train_loss=3.4649, avg_seen_mae=1.6777, avg_unseen_mae=1.7808]
    Epoch 690:  [avg_train_loss=3.4649, avg_seen_mae=1.6777, avg_unseen_mae=1.7808]
    Epoch 691:  [avg_train_loss=3.4649, avg_seen_mae=1.6777, avg_unseen_mae=1.7808]
    Epoch 692:  [avg_train_loss=3.4649, avg_seen_mae=1.6777, avg_unseen_mae=1.7808]
    Epoch 693:  [avg_train_loss=3.4649, avg_seen_mae=1.6777, avg_unseen_mae=1.7808]
    Epoch 694:  [avg_train_loss=3.4649, avg_seen_mae=1.6777, avg_unseen_mae=1.7808]
    Epoch 695:  [avg_train_loss=3.4649, avg_seen_mae=1.6777, avg_unseen_mae=1.7808]
    Epoch 696:  [avg_train_loss=3.4649, avg_seen_mae=1.6777, avg_unseen_mae=1.7808]
    Epoch 697:  [avg_train_loss=3.4649, avg_seen_mae=1.6777, avg_unseen_mae=1.7808]
    Epoch 698:  [avg_train_loss=3.4649, avg_seen_mae=1.6777, avg_unseen_mae=1.7808]
    Epoch 699:  [avg_train_loss=3.4649, avg_seen_mae=1.6777, avg_unseen_mae=1.7808]
    Epoch 700:  [avg_train_loss=3.4649, avg_seen_mae=1.6777, avg_unseen_mae=1.7808]
    Epoch 701:  [avg_train_loss=3.4649, avg_seen_mae=1.6777, avg_unseen_mae=1.7808]
    Epoch 702:  [avg_train_loss=3.4649, avg_seen_mae=1.6777, avg_unseen_mae=1.7808]
    Epoch 703:  [avg_train_loss=3.4649, avg_seen_mae=1.6777, avg_unseen_mae=1.7808]
    Epoch 704:  [avg_train_loss=3.4649, avg_seen_mae=1.6777, avg_unseen_mae=1.7808]
    Epoch 705:  [avg_train_loss=3.4649, avg_seen_mae=1.6777, avg_unseen_mae=1.7808]
    Epoch 706:  [avg_train_loss=3.4649, avg_seen_mae=1.6777, avg_unseen_mae=1.7808]
    Epoch 707:  [avg_train_loss=3.4649, avg_seen_mae=1.6777, avg_unseen_mae=1.7808]
    Epoch 708:  [avg_train_loss=3.4649, avg_seen_mae=1.6777, avg_unseen_mae=1.7808]
    Epoch 709:  [avg_train_loss=3.4649, avg_seen_mae=1.6777, avg_unseen_mae=1.7808]
    Epoch 710:  [avg_train_loss=3.4649, avg_seen_mae=1.6777, avg_unseen_mae=1.7808]
    Epoch 711:  [avg_train_loss=3.4649, avg_seen_mae=1.6777, avg_unseen_mae=1.7808]
    Epoch 712:  [avg_train_loss=3.4649, avg_seen_mae=1.6777, avg_unseen_mae=1.7808]
    Epoch 713:  [avg_train_loss=3.4649, avg_seen_mae=1.6777, avg_unseen_mae=1.7808]
    Epoch 714:  [avg_train_loss=3.4649, avg_seen_mae=1.6777, avg_unseen_mae=1.7808]
    Epoch 715:  [avg_train_loss=3.4649, avg_seen_mae=1.6777, avg_unseen_mae=1.7808]
    Epoch 716:  [avg_train_loss=3.4649, avg_seen_mae=1.6777, avg_unseen_mae=1.7808]
    Epoch 717:  [avg_train_loss=3.4649, avg_seen_mae=1.6777, avg_unseen_mae=1.7808]
    Epoch 718:  [avg_train_loss=3.4649, avg_seen_mae=1.6777, avg_unseen_mae=1.7808]
    Epoch 719:  [avg_train_loss=3.4649, avg_seen_mae=1.6777, avg_unseen_mae=1.7808]
    Epoch 720:  [avg_train_loss=3.4649, avg_seen_mae=1.6777, avg_unseen_mae=1.7808]
    Epoch 721:  [avg_train_loss=3.4649, avg_seen_mae=1.6777, avg_unseen_mae=1.7808]
    Epoch 722:  [avg_train_loss=3.4649, avg_seen_mae=1.6777, avg_unseen_mae=1.7808]
    Epoch 723:  [avg_train_loss=3.4649, avg_seen_mae=1.6777, avg_unseen_mae=1.7808]
    Epoch 724:  [avg_train_loss=3.4649, avg_seen_mae=1.6777, avg_unseen_mae=1.7808]
    Epoch 725:  [avg_train_loss=3.4649, avg_seen_mae=1.6777, avg_unseen_mae=1.7808]
    Epoch 726:  [avg_train_loss=3.4649, avg_seen_mae=1.6777, avg_unseen_mae=1.7808]
    Epoch 727:  [avg_train_loss=3.4649, avg_seen_mae=1.6777, avg_unseen_mae=1.7808]
    Epoch 728:  [avg_train_loss=3.4649, avg_seen_mae=1.6777, avg_unseen_mae=1.7808]
    Epoch 729:  [avg_train_loss=3.4649, avg_seen_mae=1.6777, avg_unseen_mae=1.7808]
    Epoch 730:  [avg_train_loss=3.4649, avg_seen_mae=1.6777, avg_unseen_mae=1.7808]
    Epoch 731:  [avg_train_loss=3.4649, avg_seen_mae=1.6777, avg_unseen_mae=1.7808]
    Epoch 732:  [avg_train_loss=3.4649, avg_seen_mae=1.6777, avg_unseen_mae=1.7808]
    Epoch 733:  [avg_train_loss=3.4649, avg_seen_mae=1.6777, avg_unseen_mae=1.7808]
    Epoch 734:  [avg_train_loss=3.4649, avg_seen_mae=1.6777, avg_unseen_mae=1.7808]
    Epoch 735:  [avg_train_loss=3.4649, avg_seen_mae=1.6777, avg_unseen_mae=1.7808]
    Epoch 736:  [avg_train_loss=3.4649, avg_seen_mae=1.6777, avg_unseen_mae=1.7808]
    Epoch 737:  [avg_train_loss=3.4649, avg_seen_mae=1.6777, avg_unseen_mae=1.7808]
    Epoch 738:  [avg_train_loss=3.4649, avg_seen_mae=1.6777, avg_unseen_mae=1.7808]
    Epoch 739:  [avg_train_loss=3.4649, avg_seen_mae=1.6777, avg_unseen_mae=1.7808]
    Epoch 740:  [avg_train_loss=3.4649, avg_seen_mae=1.6777, avg_unseen_mae=1.7808]
    Epoch 741:  [avg_train_loss=3.4649, avg_seen_mae=1.6777, avg_unseen_mae=1.7808]
    Epoch 742:  [avg_train_loss=3.4649, avg_seen_mae=1.6777, avg_unseen_mae=1.7808]
    Epoch 743:  [avg_train_loss=3.4649, avg_seen_mae=1.6777, avg_unseen_mae=1.7808]
    Epoch 744:  [avg_train_loss=3.4649, avg_seen_mae=1.6777, avg_unseen_mae=1.7808]
    Epoch 745:  [avg_train_loss=3.4649, avg_seen_mae=1.6777, avg_unseen_mae=1.7808]
    Epoch 746:  [avg_train_loss=3.4649, avg_seen_mae=1.6777, avg_unseen_mae=1.7808]
    Epoch 747:  [avg_train_loss=3.4649, avg_seen_mae=1.6777, avg_unseen_mae=1.7808]
    Epoch 748:  [avg_train_loss=3.4649, avg_seen_mae=1.6777, avg_unseen_mae=1.7808]
    Epoch 749:  [avg_train_loss=3.4649, avg_seen_mae=1.6777, avg_unseen_mae=1.7808]
    Epoch 750:  [avg_train_loss=3.4649, avg_seen_mae=1.6777, avg_unseen_mae=1.7808]
    Epoch 751:  [avg_train_loss=3.4649, avg_seen_mae=1.6777, avg_unseen_mae=1.7808]
    Epoch 752:  [avg_train_loss=3.4649, avg_seen_mae=1.6777, avg_unseen_mae=1.7808]
    Epoch 753:  [avg_train_loss=3.4649, avg_seen_mae=1.6777, avg_unseen_mae=1.7808]
    Epoch 754:  [avg_train_loss=3.4649, avg_seen_mae=1.6777, avg_unseen_mae=1.7808]
    Epoch 755:  [avg_train_loss=3.4649, avg_seen_mae=1.6777, avg_unseen_mae=1.7808]
    Epoch 756:  [avg_train_loss=3.4649, avg_seen_mae=1.6777, avg_unseen_mae=1.7808]
    Epoch 757:  [avg_train_loss=3.4649, avg_seen_mae=1.6777, avg_unseen_mae=1.7808]
    Epoch 758:  [avg_train_loss=3.4649, avg_seen_mae=1.6777, avg_unseen_mae=1.7808]
    Epoch 759:  [avg_train_loss=3.4649, avg_seen_mae=1.6777, avg_unseen_mae=1.7808]
    Epoch 760:  [avg_train_loss=3.4649, avg_seen_mae=1.6777, avg_unseen_mae=1.7808]
    Epoch 761:  [avg_train_loss=3.4649, avg_seen_mae=1.6777, avg_unseen_mae=1.7808]
    Epoch 762:  [avg_train_loss=3.4649, avg_seen_mae=1.6777, avg_unseen_mae=1.7808]
    Epoch 763:  [avg_train_loss=3.4649, avg_seen_mae=1.6777, avg_unseen_mae=1.7808]
    Epoch 764:  [avg_train_loss=3.4649, avg_seen_mae=1.6777, avg_unseen_mae=1.7808]
    Epoch 765:  [avg_train_loss=3.4649, avg_seen_mae=1.6777, avg_unseen_mae=1.7808]
    Epoch 766:  [avg_train_loss=3.4649, avg_seen_mae=1.6777, avg_unseen_mae=1.7808]
    Epoch 767:  [avg_train_loss=3.4649, avg_seen_mae=1.6777, avg_unseen_mae=1.7808]
    Epoch 768:  [avg_train_loss=3.4649, avg_seen_mae=1.6777, avg_unseen_mae=1.7808]
    Epoch 769:  [avg_train_loss=3.4649, avg_seen_mae=1.6777, avg_unseen_mae=1.7808]
    Epoch 770:  [avg_train_loss=3.4649, avg_seen_mae=1.6777, avg_unseen_mae=1.7808]
    Epoch 771:  [avg_train_loss=3.4649, avg_seen_mae=1.6777, avg_unseen_mae=1.7808]
    Epoch 772:  [avg_train_loss=3.4649, avg_seen_mae=1.6777, avg_unseen_mae=1.7808]
    Epoch 773:  [avg_train_loss=3.4649, avg_seen_mae=1.6777, avg_unseen_mae=1.7808]
    Epoch 774:  [avg_train_loss=3.4649, avg_seen_mae=1.6777, avg_unseen_mae=1.7808]
    Epoch 775:  [avg_train_loss=3.4649, avg_seen_mae=1.6777, avg_unseen_mae=1.7808]
    Epoch 776:  [avg_train_loss=3.4649, avg_seen_mae=1.6777, avg_unseen_mae=1.7808]
    Epoch 777:  [avg_train_loss=3.4649, avg_seen_mae=1.6777, avg_unseen_mae=1.7808]
    Epoch 778:  [avg_train_loss=3.4649, avg_seen_mae=1.6777, avg_unseen_mae=1.7808]
    Epoch 779:  [avg_train_loss=3.4649, avg_seen_mae=1.6777, avg_unseen_mae=1.7808]
    Epoch 780:  [avg_train_loss=3.4649, avg_seen_mae=1.6777, avg_unseen_mae=1.7808]
    Epoch 781:  [avg_train_loss=3.4649, avg_seen_mae=1.6777, avg_unseen_mae=1.7808]
    Epoch 782:  [avg_train_loss=3.4649, avg_seen_mae=1.6777, avg_unseen_mae=1.7808]
    Epoch 783:  [avg_train_loss=3.4649, avg_seen_mae=1.6777, avg_unseen_mae=1.7808]
    Epoch 784:  [avg_train_loss=3.4649, avg_seen_mae=1.6777, avg_unseen_mae=1.7808]
    Epoch 785:  [avg_train_loss=3.4649, avg_seen_mae=1.6777, avg_unseen_mae=1.7808]
    Epoch 786:  [avg_train_loss=3.4649, avg_seen_mae=1.6777, avg_unseen_mae=1.7808]
    Epoch 787:  [avg_train_loss=3.4649, avg_seen_mae=1.6777, avg_unseen_mae=1.7808]
    Epoch 788:  [avg_train_loss=3.4649, avg_seen_mae=1.6777, avg_unseen_mae=1.7808]
    Epoch 789:  [avg_train_loss=3.4649, avg_seen_mae=1.6777, avg_unseen_mae=1.7808]
    Epoch 790:  [avg_train_loss=3.4649, avg_seen_mae=1.6777, avg_unseen_mae=1.7808]
    Epoch 791:  [avg_train_loss=3.4649, avg_seen_mae=1.6777, avg_unseen_mae=1.7808]
    Epoch 792:  [avg_train_loss=3.4649, avg_seen_mae=1.6777, avg_unseen_mae=1.7808]
    Epoch 793:  [avg_train_loss=3.4649, avg_seen_mae=1.6777, avg_unseen_mae=1.7808]
    Epoch 794:  [avg_train_loss=3.4649, avg_seen_mae=1.6777, avg_unseen_mae=1.7808]
    Epoch 795:  [avg_train_loss=3.4649, avg_seen_mae=1.6777, avg_unseen_mae=1.7808]
    Epoch 796:  [avg_train_loss=3.4649, avg_seen_mae=1.6777, avg_unseen_mae=1.7808]
    Epoch 797:  [avg_train_loss=3.4649, avg_seen_mae=1.6777, avg_unseen_mae=1.7808]
    Epoch 798:  [avg_train_loss=3.4649, avg_seen_mae=1.6777, avg_unseen_mae=1.7808]
    Epoch 799:  [avg_train_loss=3.4649, avg_seen_mae=1.6777, avg_unseen_mae=1.7808]
    Epoch 800:  [avg_train_loss=3.4649, avg_seen_mae=1.6777, avg_unseen_mae=1.7808]
    Epoch 801:  [avg_train_loss=3.4649, avg_seen_mae=1.6777, avg_unseen_mae=1.7808]
    Epoch 802:  [avg_train_loss=3.4649, avg_seen_mae=1.6777, avg_unseen_mae=1.7808]
    Epoch 803:  [avg_train_loss=3.4649, avg_seen_mae=1.6777, avg_unseen_mae=1.7808]
    Epoch 804:  [avg_train_loss=3.4649, avg_seen_mae=1.6777, avg_unseen_mae=1.7808]
    Epoch 805:  [avg_train_loss=3.4649, avg_seen_mae=1.6777, avg_unseen_mae=1.7808]
    Epoch 806:  [avg_train_loss=3.4649, avg_seen_mae=1.6777, avg_unseen_mae=1.7808]
    Epoch 807:  [avg_train_loss=3.4649, avg_seen_mae=1.6777, avg_unseen_mae=1.7808]
    Epoch 808:  [avg_train_loss=3.4649, avg_seen_mae=1.6777, avg_unseen_mae=1.7808]
    Epoch 809:  [avg_train_loss=3.4649, avg_seen_mae=1.6777, avg_unseen_mae=1.7808]
    Epoch 810:  [avg_train_loss=3.4649, avg_seen_mae=1.6777, avg_unseen_mae=1.7808]
    Epoch 811:  [avg_train_loss=3.4649, avg_seen_mae=1.6777, avg_unseen_mae=1.7808]
    Epoch 812:  [avg_train_loss=3.4649, avg_seen_mae=1.6777, avg_unseen_mae=1.7808]
    Epoch 813:  [avg_train_loss=3.4649, avg_seen_mae=1.6777, avg_unseen_mae=1.7808]
    Epoch 814:  [avg_train_loss=3.4649, avg_seen_mae=1.6777, avg_unseen_mae=1.7808]
    Epoch 815:  [avg_train_loss=3.4649, avg_seen_mae=1.6777, avg_unseen_mae=1.7808]
    Epoch 816:  [avg_train_loss=3.4649, avg_seen_mae=1.6777, avg_unseen_mae=1.7808]
    Epoch 817:  [avg_train_loss=3.4649, avg_seen_mae=1.6777, avg_unseen_mae=1.7808]
    Epoch 818:  [avg_train_loss=3.4649, avg_seen_mae=1.6777, avg_unseen_mae=1.7808]
    Epoch 819:  [avg_train_loss=3.4649, avg_seen_mae=1.6777, avg_unseen_mae=1.7808]
    Epoch 820:  [avg_train_loss=3.4649, avg_seen_mae=1.6777, avg_unseen_mae=1.7808]
    Epoch 821:  [avg_train_loss=3.4649, avg_seen_mae=1.6777, avg_unseen_mae=1.7808]
    Epoch 822:  [avg_train_loss=3.4649, avg_seen_mae=1.6777, avg_unseen_mae=1.7808]
    Epoch 823:  [avg_train_loss=3.4649, avg_seen_mae=1.6777, avg_unseen_mae=1.7808]
    Epoch 824:  [avg_train_loss=3.4649, avg_seen_mae=1.6777, avg_unseen_mae=1.7808]
    Epoch 825:  [avg_train_loss=3.4649, avg_seen_mae=1.6777, avg_unseen_mae=1.7808]
    Epoch 826:  [avg_train_loss=3.4649, avg_seen_mae=1.6777, avg_unseen_mae=1.7808]
    Epoch 827:  [avg_train_loss=3.4649, avg_seen_mae=1.6777, avg_unseen_mae=1.7808]
    Epoch 828:  [avg_train_loss=3.4649, avg_seen_mae=1.6777, avg_unseen_mae=1.7808]
    Epoch 829:  [avg_train_loss=3.4649, avg_seen_mae=1.6777, avg_unseen_mae=1.7808]
    Epoch 830:  [avg_train_loss=3.4649, avg_seen_mae=1.6777, avg_unseen_mae=1.7808]
    Epoch 831:  [avg_train_loss=3.4649, avg_seen_mae=1.6777, avg_unseen_mae=1.7808]
    Epoch 832:  [avg_train_loss=3.4649, avg_seen_mae=1.6777, avg_unseen_mae=1.7808]
    Epoch 833:  [avg_train_loss=3.4649, avg_seen_mae=1.6777, avg_unseen_mae=1.7808]
    Epoch 834:  [avg_train_loss=3.4649, avg_seen_mae=1.6777, avg_unseen_mae=1.7808]
    Epoch 835:  [avg_train_loss=3.4649, avg_seen_mae=1.6777, avg_unseen_mae=1.7808]
    Epoch 836:  [avg_train_loss=3.4649, avg_seen_mae=1.6777, avg_unseen_mae=1.7808]
    Epoch 837:  [avg_train_loss=3.4649, avg_seen_mae=1.6777, avg_unseen_mae=1.7808]
    Epoch 838:  [avg_train_loss=3.4649, avg_seen_mae=1.6777, avg_unseen_mae=1.7808]
    Epoch 839:  [avg_train_loss=3.4649, avg_seen_mae=1.6777, avg_unseen_mae=1.7808]
    Epoch 840:  [avg_train_loss=3.4649, avg_seen_mae=1.6777, avg_unseen_mae=1.7808]
    Epoch 841:  [avg_train_loss=3.4649, avg_seen_mae=1.6777, avg_unseen_mae=1.7808]
    Epoch 842:  [avg_train_loss=3.4649, avg_seen_mae=1.6777, avg_unseen_mae=1.7808]
    Epoch 843:  [avg_train_loss=3.4649, avg_seen_mae=1.6777, avg_unseen_mae=1.7808]
    Epoch 844:  [avg_train_loss=3.4649, avg_seen_mae=1.6777, avg_unseen_mae=1.7808]
    Epoch 845:  [avg_train_loss=3.4649, avg_seen_mae=1.6777, avg_unseen_mae=1.7808]
    Epoch 846:  [avg_train_loss=3.4649, avg_seen_mae=1.6777, avg_unseen_mae=1.7808]
    Epoch 847:  [avg_train_loss=3.4649, avg_seen_mae=1.6777, avg_unseen_mae=1.7808]
    Epoch 848:  [avg_train_loss=3.4649, avg_seen_mae=1.6777, avg_unseen_mae=1.7808]
    Epoch 849:  [avg_train_loss=3.4649, avg_seen_mae=1.6777, avg_unseen_mae=1.7808]
    Epoch 850:  [avg_train_loss=3.4649, avg_seen_mae=1.6777, avg_unseen_mae=1.7808]
    Epoch 851:  [avg_train_loss=3.4649, avg_seen_mae=1.6777, avg_unseen_mae=1.7808]
    Epoch 852:  [avg_train_loss=3.4649, avg_seen_mae=1.6777, avg_unseen_mae=1.7808]
    Epoch 853:  [avg_train_loss=3.4649, avg_seen_mae=1.6777, avg_unseen_mae=1.7808]
    Epoch 854:  [avg_train_loss=3.4649, avg_seen_mae=1.6777, avg_unseen_mae=1.7808]
    Epoch 855:  [avg_train_loss=3.4649, avg_seen_mae=1.6777, avg_unseen_mae=1.7808]
    Epoch 856:  [avg_train_loss=3.4649, avg_seen_mae=1.6777, avg_unseen_mae=1.7808]
    Epoch 857:  [avg_train_loss=3.4649, avg_seen_mae=1.6777, avg_unseen_mae=1.7808]
    Epoch 858:  [avg_train_loss=3.4649, avg_seen_mae=1.6777, avg_unseen_mae=1.7808]
    Epoch 859:  [avg_train_loss=3.4649, avg_seen_mae=1.6777, avg_unseen_mae=1.7808]
    Epoch 860:  [avg_train_loss=3.4649, avg_seen_mae=1.6777, avg_unseen_mae=1.7808]
    Epoch 861:  [avg_train_loss=3.4649, avg_seen_mae=1.6777, avg_unseen_mae=1.7808]
    Epoch 862:  [avg_train_loss=3.4649, avg_seen_mae=1.6777, avg_unseen_mae=1.7808]
    Epoch 863:  [avg_train_loss=3.4649, avg_seen_mae=1.6777, avg_unseen_mae=1.7808]
    Epoch 864:  [avg_train_loss=3.4649, avg_seen_mae=1.6777, avg_unseen_mae=1.7808]
    Epoch 865:  [avg_train_loss=3.4649, avg_seen_mae=1.6777, avg_unseen_mae=1.7808]
    Epoch 866:  [avg_train_loss=3.4649, avg_seen_mae=1.6777, avg_unseen_mae=1.7808]
    Epoch 867:  [avg_train_loss=3.4649, avg_seen_mae=1.6777, avg_unseen_mae=1.7808]
    Epoch 868:  [avg_train_loss=3.4649, avg_seen_mae=1.6777, avg_unseen_mae=1.7808]
    Epoch 869:  [avg_train_loss=3.4649, avg_seen_mae=1.6777, avg_unseen_mae=1.7808]
    Epoch 870:  [avg_train_loss=3.4649, avg_seen_mae=1.6777, avg_unseen_mae=1.7808]
    Epoch 871:  [avg_train_loss=3.4649, avg_seen_mae=1.6777, avg_unseen_mae=1.7808]
    Epoch 872:  [avg_train_loss=3.4649, avg_seen_mae=1.6777, avg_unseen_mae=1.7808]
    Epoch 873:  [avg_train_loss=3.4649, avg_seen_mae=1.6777, avg_unseen_mae=1.7808]
    Epoch 874:  [avg_train_loss=3.4649, avg_seen_mae=1.6777, avg_unseen_mae=1.7808]
    Epoch 875:  [avg_train_loss=3.4649, avg_seen_mae=1.6777, avg_unseen_mae=1.7808]
    Epoch 876:  [avg_train_loss=3.4649, avg_seen_mae=1.6777, avg_unseen_mae=1.7808]
    Epoch 877:  [avg_train_loss=3.4649, avg_seen_mae=1.6777, avg_unseen_mae=1.7808]
    Epoch 878:  [avg_train_loss=3.4649, avg_seen_mae=1.6777, avg_unseen_mae=1.7808]
    Epoch 879:  [avg_train_loss=3.4649, avg_seen_mae=1.6777, avg_unseen_mae=1.7808]
    Epoch 880:  [avg_train_loss=3.4649, avg_seen_mae=1.6777, avg_unseen_mae=1.7808]
    Epoch 881:  [avg_train_loss=3.4649, avg_seen_mae=1.6777, avg_unseen_mae=1.7808]
    Epoch 882:  [avg_train_loss=3.4649, avg_seen_mae=1.6777, avg_unseen_mae=1.7808]
    Epoch 883:  [avg_train_loss=3.4649, avg_seen_mae=1.6777, avg_unseen_mae=1.7808]
    Epoch 884:  [avg_train_loss=3.4649, avg_seen_mae=1.6777, avg_unseen_mae=1.7808]
    Epoch 885:  [avg_train_loss=3.4649, avg_seen_mae=1.6777, avg_unseen_mae=1.7808]
    Epoch 886:  [avg_train_loss=3.4649, avg_seen_mae=1.6777, avg_unseen_mae=1.7808]
    Epoch 887:  [avg_train_loss=3.4649, avg_seen_mae=1.6777, avg_unseen_mae=1.7808]
    Epoch 888:  [avg_train_loss=3.4649, avg_seen_mae=1.6777, avg_unseen_mae=1.7808]
    Epoch 889:  [avg_train_loss=3.4649, avg_seen_mae=1.6777, avg_unseen_mae=1.7808]
    Epoch 890:  [avg_train_loss=3.4649, avg_seen_mae=1.6777, avg_unseen_mae=1.7808]
    Epoch 891:  [avg_train_loss=3.4649, avg_seen_mae=1.6777, avg_unseen_mae=1.7808]
    Epoch 892:  [avg_train_loss=3.4649, avg_seen_mae=1.6777, avg_unseen_mae=1.7808]
    Epoch 893:  [avg_train_loss=3.4649, avg_seen_mae=1.6777, avg_unseen_mae=1.7808]
    Epoch 894:  [avg_train_loss=3.4649, avg_seen_mae=1.6777, avg_unseen_mae=1.7808]
    Epoch 895:  [avg_train_loss=3.4649, avg_seen_mae=1.6777, avg_unseen_mae=1.7808]
    Epoch 896:  [avg_train_loss=3.4649, avg_seen_mae=1.6777, avg_unseen_mae=1.7808]
    Epoch 897:  [avg_train_loss=3.4649, avg_seen_mae=1.6777, avg_unseen_mae=1.7808]
    Epoch 898:  [avg_train_loss=3.4649, avg_seen_mae=1.6777, avg_unseen_mae=1.7808]
    Epoch 899:  [avg_train_loss=3.4649, avg_seen_mae=1.6777, avg_unseen_mae=1.7808]
    Epoch 900:  [avg_train_loss=3.4649, avg_seen_mae=1.6777, avg_unseen_mae=1.7808]
    Epoch 901:  [avg_train_loss=3.4649, avg_seen_mae=1.6777, avg_unseen_mae=1.7808]
    Epoch 902:  [avg_train_loss=3.4649, avg_seen_mae=1.6777, avg_unseen_mae=1.7808]
    Epoch 903:  [avg_train_loss=3.4649, avg_seen_mae=1.6777, avg_unseen_mae=1.7808]
    Epoch 904:  [avg_train_loss=3.4649, avg_seen_mae=1.6777, avg_unseen_mae=1.7808]
    Epoch 905:  [avg_train_loss=3.4649, avg_seen_mae=1.6777, avg_unseen_mae=1.7808]
    Epoch 906:  [avg_train_loss=3.4649, avg_seen_mae=1.6777, avg_unseen_mae=1.7808]
    Epoch 907:  [avg_train_loss=3.4649, avg_seen_mae=1.6777, avg_unseen_mae=1.7808]
    Epoch 908:  [avg_train_loss=3.4649, avg_seen_mae=1.6777, avg_unseen_mae=1.7808]
    Epoch 909:  [avg_train_loss=3.4649, avg_seen_mae=1.6777, avg_unseen_mae=1.7808]
    Epoch 910:  [avg_train_loss=3.4649, avg_seen_mae=1.6777, avg_unseen_mae=1.7808]
    Epoch 911:  [avg_train_loss=3.4649, avg_seen_mae=1.6777, avg_unseen_mae=1.7808]
    Epoch 912:  [avg_train_loss=3.4649, avg_seen_mae=1.6777, avg_unseen_mae=1.7808]
    Epoch 913:  [avg_train_loss=3.4649, avg_seen_mae=1.6777, avg_unseen_mae=1.7808]
    Epoch 914:  [avg_train_loss=3.4649, avg_seen_mae=1.6777, avg_unseen_mae=1.7808]
    Epoch 915:  [avg_train_loss=3.4649, avg_seen_mae=1.6777, avg_unseen_mae=1.7808]
    Epoch 916:  [avg_train_loss=3.4649, avg_seen_mae=1.6777, avg_unseen_mae=1.7808]
    Epoch 917:  [avg_train_loss=3.4649, avg_seen_mae=1.6777, avg_unseen_mae=1.7808]
    Epoch 918:  [avg_train_loss=3.4649, avg_seen_mae=1.6777, avg_unseen_mae=1.7808]
    Epoch 919:  [avg_train_loss=3.4649, avg_seen_mae=1.6777, avg_unseen_mae=1.7808]
    Epoch 920:  [avg_train_loss=3.4649, avg_seen_mae=1.6777, avg_unseen_mae=1.7808]
    Epoch 921:  [avg_train_loss=3.4649, avg_seen_mae=1.6777, avg_unseen_mae=1.7808]
    Epoch 922:  [avg_train_loss=3.4649, avg_seen_mae=1.6777, avg_unseen_mae=1.7808]
    Epoch 923:  [avg_train_loss=3.4649, avg_seen_mae=1.6777, avg_unseen_mae=1.7808]
    Epoch 924:  [avg_train_loss=3.4649, avg_seen_mae=1.6777, avg_unseen_mae=1.7808]
    Epoch 925:  [avg_train_loss=3.4649, avg_seen_mae=1.6777, avg_unseen_mae=1.7808]
    Epoch 926:  [avg_train_loss=3.4649, avg_seen_mae=1.6777, avg_unseen_mae=1.7808]
    Epoch 927:  [avg_train_loss=3.4649, avg_seen_mae=1.6777, avg_unseen_mae=1.7808]
    Epoch 928:  [avg_train_loss=3.4649, avg_seen_mae=1.6777, avg_unseen_mae=1.7808]
    Epoch 929:  [avg_train_loss=3.4649, avg_seen_mae=1.6777, avg_unseen_mae=1.7808]
    Epoch 930:  [avg_train_loss=3.4649, avg_seen_mae=1.6777, avg_unseen_mae=1.7808]
    Epoch 931:  [avg_train_loss=3.4649, avg_seen_mae=1.6777, avg_unseen_mae=1.7808]
    Epoch 932:  [avg_train_loss=3.4649, avg_seen_mae=1.6777, avg_unseen_mae=1.7808]
    Epoch 933:  [avg_train_loss=3.4649, avg_seen_mae=1.6777, avg_unseen_mae=1.7808]
    Epoch 934:  [avg_train_loss=3.4649, avg_seen_mae=1.6777, avg_unseen_mae=1.7808]
    Epoch 935:  [avg_train_loss=3.4649, avg_seen_mae=1.6777, avg_unseen_mae=1.7808]
    Epoch 936:  [avg_train_loss=3.4649, avg_seen_mae=1.6777, avg_unseen_mae=1.7808]
    Epoch 937:  [avg_train_loss=3.4649, avg_seen_mae=1.6777, avg_unseen_mae=1.7808]
    Epoch 938:  [avg_train_loss=3.4649, avg_seen_mae=1.6777, avg_unseen_mae=1.7808]
    Epoch 939:  [avg_train_loss=3.4649, avg_seen_mae=1.6777, avg_unseen_mae=1.7808]
    Epoch 940:  [avg_train_loss=3.4649, avg_seen_mae=1.6777, avg_unseen_mae=1.7808]
    Epoch 941:  [avg_train_loss=3.4649, avg_seen_mae=1.6777, avg_unseen_mae=1.7808]
    Epoch 942:  [avg_train_loss=3.4649, avg_seen_mae=1.6777, avg_unseen_mae=1.7808]
    Epoch 943:  [avg_train_loss=3.4649, avg_seen_mae=1.6777, avg_unseen_mae=1.7808]
    Epoch 944:  [avg_train_loss=3.4649, avg_seen_mae=1.6777, avg_unseen_mae=1.7808]
    Epoch 945:  [avg_train_loss=3.4649, avg_seen_mae=1.6777, avg_unseen_mae=1.7808]
    Epoch 946:  [avg_train_loss=3.4649, avg_seen_mae=1.6777, avg_unseen_mae=1.7808]
    Epoch 947:  [avg_train_loss=3.4649, avg_seen_mae=1.6777, avg_unseen_mae=1.7808]
    Epoch 948:  [avg_train_loss=3.4649, avg_seen_mae=1.6777, avg_unseen_mae=1.7808]
    Epoch 949:  [avg_train_loss=3.4649, avg_seen_mae=1.6777, avg_unseen_mae=1.7808]
    Epoch 950:  [avg_train_loss=3.4649, avg_seen_mae=1.6777, avg_unseen_mae=1.7808]
    Epoch 951:  [avg_train_loss=3.4649, avg_seen_mae=1.6777, avg_unseen_mae=1.7808]
    Epoch 952:  [avg_train_loss=3.4649, avg_seen_mae=1.6777, avg_unseen_mae=1.7808]
    Epoch 953:  [avg_train_loss=3.4649, avg_seen_mae=1.6777, avg_unseen_mae=1.7808]
    Epoch 954:  [avg_train_loss=3.4649, avg_seen_mae=1.6777, avg_unseen_mae=1.7808]
    Epoch 955:  [avg_train_loss=3.4649, avg_seen_mae=1.6777, avg_unseen_mae=1.7808]
    Epoch 956:  [avg_train_loss=3.4649, avg_seen_mae=1.6777, avg_unseen_mae=1.7808]
    Epoch 957:  [avg_train_loss=3.4649, avg_seen_mae=1.6777, avg_unseen_mae=1.7808]
    Epoch 958:  [avg_train_loss=3.4649, avg_seen_mae=1.6777, avg_unseen_mae=1.7808]
    Epoch 959:  [avg_train_loss=3.4649, avg_seen_mae=1.6777, avg_unseen_mae=1.7808]
    Epoch 960:  [avg_train_loss=3.4649, avg_seen_mae=1.6777, avg_unseen_mae=1.7808]
    Epoch 961:  [avg_train_loss=3.4649, avg_seen_mae=1.6777, avg_unseen_mae=1.7808]
    Epoch 962:  [avg_train_loss=3.4649, avg_seen_mae=1.6777, avg_unseen_mae=1.7808]
    Epoch 963:  [avg_train_loss=3.4649, avg_seen_mae=1.6777, avg_unseen_mae=1.7808]
    Epoch 964:  [avg_train_loss=3.4649, avg_seen_mae=1.6777, avg_unseen_mae=1.7808]
    Epoch 965:  [avg_train_loss=3.4649, avg_seen_mae=1.6777, avg_unseen_mae=1.7808]
    Epoch 966:  [avg_train_loss=3.4649, avg_seen_mae=1.6777, avg_unseen_mae=1.7808]
    Epoch 967:  [avg_train_loss=3.4649, avg_seen_mae=1.6777, avg_unseen_mae=1.7808]
    Epoch 968:  [avg_train_loss=3.4649, avg_seen_mae=1.6777, avg_unseen_mae=1.7808]
    Epoch 969:  [avg_train_loss=3.4649, avg_seen_mae=1.6777, avg_unseen_mae=1.7808]
    Epoch 970:  [avg_train_loss=3.4649, avg_seen_mae=1.6777, avg_unseen_mae=1.7808]
    Epoch 971:  [avg_train_loss=3.4649, avg_seen_mae=1.6777, avg_unseen_mae=1.7808]
    Epoch 972:  [avg_train_loss=3.4649, avg_seen_mae=1.6777, avg_unseen_mae=1.7808]
    Epoch 973:  [avg_train_loss=3.4649, avg_seen_mae=1.6777, avg_unseen_mae=1.7808]
    Epoch 974:  [avg_train_loss=3.4649, avg_seen_mae=1.6777, avg_unseen_mae=1.7808]
    Epoch 975:  [avg_train_loss=3.4649, avg_seen_mae=1.6777, avg_unseen_mae=1.7808]
    Epoch 976:  [avg_train_loss=3.4649, avg_seen_mae=1.6777, avg_unseen_mae=1.7808]
    Epoch 977:  [avg_train_loss=3.4649, avg_seen_mae=1.6777, avg_unseen_mae=1.7808]
    Epoch 978:  [avg_train_loss=3.4649, avg_seen_mae=1.6777, avg_unseen_mae=1.7808]
    Epoch 979:  [avg_train_loss=3.4649, avg_seen_mae=1.6777, avg_unseen_mae=1.7808]
    Epoch 980:  [avg_train_loss=3.4649, avg_seen_mae=1.6777, avg_unseen_mae=1.7808]
    Epoch 981:  [avg_train_loss=3.4649, avg_seen_mae=1.6777, avg_unseen_mae=1.7808]
    Epoch 982:  [avg_train_loss=3.4649, avg_seen_mae=1.6777, avg_unseen_mae=1.7808]
    Epoch 983:  [avg_train_loss=3.4649, avg_seen_mae=1.6777, avg_unseen_mae=1.7808]
    Epoch 984:  [avg_train_loss=3.4649, avg_seen_mae=1.6777, avg_unseen_mae=1.7808]
    Epoch 985:  [avg_train_loss=3.4649, avg_seen_mae=1.6777, avg_unseen_mae=1.7808]
    Epoch 986:  [avg_train_loss=3.4649, avg_seen_mae=1.6777, avg_unseen_mae=1.7808]
    Epoch 987:  [avg_train_loss=3.4649, avg_seen_mae=1.6777, avg_unseen_mae=1.7808]
    Epoch 988:  [avg_train_loss=3.4649, avg_seen_mae=1.6777, avg_unseen_mae=1.7808]
    Epoch 989:  [avg_train_loss=3.4649, avg_seen_mae=1.6777, avg_unseen_mae=1.7808]
    Epoch 990:  [avg_train_loss=3.4649, avg_seen_mae=1.6777, avg_unseen_mae=1.7808]
    Epoch 991:  [avg_train_loss=3.4649, avg_seen_mae=1.6777, avg_unseen_mae=1.7808]
    Epoch 992:  [avg_train_loss=3.4649, avg_seen_mae=1.6777, avg_unseen_mae=1.7808]
    Epoch 993:  [avg_train_loss=3.4649, avg_seen_mae=1.6777, avg_unseen_mae=1.7808]
    Epoch 994:  [avg_train_loss=3.4649, avg_seen_mae=1.6777, avg_unseen_mae=1.7808]
    Epoch 995:  [avg_train_loss=3.4649, avg_seen_mae=1.6777, avg_unseen_mae=1.7808]
    Epoch 996:  [avg_train_loss=3.4649, avg_seen_mae=1.6777, avg_unseen_mae=1.7808]
    Epoch 997:  [avg_train_loss=3.4649, avg_seen_mae=1.6777, avg_unseen_mae=1.7808]
    Epoch 998:  [avg_train_loss=3.4649, avg_seen_mae=1.6777, avg_unseen_mae=1.7808]
    Epoch 999:  [avg_train_loss=3.4649, avg_seen_mae=1.6777, avg_unseen_mae=1.7808]
    Epoch 1000:  [avg_train_loss=3.4649, avg_seen_mae=1.6777, avg_unseen_mae=1.7808]
  [AGGREGATED_CURVES_END]


==================================================
  FINAL DEGRADATION CURVE
==================================================
  m	Seen MAE	Unseen MAE	Baseline
  0	1.6528		nan		nan
  1	1.6875		1.7086		2.0890
  3	1.6805		1.7111		2.0796
  5	1.7040		1.7262		2.0489
  10	1.6803		1.7515		2.1017
  15	1.6864		1.7575		2.0957
